t_ms,solar_norm,eolica_norm,duty_solar,duty_eolica,laps_solar,laps_eolica,finished,reset_evt
0,0.000000,0.800000,0.000000,0.800000,0,0,0,0
5,0.000092,0.800000,0.000092,0.800000,0,0,0,0
10,0.000183,0.800000,0.000183,0.800000,0,0,0,0
15,0.000275,0.800000,0.000275,0.800000,0,0,0,0
20,0.000367,0.800000,0.000367,0.800000,0,0,0,0
25,0.000458,0.800000,0.000458,0.800000,0,0,0,0
30,0.000550,0.800000,0.000550,0.800000,0,0,0,0
35,0.000642,0.800000,0.000642,0.800000,0,0,0,0
40,0.000733,0.800000,0.000733,0.800000,0,0,0,0
45,0.000825,0.800000,0.000825,0.800000,0,0,0,0
50,0.000917,0.800000,0.000917,0.800000,0,0,0,0
55,0.001008,0.800000,0.001008,0.800000,0,0,0,0
60,0.001100,0.800000,0.001100,0.800000,0,0,0,0
65,0.001192,0.800000,0.001192,0.800000,0,0,0,0
70,0.001283,0.800000,0.001283,0.800000,0,0,0,0
75,0.001375,0.800000,0.001375,0.800000,0,0,0,0
80,0.001467,0.800000,0.001467,0.800000,0,0,0,0
85,0.001558,0.800000,0.001558,0.800000,0,0,0,0
90,0.001650,0.800000,0.001650,0.800000,0,0,0,0
95,0.001742,0.800000,0.001742,0.800000,0,0,0,0
100,0.001833,0.800000,0.001833,0.800000,0,0,0,0
105,0.001925,0.800000,0.001925,0.800000,0,0,0,0
110,0.002017,0.800000,0.002017,0.800000,0,0,0,0
115,0.002108,0.800000,0.002108,0.800000,0,0,0,0
120,0.002200,0.800000,0.002200,0.800000,0,0,0,0
125,0.002292,0.800000,0.002292,0.800000,0,0,0,0
130,0.002383,0.800000,0.002383,0.800000,0,0,0,0
135,0.002475,0.800000,0.002475,0.800000,0,0,0,0
140,0.002567,0.800000,0.002567,0.800000,0,0,0,0
145,0.002658,0.800000,0.002658,0.800000,0,0,0,0
150,0.002750,0.800000,0.002750,0.800000,0,0,0,0
155,0.002842,0.800000,0.002842,0.800000,0,0,0,0
160,0.002933,0.800000,0.002933,0.800000,0,0,0,0
165,0.003025,0.800000,0.003025,0.800000,0,0,0,0
170,0.003117,0.800000,0.003117,0.800000,0,0,0,0
175,0.003208,0.800000,0.003208,0.800000,0,0,0,0
180,0.003300,0.800000,0.003300,0.800000,0,0,0,0
185,0.003392,0.800000,0.003392,0.800000,0,0,0,0
190,0.003483,0.800000,0.003483,0.800000,0,0,0,0
195,0.003575,0.800000,0.003575,0.800000,0,0,0,0
200,0.003667,0.800000,0.003667,0.800000,0,0,0,0
205,0.003758,0.800000,0.003758,0.800000,0,0,0,0
210,0.003850,0.800000,0.003850,0.800000,0,0,0,0
215,0.003942,0.800000,0.003942,0.800000,0,0,0,0
220,0.004033,0.800000,0.004033,0.800000,0,0,0,0
225,0.004125,0.800000,0.004125,0.800000,0,0,0,0
230,0.004217,0.800000,0.004217,0.800000,0,0,0,0
235,0.004308,0.800000,0.004308,0.800000,0,0,0,0
240,0.004400,0.800000,0.004400,0.800000,0,0,0,0
245,0.004492,0.800000,0.004492,0.800000,0,0,0,0
250,0.004583,0.800000,0.004583,0.800000,0,0,0,0
255,0.004675,0.800000,0.004675,0.800000,0,0,0,0
260,0.004767,0.800000,0.004767,0.800000,0,0,0,0
265,0.004858,0.800000,0.004858,0.800000,0,0,0,0
270,0.004950,0.800000,0.004950,0.800000,0,0,0,0
275,0.005042,0.800000,0.005042,0.800000,0,0,0,0
280,0.005133,0.800000,0.005133,0.800000,0,0,0,0
285,0.005225,0.800000,0.005225,0.800000,0,0,0,0
290,0.005317,0.800000,0.005317,0.800000,0,0,0,0
295,0.005408,0.800000,0.005408,0.800000,0,0,0,0
300,0.005500,0.800000,0.005500,0.800000,0,0,0,0
305,0.005592,0.800000,0.005592,0.800000,0,0,0,0
310,0.005683,0.800000,0.005683,0.800000,0,0,0,0
315,0.005775,0.800000,0.005775,0.800000,0,0,0,0
320,0.005867,0.800000,0.005867,0.800000,0,0,0,0
325,0.005958,0.800000,0.005958,0.800000,0,0,0,0
330,0.006050,0.800000,0.006050,0.800000,0,0,0,0
335,0.006142,0.800000,0.006142,0.800000,0,0,0,0
340,0.006233,0.800000,0.006233,0.800000,0,0,0,0
345,0.006325,0.800000,0.006325,0.800000,0,0,0,0
350,0.006417,0.800000,0.006417,0.800000,0,0,0,0
355,0.006508,0.800000,0.006508,0.800000,0,0,0,0
360,0.006600,0.800000,0.006600,0.800000,0,0,0,0
365,0.006692,0.800000,0.006692,0.800000,0,0,0,0
370,0.006783,0.800000,0.006783,0.800000,0,0,0,0
375,0.006875,0.800000,0.006875,0.800000,0,0,0,0
380,0.006967,0.800000,0.006967,0.800000,0,0,0,0
385,0.007058,0.800000,0.007058,0.800000,0,0,0,0
390,0.007150,0.800000,0.007150,0.800000,0,0,0,0
395,0.007242,0.800000,0.007242,0.800000,0,0,0,0
400,0.007333,0.800000,0.007333,0.800000,0,0,0,0
405,0.007425,0.800000,0.007425,0.800000,0,0,0,0
410,0.007517,0.800000,0.007517,0.800000,0,0,0,0
415,0.007608,0.800000,0.007608,0.800000,0,0,0,0
420,0.007700,0.800000,0.007700,0.800000,0,0,0,0
425,0.007792,0.800000,0.007792,0.800000,0,0,0,0
430,0.007883,0.800000,0.007883,0.800000,0,0,0,0
435,0.007975,0.800000,0.007975,0.800000,0,0,0,0
440,0.008067,0.800000,0.008067,0.800000,0,0,0,0
445,0.008158,0.800000,0.008158,0.800000,0,0,0,0
450,0.008250,0.800000,0.008250,0.800000,0,0,0,0
455,0.008342,0.800000,0.008342,0.800000,0,0,0,0
460,0.008433,0.800000,0.008433,0.800000,0,0,0,0
465,0.008525,0.800000,0.008525,0.800000,0,0,0,0
470,0.008617,0.800000,0.008617,0.800000,0,0,0,0
475,0.008708,0.800000,0.008708,0.800000,0,0,0,0
480,0.008800,0.800000,0.008800,0.800000,0,0,0,0
485,0.008892,0.800000,0.008892,0.800000,0,0,0,0
490,0.008983,0.800000,0.008983,0.800000,0,0,0,0
495,0.009075,0.800000,0.009075,0.800000,0,0,0,0
500,0.009167,0.800000,0.009167,0.800000,0,0,0,0
505,0.009258,0.800000,0.009258,0.800000,0,0,0,0
510,0.009350,0.800000,0.009350,0.800000,0,0,0,0
515,0.009442,0.800000,0.009442,0.800000,0,0,0,0
520,0.009533,0.800000,0.009533,0.800000,0,0,0,0
525,0.009625,0.800000,0.009625,0.800000,0,0,0,0
530,0.009717,0.800000,0.009717,0.800000,0,0,0,0
535,0.009808,0.800000,0.009808,0.800000,0,0,0,0
540,0.009900,0.800000,0.009900,0.800000,0,0,0,0
545,0.009992,0.800000,0.009992,0.800000,0,0,0,0
550,0.010083,0.800000,0.010083,0.800000,0,0,0,0
555,0.010175,0.800000,0.010175,0.800000,0,0,0,0
560,0.010267,0.800000,0.010267,0.800000,0,0,0,0
565,0.010358,0.800000,0.010358,0.800000,0,0,0,0
570,0.010450,0.800000,0.010450,0.800000,0,0,0,0
575,0.010542,0.800000,0.010542,0.800000,0,0,0,0
580,0.010633,0.800000,0.010633,0.800000,0,0,0,0
585,0.010725,0.800000,0.010725,0.800000,0,0,0,0
590,0.010817,0.800000,0.010817,0.800000,0,0,0,0
595,0.010908,0.800000,0.010908,0.800000,0,0,0,0
600,0.011000,0.800000,0.011000,0.800000,0,0,0,0
605,0.011092,0.800000,0.011092,0.800000,0,0,0,0
610,0.011183,0.800000,0.011183,0.800000,0,0,0,0
615,0.011275,0.800000,0.011275,0.800000,0,0,0,0
620,0.011367,0.800000,0.011367,0.800000,0,0,0,0
625,0.011458,0.800000,0.011458,0.800000,0,0,0,0
630,0.011550,0.800000,0.011550,0.800000,0,0,0,0
635,0.011642,0.800000,0.011642,0.800000,0,0,0,0
640,0.011733,0.800000,0.011733,0.800000,0,0,0,0
645,0.011825,0.800000,0.011825,0.800000,0,0,0,0
650,0.011917,0.800000,0.011917,0.800000,0,0,0,0
655,0.012008,0.800000,0.012008,0.800000,0,0,0,0
660,0.012100,0.800000,0.012100,0.800000,0,0,0,0
665,0.012192,0.800000,0.012192,0.800000,0,0,0,0
670,0.012283,0.800000,0.012283,0.800000,0,0,0,0
675,0.012375,0.800000,0.012375,0.800000,0,0,0,0
680,0.012467,0.800000,0.012467,0.800000,0,0,0,0
685,0.012558,0.800000,0.012558,0.800000,0,0,0,0
690,0.012650,0.800000,0.012650,0.800000,0,0,0,0
695,0.012742,0.800000,0.012742,0.800000,0,0,0,0
700,0.012833,0.800000,0.012833,0.800000,0,0,0,0
705,0.012925,0.800000,0.012925,0.800000,0,0,0,0
710,0.013017,0.800000,0.013017,0.800000,0,0,0,0
715,0.013108,0.800000,0.013108,0.800000,0,0,0,0
720,0.013200,0.800000,0.013200,0.800000,0,0,0,0
725,0.013292,0.800000,0.013292,0.800000,0,0,0,0
730,0.013383,0.800000,0.013383,0.800000,0,0,0,0
735,0.013475,0.800000,0.013475,0.800000,0,0,0,0
740,0.013567,0.800000,0.013567,0.800000,0,0,0,0
745,0.013658,0.800000,0.013658,0.800000,0,0,0,0
750,0.013750,0.800000,0.013750,0.800000,0,0,0,0
755,0.013842,0.800000,0.013842,0.800000,0,0,0,0
760,0.013933,0.800000,0.013933,0.800000,0,0,0,0
765,0.014025,0.800000,0.014025,0.800000,0,0,0,0
770,0.014117,0.800000,0.014117,0.800000,0,0,0,0
775,0.014208,0.800000,0.014208,0.800000,0,0,0,0
780,0.014300,0.800000,0.014300,0.800000,0,0,0,0
785,0.014392,0.800000,0.014392,0.800000,0,0,0,0
790,0.014483,0.800000,0.014483,0.800000,0,0,0,0
795,0.014575,0.800000,0.014575,0.800000,0,0,0,0
800,0.026667,0.800000,0.026667,0.800000,0,0,0,0
805,0.026833,0.800000,0.026833,0.800000,0,0,0,0
810,0.027000,0.800000,0.027000,0.800000,0,0,0,0
815,0.027167,0.800000,0.027167,0.800000,0,0,0,0
820,0.027333,0.800000,0.027333,0.800000,0,0,0,0
825,0.027500,0.800000,0.027500,0.800000,0,0,0,0
830,0.027667,0.800000,0.027667,0.800000,0,0,0,0
835,0.027833,0.800000,0.027833,0.800000,0,0,0,0
840,0.028000,0.800000,0.028000,0.800000,0,0,0,0
845,0.028167,0.800000,0.028167,0.800000,0,0,0,0
850,0.028333,0.800000,0.028333,0.800000,0,0,0,0
855,0.028500,0.800000,0.028500,0.800000,0,0,0,0
860,0.028667,0.800000,0.028667,0.800000,0,0,0,0
865,0.028833,0.800000,0.028833,0.800000,0,0,0,0
870,0.029000,0.800000,0.029000,0.800000,0,0,0,0
875,0.029167,0.800000,0.029167,0.800000,0,0,0,0
880,0.029333,0.800000,0.029333,0.800000,0,0,0,0
885,0.029500,0.800000,0.029500,0.800000,0,0,0,0
890,0.029667,0.800000,0.029667,0.800000,0,0,0,0
895,0.029833,0.800000,0.029833,0.800000,0,0,0,0
900,0.030000,0.800000,0.030000,0.800000,0,0,0,0
905,0.030167,0.800000,0.030167,0.800000,0,0,0,0
910,0.030333,0.800000,0.030333,0.800000,0,0,0,0
915,0.030500,0.800000,0.030500,0.800000,0,0,0,0
920,0.030667,0.800000,0.030667,0.800000,0,0,0,0
925,0.030833,0.800000,0.030833,0.800000,0,0,0,0
930,0.031000,0.800000,0.031000,0.800000,0,0,0,0
935,0.031167,0.800000,0.031167,0.800000,0,0,0,0
940,0.031333,0.800000,0.031333,0.800000,0,0,0,0
945,0.031500,0.800000,0.031500,0.800000,0,0,0,0
950,0.031667,0.800000,0.031667,0.800000,0,0,0,0
955,0.031833,0.800000,0.031833,0.800000,0,0,0,0
960,0.032000,0.800000,0.032000,0.800000,0,0,0,0
965,0.032167,0.800000,0.032167,0.800000,0,0,0,0
970,0.032333,0.800000,0.032333,0.800000,0,0,0,0
975,0.032500,0.800000,0.032500,0.800000,0,0,0,0
980,0.032667,0.800000,0.032667,0.800000,0,0,0,0
985,0.032833,0.800000,0.032833,0.800000,0,0,0,0
990,0.033000,0.800000,0.033000,0.800000,0,0,0,0
995,0.033167,0.800000,0.033167,0.800000,0,0,0,0
1000,0.033333,0.250000,0.033333,0.250000,0,0,0,0
1005,0.033500,0.250000,0.033500,0.250000,0,0,0,0
1010,0.033667,0.250000,0.033667,0.250000,0,0,0,0
1015,0.033833,0.250000,0.033833,0.250000,0,0,0,0
1020,0.034000,0.250000,0.034000,0.250000,0,0,0,0
1025,0.034167,0.250000,0.034167,0.250000,0,0,0,0
1030,0.034333,0.250000,0.034333,0.250000,0,0,0,0
1035,0.034500,0.250000,0.034500,0.250000,0,0,0,0
1040,0.034667,0.250000,0.034667,0.250000,0,0,0,0
1045,0.034833,0.250000,0.034833,0.250000,0,0,0,0
1050,0.035000,0.250000,0.035000,0.250000,0,0,0,0
1055,0.035167,0.250000,0.035167,0.250000,0,0,0,0
1060,0.035333,0.250000,0.035333,0.250000,0,0,0,0
1065,0.035500,0.250000,0.035500,0.250000,0,0,0,0
1070,0.035667,0.250000,0.035667,0.250000,0,0,0,0
1075,0.035833,0.250000,0.035833,0.250000,0,0,0,0
1080,0.036000,0.250000,0.036000,0.250000,0,0,0,0
1085,0.036167,0.250000,0.036167,0.250000,0,0,0,0
1090,0.036333,0.250000,0.036333,0.250000,0,0,0,0
1095,0.036500,0.250000,0.036500,0.250000,0,0,0,0
1100,0.036667,0.250000,0.036667,0.250000,0,0,0,0
1105,0.036833,0.250000,0.036833,0.250000,0,0,0,0
1110,0.037000,0.250000,0.037000,0.250000,0,0,0,0
1115,0.037167,0.250000,0.037167,0.250000,0,0,0,0
1120,0.037333,0.250000,0.037333,0.250000,0,0,0,0
1125,0.037500,0.250000,0.037500,0.250000,0,0,0,0
1130,0.037667,0.250000,0.037667,0.250000,0,0,0,0
1135,0.037833,0.250000,0.037833,0.250000,0,0,0,0
1140,0.038000,0.250000,0.038000,0.250000,0,0,0,0
1145,0.038167,0.250000,0.038167,0.250000,0,0,0,0
1150,0.038333,0.250000,0.038333,0.250000,0,0,0,0
1155,0.038500,0.250000,0.038500,0.250000,0,0,0,0
1160,0.038667,0.250000,0.038667,0.250000,0,0,0,0
1165,0.038833,0.250000,0.038833,0.250000,0,0,0,0
1170,0.039000,0.250000,0.039000,0.250000,0,0,0,0
1175,0.039167,0.250000,0.039167,0.250000,0,0,0,0
1180,0.039333,0.250000,0.039333,0.250000,0,0,0,0
1185,0.039500,0.250000,0.039500,0.250000,0,0,0,0
1190,0.039667,0.250000,0.039667,0.250000,0,0,0,0
1195,0.039833,0.250000,0.039833,0.250000,0,0,0,0
1200,0.040000,0.250000,0.040000,0.250000,0,0,0,0
1205,0.040167,0.250000,0.040167,0.250000,0,0,0,0
1210,0.040333,0.250000,0.040333,0.250000,0,0,0,0
1215,0.040500,0.250000,0.040500,0.250000,0,0,0,0
1220,0.040667,0.250000,0.040667,0.250000,0,0,0,0
1225,0.040833,0.250000,0.040833,0.250000,0,0,0,0
1230,0.041000,0.250000,0.041000,0.250000,0,0,0,0
1235,0.041167,0.250000,0.041167,0.250000,0,0,0,0
1240,0.041333,0.250000,0.041333,0.250000,0,0,0,0
1245,0.041500,0.250000,0.041500,0.250000,0,0,0,0
1250,0.041667,0.250000,0.041667,0.250000,0,0,0,0
1255,0.041833,0.250000,0.041833,0.250000,0,0,0,0
1260,0.042000,0.250000,0.042000,0.250000,0,0,0,0
1265,0.042167,0.250000,0.042167,0.250000,0,0,0,0
1270,0.042333,0.250000,0.042333,0.250000,0,0,0,0
1275,0.042500,0.250000,0.042500,0.250000,0,0,0,0
1280,0.042667,0.250000,0.042667,0.250000,0,0,0,0
1285,0.042833,0.250000,0.042833,0.250000,0,0,0,0
1290,0.043000,0.250000,0.043000,0.250000,0,0,0,0
1295,0.043167,0.250000,0.043167,0.250000,0,0,0,0
1300,0.043333,0.250000,0.043333,0.250000,0,0,0,0
1305,0.043500,0.250000,0.043500,0.250000,0,0,0,0
1310,0.043667,0.250000,0.043667,0.250000,0,0,0,0
1315,0.043833,0.250000,0.043833,0.250000,0,0,0,0
1320,0.044000,0.250000,0.044000,0.250000,0,0,0,0
1325,0.044167,0.250000,0.044167,0.250000,0,0,0,0
1330,0.044333,0.250000,0.044333,0.250000,0,0,0,0
1335,0.044500,0.250000,0.044500,0.250000,0,0,0,0
1340,0.044667,0.250000,0.044667,0.250000,0,0,0,0
1345,0.044833,0.250000,0.044833,0.250000,0,0,0,0
1350,0.045000,0.250000,0.045000,0.250000,0,0,0,0
1355,0.045167,0.250000,0.045167,0.250000,0,0,0,0
1360,0.045333,0.250000,0.045333,0.250000,0,0,0,0
1365,0.045500,0.250000,0.045500,0.250000,0,0,0,0
1370,0.045667,0.250000,0.045667,0.250000,0,0,0,0
1375,0.045833,0.250000,0.045833,0.250000,0,0,0,0
1380,0.046000,0.250000,0.046000,0.250000,0,0,0,0
1385,0.046167,0.250000,0.046167,0.250000,0,0,0,0
1390,0.046333,0.250000,0.046333,0.250000,0,0,0,0
1395,0.046500,0.250000,0.046500,0.250000,0,0,0,0
1400,0.046667,0.250000,0.046667,0.250000,0,0,0,0
1405,0.046833,0.250000,0.046833,0.250000,0,0,0,0
1410,0.047000,0.250000,0.047000,0.250000,0,0,0,0
1415,0.047167,0.250000,0.047167,0.250000,0,0,0,0
1420,0.047333,0.250000,0.047333,0.250000,0,0,0,0
1425,0.047500,0.250000,0.047500,0.250000,0,0,0,0
1430,0.047667,0.250000,0.047667,0.250000,0,0,0,0
1435,0.047833,0.250000,0.047833,0.250000,0,0,0,0
1440,0.048000,0.250000,0.048000,0.250000,0,0,0,0
1445,0.048167,0.250000,0.048167,0.250000,0,0,0,0
1450,0.048333,0.250000,0.048333,0.250000,0,0,0,0
1455,0.048500,0.250000,0.048500,0.250000,0,0,0,0
1460,0.048667,0.250000,0.048667,0.250000,0,0,0,0
1465,0.048833,0.250000,0.048833,0.250000,0,0,0,0
1470,0.049000,0.250000,0.049000,0.250000,0,0,0,0
1475,0.049167,0.250000,0.049167,0.250000,0,0,0,0
1480,0.049333,0.250000,0.049333,0.250000,0,0,0,0
1485,0.049500,0.250000,0.049500,0.250000,0,0,0,0
1490,0.049667,0.250000,0.049667,0.250000,0,0,0,0
1495,0.049833,0.250000,0.049833,0.250000,0,0,0,0
1500,0.050000,0.250000,0.050000,0.250000,0,0,0,0
1505,0.050167,0.250000,0.050167,0.250000,0,0,0,0
1510,0.050333,0.250000,0.050333,0.250000,0,0,0,0
1515,0.050500,0.250000,0.050500,0.250000,0,0,0,0
1520,0.050667,0.250000,0.050667,0.250000,0,0,0,0
1525,0.050833,0.250000,0.050833,0.250000,0,0,0,0
1530,0.051000,0.250000,0.051000,0.250000,0,0,0,0
1535,0.051167,0.250000,0.051167,0.250000,0,0,0,0
1540,0.051333,0.250000,0.051333,0.250000,0,0,0,0
1545,0.051500,0.250000,0.051500,0.250000,0,0,0,0
1550,0.051667,0.250000,0.051667,0.250000,0,0,0,0
1555,0.051833,0.250000,0.051833,0.250000,0,0,0,0
1560,0.052000,0.250000,0.052000,0.250000,0,0,0,0
1565,0.052167,0.250000,0.052167,0.250000,0,0,0,0
1570,0.052333,0.250000,0.052333,0.250000,0,0,0,0
1575,0.052500,0.250000,0.052500,0.250000,0,0,0,0
1580,0.052667,0.250000,0.052667,0.250000,0,0,0,0
1585,0.052833,0.250000,0.052833,0.250000,0,0,0,0
1590,0.053000,0.250000,0.053000,0.250000,0,0,0,0
1595,0.053167,0.250000,0.053167,0.250000,0,0,0,0
1600,0.053333,0.250000,0.053333,0.250000,0,0,0,0
1605,0.053500,0.250000,0.053500,0.250000,0,0,0,0
1610,0.053667,0.250000,0.053667,0.250000,0,0,0,0
1615,0.053833,0.250000,0.053833,0.250000,0,0,0,0
1620,0.054000,0.250000,0.054000,0.250000,0,0,0,0
1625,0.054167,0.250000,0.054167,0.250000,0,0,0,0
1630,0.054333,0.250000,0.054333,0.250000,0,0,0,0
1635,0.054500,0.250000,0.054500,0.250000,0,0,0,0
1640,0.054667,0.250000,0.054667,0.250000,0,0,0,0
1645,0.054833,0.250000,0.054833,0.250000,0,0,0,0
1650,0.055000,0.250000,0.055000,0.250000,0,0,0,0
1655,0.055167,0.250000,0.055167,0.250000,0,0,0,0
1660,0.055333,0.250000,0.055333,0.250000,0,0,0,0
1665,0.055500,0.250000,0.055500,0.250000,0,0,0,0
1670,0.055667,0.250000,0.055667,0.250000,0,0,0,0
1675,0.055833,0.250000,0.055833,0.250000,0,0,0,0
1680,0.056000,0.250000,0.056000,0.250000,0,0,0,0
1685,0.056167,0.250000,0.056167,0.250000,0,0,0,0
1690,0.056333,0.250000,0.056333,0.250000,0,0,0,0
1695,0.056500,0.250000,0.056500,0.250000,0,0,0,0
1700,0.056667,0.250000,0.056667,0.250000,0,0,0,0
1705,0.056833,0.250000,0.056833,0.250000,0,0,0,0
1710,0.057000,0.250000,0.057000,0.250000,0,0,0,0
1715,0.057167,0.250000,0.057167,0.250000,0,0,0,0
1720,0.057333,0.250000,0.057333,0.250000,0,0,0,0
1725,0.057500,0.250000,0.057500,0.250000,0,0,0,0
1730,0.057667,0.250000,0.057667,0.250000,0,0,0,0
1735,0.057833,0.250000,0.057833,0.250000,0,0,0,0
1740,0.058000,0.250000,0.058000,0.250000,0,0,0,0
1745,0.058167,0.250000,0.058167,0.250000,0,0,0,0
1750,0.058333,0.250000,0.058333,0.250000,0,0,0,0
1755,0.058500,0.250000,0.058500,0.250000,0,0,0,0
1760,0.058667,0.250000,0.058667,0.250000,0,0,0,0
1765,0.058833,0.250000,0.058833,0.250000,0,0,0,0
1770,0.059000,0.250000,0.059000,0.250000,0,0,0,0
1775,0.059167,0.250000,0.059167,0.250000,0,0,0,0
1780,0.059333,0.250000,0.059333,0.250000,0,0,0,0
1785,0.059500,0.250000,0.059500,0.250000,0,0,0,0
1790,0.059667,0.250000,0.059667,0.250000,0,0,0,0
1795,0.059833,0.250000,0.059833,0.250000,0,0,0,0
1800,0.060000,0.250000,0.060000,0.250000,0,0,0,0
1805,0.060167,0.250000,0.060167,0.250000,0,0,0,0
1810,0.060333,0.250000,0.060333,0.250000,0,0,0,0
1815,0.060500,0.250000,0.060500,0.250000,0,0,0,0
1820,0.060667,0.250000,0.060667,0.250000,0,0,0,0
1825,0.060833,0.250000,0.060833,0.250000,0,0,0,0
1830,0.061000,0.250000,0.061000,0.250000,0,0,0,0
1835,0.061167,0.250000,0.061167,0.250000,0,0,0,0
1840,0.061333,0.250000,0.061333,0.250000,0,0,0,0
1845,0.061500,0.250000,0.061500,0.250000,0,0,0,0
1850,0.061667,0.250000,0.061667,0.250000,0,0,0,0
1855,0.061833,0.250000,0.061833,0.250000,0,0,0,0
1860,0.062000,0.250000,0.062000,0.250000,0,0,0,0
1865,0.062167,0.250000,0.062167,0.250000,0,0,0,0
1870,0.062333,0.250000,0.062333,0.250000,0,0,0,0
1875,0.062500,0.250000,0.062500,0.250000,0,0,0,0
1880,0.062667,0.250000,0.062667,0.250000,0,0,0,0
1885,0.062833,0.250000,0.062833,0.250000,0,0,0,0
1890,0.063000,0.250000,0.063000,0.250000,0,0,0,0
1895,0.063167,0.250000,0.063167,0.250000,0,0,0,0
1900,0.063333,0.250000,0.063333,0.250000,0,0,0,0
1905,0.063500,0.250000,0.063500,0.250000,0,0,0,0
1910,0.063667,0.250000,0.063667,0.250000,0,0,0,0
1915,0.063833,0.250000,0.063833,0.250000,0,0,0,0
1920,0.064000,0.250000,0.064000,0.250000,0,0,0,0
1925,0.064167,0.250000,0.064167,0.250000,0,0,0,0
1930,0.064333,0.250000,0.064333,0.250000,0,0,0,0
1935,0.064500,0.250000,0.064500,0.250000,0,0,0,0
1940,0.064667,0.250000,0.064667,0.250000,0,0,0,0
1945,0.064833,0.250000,0.064833,0.250000,0,0,0,0
1950,0.065000,0.250000,0.065000,0.250000,0,0,0,0
1955,0.065167,0.250000,0.065167,0.250000,0,0,0,0
1960,0.065333,0.250000,0.065333,0.250000,0,0,0,0
1965,0.065500,0.250000,0.065500,0.250000,0,0,0,0
1970,0.065667,0.250000,0.065667,0.250000,0,0,0,0
1975,0.065833,0.250000,0.065833,0.250000,0,0,0,0
1980,0.066000,0.250000,0.066000,0.250000,0,0,0,0
1985,0.066167,0.250000,0.066167,0.250000,0,0,0,0
1990,0.066333,0.250000,0.066333,0.250000,0,0,0,0
1995,0.066500,0.250000,0.066500,0.250000,0,0,0,0
2000,0.066667,0.250000,0.066667,0.250000,0,0,0,0
2005,0.066833,0.250000,0.066833,0.250000,0,0,0,0
2010,0.067000,0.250000,0.067000,0.250000,0,0,0,0
2015,0.067167,0.250000,0.067167,0.250000,0,0,0,0
2020,0.067333,0.250000,0.067333,0.250000,0,0,0,0
2025,0.067500,0.250000,0.067500,0.250000,0,0,0,0
2030,0.067667,0.250000,0.067667,0.250000,0,0,0,0
2035,0.067833,0.250000,0.067833,0.250000,0,0,0,0
2040,0.068000,0.250000,0.068000,0.250000,0,0,0,0
2045,0.068167,0.250000,0.068167,0.250000,0,0,0,0
2050,0.068333,0.250000,0.068333,0.250000,0,0,0,0
2055,0.068500,0.250000,0.068500,0.250000,0,0,0,0
2060,0.068667,0.250000,0.068667,0.250000,0,0,0,0
2065,0.068833,0.250000,0.068833,0.250000,0,0,0,0
2070,0.069000,0.250000,0.069000,0.250000,0,0,0,0
2075,0.069167,0.250000,0.069167,0.250000,0,0,0,0
2080,0.069333,0.250000,0.069333,0.250000,0,0,0,0
2085,0.069500,0.250000,0.069500,0.250000,0,0,0,0
2090,0.069667,0.250000,0.069667,0.250000,0,0,0,0
2095,0.069833,0.250000,0.069833,0.250000,0,0,0,0
2100,0.070000,0.250000,0.070000,0.250000,0,0,0,0
2105,0.070167,0.250000,0.070167,0.250000,0,0,0,0
2110,0.070333,0.250000,0.070333,0.250000,0,0,0,0
2115,0.070500,0.250000,0.070500,0.250000,0,0,0,0
2120,0.070667,0.250000,0.070667,0.250000,0,0,0,0
2125,0.070833,0.250000,0.070833,0.250000,0,0,0,0
2130,0.071000,0.250000,0.071000,0.250000,0,0,0,0
2135,0.071167,0.250000,0.071167,0.250000,0,0,0,0
2140,0.071333,0.250000,0.071333,0.250000,0,0,0,0
2145,0.071500,0.250000,0.071500,0.250000,0,0,0,0
2150,0.071667,0.250000,0.071667,0.250000,0,0,0,0
2155,0.071833,0.250000,0.071833,0.250000,0,0,0,0
2160,0.072000,0.250000,0.072000,0.250000,0,0,0,0
2165,0.072167,0.250000,0.072167,0.250000,0,0,0,0
2170,0.072333,0.250000,0.072333,0.250000,0,0,0,0
2175,0.072500,0.250000,0.072500,0.250000,0,0,0,0
2180,0.072667,0.250000,0.072667,0.250000,0,0,0,0
2185,0.072833,0.250000,0.072833,0.250000,0,0,0,0
2190,0.073000,0.250000,0.073000,0.250000,0,0,0,0
2195,0.073167,0.250000,0.073167,0.250000,0,0,0,0
2200,0.073333,0.250000,0.073333,0.250000,0,0,0,0
2205,0.073500,0.250000,0.073500,0.250000,0,0,0,0
2210,0.073667,0.250000,0.073667,0.250000,0,0,0,0
2215,0.073833,0.250000,0.073833,0.250000,0,0,0,0
2220,0.074000,0.250000,0.074000,0.250000,0,0,0,0
2225,0.074167,0.250000,0.074167,0.250000,0,0,0,0
2230,0.074333,0.250000,0.074333,0.250000,0,0,0,0
2235,0.074500,0.250000,0.074500,0.250000,0,0,0,0
2240,0.074667,0.250000,0.074667,0.250000,0,0,0,0
2245,0.074833,0.250000,0.074833,0.250000,0,0,0,0
2250,0.075000,0.250000,0.075000,0.250000,0,0,0,0
2255,0.075167,0.250000,0.075167,0.250000,0,0,0,0
2260,0.075333,0.250000,0.075333,0.250000,0,0,0,0
2265,0.075500,0.250000,0.075500,0.250000,0,0,0,0
2270,0.075667,0.250000,0.075667,0.250000,0,0,0,0
2275,0.075833,0.250000,0.075833,0.250000,0,0,0,0
2280,0.076000,0.250000,0.076000,0.250000,0,0,0,0
2285,0.076167,0.250000,0.076167,0.250000,0,0,0,0
2290,0.076333,0.250000,0.076333,0.250000,0,0,0,0
2295,0.076500,0.250000,0.076500,0.250000,0,0,0,0
2300,0.076667,0.250000,0.076667,0.250000,0,0,0,0
2305,0.076833,0.250000,0.076833,0.250000,0,0,0,0
2310,0.077000,0.250000,0.077000,0.250000,0,0,0,0
2315,0.077167,0.250000,0.077167,0.250000,0,0,0,0
2320,0.077333,0.250000,0.077333,0.250000,0,0,0,0
2325,0.077500,0.250000,0.077500,0.250000,0,0,0,0
2330,0.077667,0.250000,0.077667,0.250000,0,0,0,0
2335,0.077833,0.250000,0.077833,0.250000,0,0,0,0
2340,0.078000,0.250000,0.078000,0.250000,0,0,0,0
2345,0.078167,0.250000,0.078167,0.250000,0,0,0,0
2350,0.078333,0.250000,0.078333,0.250000,0,0,0,0
2355,0.078500,0.250000,0.078500,0.250000,0,0,0,0
2360,0.078667,0.250000,0.078667,0.250000,0,0,0,0
2365,0.078833,0.250000,0.078833,0.250000,0,0,0,0
2370,0.079000,0.250000,0.079000,0.250000,0,0,0,0
2375,0.079167,0.250000,0.079167,0.250000,0,0,0,0
2380,0.079333,0.250000,0.079333,0.250000,0,0,0,0
2385,0.079500,0.250000,0.079500,0.250000,0,0,0,0
2390,0.079667,0.250000,0.079667,0.250000,0,0,0,0
2395,0.079833,0.250000,0.079833,0.250000,0,0,0,0
2400,0.080000,0.250000,0.080000,0.250000,0,0,0,0
2405,0.080167,0.250000,0.080167,0.250000,0,0,0,0
2410,0.080333,0.250000,0.080333,0.250000,0,0,0,0
2415,0.080500,0.250000,0.080500,0.250000,0,0,0,0
2420,0.080667,0.250000,0.080667,0.250000,0,0,0,0
2425,0.080833,0.250000,0.080833,0.250000,0,0,0,0
2430,0.081000,0.250000,0.081000,0.250000,0,0,0,0
2435,0.081167,0.250000,0.081167,0.250000,0,0,0,0
2440,0.081333,0.250000,0.081333,0.250000,0,0,0,0
2445,0.081500,0.250000,0.081500,0.250000,0,0,0,0
2450,0.081667,0.250000,0.081667,0.250000,0,0,0,0
2455,0.081833,0.250000,0.081833,0.250000,0,0,0,0
2460,0.082000,0.250000,0.082000,0.250000,0,0,0,0
2465,0.082167,0.250000,0.082167,0.250000,0,0,0,0
2470,0.082333,0.250000,0.082333,0.250000,0,0,0,0
2475,0.082500,0.250000,0.082500,0.250000,0,0,0,0
2480,0.082667,0.250000,0.082667,0.250000,0,0,0,0
2485,0.082833,0.250000,0.082833,0.250000,0,0,0,0
2490,0.083000,0.250000,0.083000,0.250000,0,0,0,0
2495,0.083167,0.250000,0.083167,0.250000,0,0,0,0
2500,0.083333,0.250000,0.083333,0.250000,0,0,0,0
2505,0.083500,0.250000,0.083500,0.250000,0,0,0,0
2510,0.083667,0.250000,0.083667,0.250000,0,0,0,0
2515,0.083833,0.250000,0.083833,0.250000,0,0,0,0
2520,0.084000,0.250000,0.084000,0.250000,0,0,0,0
2525,0.084167,0.250000,0.084167,0.250000,0,0,0,0
2530,0.084333,0.250000,0.084333,0.250000,0,0,0,0
2535,0.084500,0.250000,0.084500,0.250000,0,0,0,0
2540,0.084667,0.250000,0.084667,0.250000,0,0,0,0
2545,0.084833,0.250000,0.084833,0.250000,0,0,0,0
2550,0.085000,0.250000,0.085000,0.250000,0,0,0,0
2555,0.085167,0.250000,0.085167,0.250000,0,0,0,0
2560,0.085333,0.250000,0.085333,0.250000,0,0,0,0
2565,0.085500,0.250000,0.085500,0.250000,0,0,0,0
2570,0.085667,0.250000,0.085667,0.250000,0,0,0,0
2575,0.085833,0.250000,0.085833,0.250000,0,0,0,0
2580,0.086000,0.250000,0.086000,0.250000,0,0,0,0
2585,0.086167,0.250000,0.086167,0.250000,0,0,0,0
2590,0.086333,0.250000,0.086333,0.250000,0,0,0,0
2595,0.086500,0.250000,0.086500,0.250000,0,0,0,0
2600,0.086667,0.250000,0.086667,0.250000,0,0,0,0
2605,0.086833,0.250000,0.086833,0.250000,0,0,0,0
2610,0.087000,0.250000,0.087000,0.250000,0,0,0,0
2615,0.087167,0.250000,0.087167,0.250000,0,0,0,0
2620,0.087333,0.250000,0.087333,0.250000,0,0,0,0
2625,0.087500,0.250000,0.087500,0.250000,0,0,0,0
2630,0.087667,0.250000,0.087667,0.250000,0,0,0,0
2635,0.087833,0.250000,0.087833,0.250000,0,0,0,0
2640,0.088000,0.250000,0.088000,0.250000,0,0,0,0
2645,0.088167,0.250000,0.088167,0.250000,0,0,0,0
2650,0.088333,0.250000,0.088333,0.250000,0,0,0,0
2655,0.088500,0.250000,0.088500,0.250000,0,0,0,0
2660,0.088667,0.250000,0.088667,0.250000,0,0,0,0
2665,0.088833,0.250000,0.088833,0.250000,0,0,0,0
2670,0.089000,0.250000,0.089000,0.250000,0,0,0,0
2675,0.089167,0.250000,0.089167,0.250000,0,0,0,0
2680,0.089333,0.250000,0.089333,0.250000,0,0,0,0
2685,0.089500,0.250000,0.089500,0.250000,0,0,0,0
2690,0.089667,0.250000,0.089667,0.250000,0,0,0,0
2695,0.089833,0.250000,0.089833,0.250000,0,0,0,0
2700,0.090000,0.250000,0.090000,0.250000,0,0,0,0
2705,0.090167,0.250000,0.090167,0.250000,0,0,0,0
2710,0.090333,0.250000,0.090333,0.250000,0,0,0,0
2715,0.090500,0.250000,0.090500,0.250000,0,0,0,0
2720,0.090667,0.250000,0.090667,0.250000,0,0,0,0
2725,0.090833,0.250000,0.090833,0.250000,0,0,0,0
2730,0.091000,0.250000,0.091000,0.250000,0,0,0,0
2735,0.091167,0.250000,0.091167,0.250000,0,0,0,0
2740,0.091333,0.250000,0.091333,0.250000,0,0,0,0
2745,0.091500,0.250000,0.091500,0.250000,0,0,0,0
2750,0.091667,0.250000,0.091667,0.250000,0,0,0,0
2755,0.091833,0.250000,0.091833,0.250000,0,0,0,0
2760,0.092000,0.250000,0.092000,0.250000,0,0,0,0
2765,0.092167,0.250000,0.092167,0.250000,0,0,0,0
2770,0.092333,0.250000,0.092333,0.250000,0,0,0,0
2775,0.092500,0.250000,0.092500,0.250000,0,0,0,0
2780,0.092667,0.250000,0.092667,0.250000,0,0,0,0
2785,0.092833,0.250000,0.092833,0.250000,0,0,0,0
2790,0.093000,0.250000,0.093000,0.250000,0,0,0,0
2795,0.093167,0.250000,0.093167,0.250000,0,0,0,0
2800,0.093333,0.250000,0.093333,0.250000,0,0,0,0
2805,0.093500,0.250000,0.093500,0.250000,0,0,0,0
2810,0.093667,0.250000,0.093667,0.250000,0,0,0,0
2815,0.093833,0.250000,0.093833,0.250000,0,0,0,0
2820,0.094000,0.250000,0.094000,0.250000,0,0,0,0
2825,0.094167,0.250000,0.094167,0.250000,0,0,0,0
2830,0.094333,0.250000,0.094333,0.250000,0,0,0,0
2835,0.094500,0.250000,0.094500,0.250000,0,0,0,0
2840,0.094667,0.250000,0.094667,0.250000,0,0,0,0
2845,0.094833,0.250000,0.094833,0.250000,0,0,0,0
2850,0.095000,0.250000,0.095000,0.250000,0,0,0,0
2855,0.095167,0.250000,0.095167,0.250000,0,0,0,0
2860,0.095333,0.250000,0.095333,0.250000,0,0,0,0
2865,0.095500,0.250000,0.095500,0.250000,0,0,0,0
2870,0.095667,0.250000,0.095667,0.250000,0,0,0,0
2875,0.095833,0.250000,0.095833,0.250000,0,0,0,0
2880,0.096000,0.250000,0.096000,0.250000,0,0,0,0
2885,0.096167,0.250000,0.096167,0.250000,0,0,0,0
2890,0.096333,0.250000,0.096333,0.250000,0,0,0,0
2895,0.096500,0.250000,0.096500,0.250000,0,0,0,0
2900,0.096667,0.250000,0.096667,0.250000,0,0,0,0
2905,0.096833,0.250000,0.096833,0.250000,0,0,0,0
2910,0.097000,0.250000,0.097000,0.250000,0,0,0,0
2915,0.097167,0.250000,0.097167,0.250000,0,0,0,0
2920,0.097333,0.250000,0.097333,0.250000,0,0,0,0
2925,0.097500,0.250000,0.097500,0.250000,0,0,0,0
2930,0.097667,0.250000,0.097667,0.250000,0,0,0,0
2935,0.097833,0.250000,0.097833,0.250000,0,0,0,0
2940,0.098000,0.250000,0.098000,0.250000,0,0,0,0
2945,0.098167,0.250000,0.098167,0.250000,0,0,0,0
2950,0.098333,0.250000,0.098333,0.250000,0,0,0,0
2955,0.098500,0.250000,0.098500,0.250000,0,0,0,0
2960,0.098667,0.250000,0.098667,0.250000,0,0,0,0
2965,0.098833,0.250000,0.098833,0.250000,0,0,0,0
2970,0.099000,0.250000,0.099000,0.250000,0,0,0,0
2975,0.099167,0.250000,0.099167,0.250000,0,0,0,0
2980,0.099333,0.250000,0.099333,0.250000,0,0,0,0
2985,0.099500,0.250000,0.099500,0.250000,0,0,0,0
2990,0.099667,0.250000,0.099667,0.250000,0,0,0,0
2995,0.099833,0.250000,0.099833,0.250000,0,0,0,0
3000,0.100000,0.250000,0.100000,0.250000,0,0,0,0
3005,0.100167,0.250000,0.100167,0.250000,0,0,0,0
3010,0.100333,0.250000,0.100333,0.250000,0,0,0,0
3015,0.100500,0.250000,0.100500,0.250000,0,0,0,0
3020,0.100667,0.250000,0.100667,0.250000,0,0,0,0
3025,0.100833,0.250000,0.100833,0.250000,0,0,0,0
3030,0.101000,0.250000,0.101000,0.250000,0,0,0,0
3035,0.101167,0.250000,0.101167,0.250000,0,0,0,0
3040,0.101333,0.250000,0.101333,0.250000,0,0,0,0
3045,0.101500,0.250000,0.101500,0.250000,0,0,0,0
3050,0.101667,0.250000,0.101667,0.250000,0,0,0,0
3055,0.101833,0.250000,0.101833,0.250000,0,0,0,0
3060,0.102000,0.250000,0.102000,0.250000,0,0,0,0
3065,0.102167,0.250000,0.102167,0.250000,0,0,0,0
3070,0.102333,0.250000,0.102333,0.250000,0,0,0,0
3075,0.102500,0.250000,0.102500,0.250000,0,0,0,0
3080,0.102667,0.250000,0.102667,0.250000,0,0,0,0
3085,0.102833,0.250000,0.102833,0.250000,0,0,0,0
3090,0.103000,0.250000,0.103000,0.250000,0,0,0,0
3095,0.103167,0.250000,0.103167,0.250000,0,0,0,0
3100,0.103333,0.250000,0.103333,0.250000,0,0,0,0
3105,0.103500,0.250000,0.103500,0.250000,0,0,0,0
3110,0.103667,0.250000,0.103667,0.250000,0,0,0,0
3115,0.103833,0.250000,0.103833,0.250000,0,0,0,0
3120,0.104000,0.250000,0.104000,0.250000,0,0,0,0
3125,0.104167,0.250000,0.104167,0.250000,0,0,0,0
3130,0.104333,0.250000,0.104333,0.250000,0,0,0,0
3135,0.104500,0.250000,0.104500,0.250000,0,0,0,0
3140,0.104667,0.250000,0.104667,0.250000,0,0,0,0
3145,0.104833,0.250000,0.104833,0.250000,0,0,0,0
3150,0.105000,0.250000,0.105000,0.250000,0,0,0,0
3155,0.105167,0.250000,0.105167,0.250000,0,0,0,0
3160,0.105333,0.250000,0.105333,0.250000,0,0,0,0
3165,0.105500,0.250000,0.105500,0.250000,0,0,0,0
3170,0.105667,0.250000,0.105667,0.250000,0,0,0,0
3175,0.105833,0.250000,0.105833,0.250000,0,0,0,0
3180,0.106000,0.250000,0.106000,0.250000,0,0,0,0
3185,0.106167,0.250000,0.106167,0.250000,0,0,0,0
3190,0.106333,0.250000,0.106333,0.250000,0,0,0,0
3195,0.106500,0.250000,0.106500,0.250000,0,0,0,0
3200,0.106667,0.250000,0.106667,0.250000,0,0,0,0
3205,0.106833,0.250000,0.106833,0.250000,0,0,0,0
3210,0.107000,0.250000,0.107000,0.250000,0,0,0,0
3215,0.107167,0.250000,0.107167,0.250000,0,0,0,0
3220,0.107333,0.250000,0.107333,0.250000,0,0,0,0
3225,0.107500,0.250000,0.107500,0.250000,0,0,0,0
3230,0.107667,0.250000,0.107667,0.250000,0,0,0,0
3235,0.107833,0.250000,0.107833,0.250000,0,0,0,0
3240,0.108000,0.250000,0.108000,0.250000,0,0,0,0
3245,0.108167,0.250000,0.108167,0.250000,0,0,0,0
3250,0.108333,0.250000,0.108333,0.250000,0,0,0,0
3255,0.108500,0.250000,0.108500,0.250000,0,0,0,0
3260,0.108667,0.250000,0.108667,0.250000,0,0,0,0
3265,0.108833,0.250000,0.108833,0.250000,0,0,0,0
3270,0.109000,0.250000,0.109000,0.250000,0,0,0,0
3275,0.109167,0.250000,0.109167,0.250000,0,0,0,0
3280,0.109333,0.250000,0.109333,0.250000,0,0,0,0
3285,0.109500,0.250000,0.109500,0.250000,0,0,0,0
3290,0.109667,0.250000,0.109667,0.250000,0,0,0,0
3295,0.109833,0.250000,0.109833,0.250000,0,0,0,0
3300,0.110000,0.250000,0.110000,0.250000,0,0,0,0
3305,0.110167,0.250000,0.110167,0.250000,0,0,0,0
3310,0.110333,0.250000,0.110333,0.250000,0,0,0,0
3315,0.110500,0.250000,0.110500,0.250000,0,0,0,0
3320,0.110667,0.250000,0.110667,0.250000,0,0,0,0
3325,0.110833,0.250000,0.110833,0.250000,0,0,0,0
3330,0.111000,0.250000,0.111000,0.250000,0,0,0,0
3335,0.111167,0.250000,0.111167,0.250000,0,0,0,0
3340,0.111333,0.250000,0.111333,0.250000,0,0,0,0
3345,0.111500,0.250000,0.111500,0.250000,0,0,0,0
3350,0.111667,0.250000,0.111667,0.250000,0,0,0,0
3355,0.111833,0.250000,0.111833,0.250000,0,0,0,0
3360,0.112000,0.250000,0.112000,0.250000,0,0,0,0
3365,0.112167,0.250000,0.112167,0.250000,0,0,0,0
3370,0.112333,0.250000,0.112333,0.250000,0,0,0,0
3375,0.112500,0.250000,0.112500,0.250000,0,0,0,0
3380,0.112667,0.250000,0.112667,0.250000,0,0,0,0
3385,0.112833,0.250000,0.112833,0.250000,0,0,0,0
3390,0.113000,0.250000,0.113000,0.250000,0,0,0,0
3395,0.113167,0.250000,0.113167,0.250000,0,0,0,0
3400,0.113333,0.250000,0.113333,0.250000,0,0,0,0
3405,0.113500,0.250000,0.113500,0.250000,0,0,0,0
3410,0.113667,0.250000,0.113667,0.250000,0,0,0,0
3415,0.113833,0.250000,0.113833,0.250000,0,0,0,0
3420,0.114000,0.250000,0.114000,0.250000,0,0,0,0
3425,0.114167,0.250000,0.114167,0.250000,0,0,0,0
3430,0.114333,0.250000,0.114333,0.250000,0,0,0,0
3435,0.114500,0.250000,0.114500,0.250000,0,0,0,0
3440,0.114667,0.250000,0.114667,0.250000,0,0,0,0
3445,0.114833,0.250000,0.114833,0.250000,0,0,0,0
3450,0.115000,0.250000,0.115000,0.250000,0,0,0,0
3455,0.115167,0.250000,0.115167,0.250000,0,0,0,0
3460,0.115333,0.250000,0.115333,0.250000,0,0,0,0
3465,0.115500,0.250000,0.115500,0.250000,0,0,0,0
3470,0.115667,0.250000,0.115667,0.250000,0,0,0,0
3475,0.115833,0.250000,0.115833,0.250000,0,0,0,0
3480,0.116000,0.250000,0.116000,0.250000,0,0,0,0
3485,0.116167,0.250000,0.116167,0.250000,0,0,0,0
3490,0.116333,0.250000,0.116333,0.250000,0,0,0,0
3495,0.116500,0.250000,0.116500,0.250000,0,0,0,0
3500,0.116667,0.250000,0.116667,0.250000,0,0,0,0
3505,0.116833,0.250000,0.116833,0.250000,0,0,0,0
3510,0.117000,0.250000,0.117000,0.250000,0,0,0,0
3515,0.117167,0.250000,0.117167,0.250000,0,0,0,0
3520,0.117333,0.250000,0.117333,0.250000,0,0,0,0
3525,0.117500,0.250000,0.117500,0.250000,0,0,0,0
3530,0.117667,0.250000,0.117667,0.250000,0,0,0,0
3535,0.117833,0.250000,0.117833,0.250000,0,0,0,0
3540,0.118000,0.250000,0.118000,0.250000,0,0,0,0
3545,0.118167,0.250000,0.118167,0.250000,0,0,0,0
3550,0.118333,0.250000,0.118333,0.250000,0,0,0,0
3555,0.118500,0.250000,0.118500,0.250000,0,0,0,0
3560,0.118667,0.250000,0.118667,0.250000,0,0,0,0
3565,0.118833,0.250000,0.118833,0.250000,0,0,0,0
3570,0.119000,0.250000,0.119000,0.250000,0,0,0,0
3575,0.119167,0.250000,0.119167,0.250000,0,0,0,0
3580,0.119333,0.250000,0.119333,0.250000,0,0,0,0
3585,0.119500,0.250000,0.119500,0.250000,0,0,0,0
3590,0.119667,0.250000,0.119667,0.250000,0,0,0,0
3595,0.119833,0.250000,0.119833,0.250000,0,0,0,0
3600,0.120000,0.250000,0.120000,0.250000,0,0,0,0
3605,0.120167,0.250000,0.120167,0.250000,0,0,0,0
3610,0.120333,0.250000,0.120333,0.250000,0,0,0,0
3615,0.120500,0.250000,0.120500,0.250000,0,0,0,0
3620,0.120667,0.250000,0.120667,0.250000,0,0,0,0
3625,0.120833,0.250000,0.120833,0.250000,0,0,0,0
3630,0.121000,0.250000,0.121000,0.250000,0,0,0,0
3635,0.121167,0.250000,0.121167,0.250000,0,0,0,0
3640,0.121333,0.250000,0.121333,0.250000,0,0,0,0
3645,0.121500,0.250000,0.121500,0.250000,0,0,0,0
3650,0.121667,0.250000,0.121667,0.250000,0,0,0,0
3655,0.121833,0.250000,0.121833,0.250000,0,0,0,0
3660,0.122000,0.250000,0.122000,0.250000,0,0,0,0
3665,0.122167,0.250000,0.122167,0.250000,0,0,0,0
3670,0.122333,0.250000,0.122333,0.250000,0,0,0,0
3675,0.122500,0.250000,0.122500,0.250000,0,0,0,0
3680,0.122667,0.250000,0.122667,0.250000,0,0,0,0
3685,0.122833,0.250000,0.122833,0.250000,0,0,0,0
3690,0.123000,0.250000,0.123000,0.250000,0,0,0,0
3695,0.123167,0.250000,0.123167,0.250000,0,0,0,0
3700,0.123333,0.250000,0.123333,0.250000,0,0,0,0
3705,0.123500,0.250000,0.123500,0.250000,0,0,0,0
3710,0.123667,0.250000,0.123667,0.250000,0,0,0,0
3715,0.123833,0.250000,0.123833,0.250000,0,0,0,0
3720,0.124000,0.250000,0.124000,0.250000,0,0,0,0
3725,0.124167,0.250000,0.124167,0.250000,0,0,0,0
3730,0.124333,0.250000,0.124333,0.250000,0,0,0,0
3735,0.124500,0.250000,0.124500,0.250000,0,0,0,0
3740,0.124667,0.250000,0.124667,0.250000,0,0,0,0
3745,0.124833,0.250000,0.124833,0.250000,0,0,0,0
3750,0.125000,0.250000,0.125000,0.250000,0,0,0,0
3755,0.125167,0.250000,0.125167,0.250000,0,0,0,0
3760,0.125333,0.250000,0.125333,0.250000,0,0,0,0
3765,0.125500,0.250000,0.125500,0.250000,0,0,0,0
3770,0.125667,0.250000,0.125667,0.250000,0,0,0,0
3775,0.125833,0.250000,0.125833,0.250000,0,0,0,0
3780,0.126000,0.250000,0.126000,0.250000,0,0,0,0
3785,0.126167,0.250000,0.126167,0.250000,0,0,0,0
3790,0.126333,0.250000,0.126333,0.250000,0,0,0,0
3795,0.126500,0.250000,0.126500,0.250000,0,0,0,0
3800,0.126667,0.250000,0.126667,0.250000,0,0,0,0
3805,0.126833,0.250000,0.126833,0.250000,0,0,0,0
3810,0.127000,0.250000,0.127000,0.250000,0,0,0,0
3815,0.127167,0.250000,0.127167,0.250000,0,0,0,0
3820,0.127333,0.250000,0.127333,0.250000,0,0,0,0
3825,0.127500,0.250000,0.127500,0.250000,0,0,0,0
3830,0.127667,0.250000,0.127667,0.250000,0,0,0,0
3835,0.127833,0.250000,0.127833,0.250000,0,0,0,0
3840,0.128000,0.250000,0.128000,0.250000,0,0,0,0
3845,0.128167,0.250000,0.128167,0.250000,0,0,0,0
3850,0.128333,0.250000,0.128333,0.250000,0,0,0,0
3855,0.128500,0.250000,0.128500,0.250000,0,0,0,0
3860,0.128667,0.250000,0.128667,0.250000,0,0,0,0
3865,0.128833,0.250000,0.128833,0.250000,0,0,0,0
3870,0.129000,0.250000,0.129000,0.250000,0,0,0,0
3875,0.129167,0.250000,0.129167,0.250000,0,0,0,0
3880,0.129333,0.250000,0.129333,0.250000,0,0,0,0
3885,0.129500,0.250000,0.129500,0.250000,0,0,0,0
3890,0.129667,0.250000,0.129667,0.250000,0,0,0,0
3895,0.129833,0.250000,0.129833,0.250000,0,0,0,0
3900,0.130000,0.250000,0.130000,0.250000,0,0,0,0
3905,0.130167,0.250000,0.130167,0.250000,0,0,0,0
3910,0.130333,0.250000,0.130333,0.250000,0,0,0,0
3915,0.130500,0.250000,0.130500,0.250000,0,0,0,0
3920,0.130667,0.250000,0.130667,0.250000,0,0,0,0
3925,0.130833,0.250000,0.130833,0.250000,0,0,0,0
3930,0.131000,0.250000,0.131000,0.250000,0,0,0,0
3935,0.131167,0.250000,0.131167,0.250000,0,0,0,0
3940,0.131333,0.250000,0.131333,0.250000,0,0,0,0
3945,0.131500,0.250000,0.131500,0.250000,0,0,0,0
3950,0.131667,0.250000,0.131667,0.250000,0,0,0,0
3955,0.131833,0.250000,0.131833,0.250000,0,0,0,0
3960,0.132000,0.250000,0.132000,0.250000,0,0,0,0
3965,0.132167,0.250000,0.132167,0.250000,0,0,0,0
3970,0.132333,0.250000,0.132333,0.250000,0,0,0,0
3975,0.132500,0.250000,0.132500,0.250000,0,0,0,0
3980,0.132667,0.250000,0.132667,0.250000,0,0,0,0
3985,0.132833,0.250000,0.132833,0.250000,0,0,0,0
3990,0.133000,0.250000,0.133000,0.250000,0,0,0,0
3995,0.133167,0.250000,0.133167,0.250000,0,0,0,0
4000,0.133333,0.250000,0.133333,0.250000,0,0,0,0
4005,0.133500,0.250000,0.133500,0.250000,0,0,0,0
4010,0.133667,0.250000,0.133667,0.250000,0,0,0,0
4015,0.133833,0.250000,0.133833,0.250000,0,0,0,0
4020,0.134000,0.250000,0.134000,0.250000,0,0,0,0
4025,0.134167,0.250000,0.134167,0.250000,0,0,0,0
4030,0.134333,0.250000,0.134333,0.250000,0,0,0,0
4035,0.134500,0.250000,0.134500,0.250000,0,0,0,0
4040,0.134667,0.250000,0.134667,0.250000,0,0,0,0
4045,0.134833,0.250000,0.134833,0.250000,0,0,0,0
4050,0.135000,0.250000,0.135000,0.250000,0,0,0,0
4055,0.135167,0.250000,0.135167,0.250000,0,0,0,0
4060,0.135333,0.250000,0.135333,0.250000,0,0,0,0
4065,0.135500,0.250000,0.135500,0.250000,0,0,0,0
4070,0.135667,0.250000,0.135667,0.250000,0,0,0,0
4075,0.135833,0.250000,0.135833,0.250000,0,0,0,0
4080,0.136000,0.250000,0.136000,0.250000,0,0,0,0
4085,0.136167,0.250000,0.136167,0.250000,0,0,0,0
4090,0.136333,0.250000,0.136333,0.250000,0,0,0,0
4095,0.136500,0.250000,0.136500,0.250000,0,0,0,0
4100,0.136667,0.250000,0.136667,0.250000,0,0,0,0
4105,0.136833,0.250000,0.136833,0.250000,0,0,0,0
4110,0.137000,0.250000,0.137000,0.250000,0,0,0,0
4115,0.137167,0.250000,0.137167,0.250000,0,0,0,0
4120,0.137333,0.250000,0.137333,0.250000,0,0,0,0
4125,0.137500,0.250000,0.137500,0.250000,0,0,0,0
4130,0.137667,0.250000,0.137667,0.250000,0,0,0,0
4135,0.137833,0.250000,0.137833,0.250000,0,0,0,0
4140,0.138000,0.250000,0.138000,0.250000,0,0,0,0
4145,0.138167,0.250000,0.138167,0.250000,0,0,0,0
4150,0.138333,0.250000,0.138333,0.250000,0,0,0,0
4155,0.138500,0.250000,0.138500,0.250000,0,0,0,0
4160,0.138667,0.250000,0.138667,0.250000,0,0,0,0
4165,0.138833,0.250000,0.138833,0.250000,0,0,0,0
4170,0.139000,0.250000,0.139000,0.250000,0,0,0,0
4175,0.139167,0.250000,0.139167,0.250000,0,0,0,0
4180,0.139333,0.250000,0.139333,0.250000,0,0,0,0
4185,0.139500,0.250000,0.139500,0.250000,0,0,0,0
4190,0.139667,0.250000,0.139667,0.250000,0,0,0,0
4195,0.139833,0.250000,0.139833,0.250000,0,0,0,0
4200,0.140000,0.250000,0.140000,0.250000,0,0,0,0
4205,0.140167,0.250000,0.140167,0.250000,0,0,0,0
4210,0.140333,0.250000,0.140333,0.250000,0,0,0,0
4215,0.140500,0.250000,0.140500,0.250000,0,0,0,0
4220,0.140667,0.250000,0.140667,0.250000,0,0,0,0
4225,0.140833,0.250000,0.140833,0.250000,0,0,0,0
4230,0.141000,0.250000,0.141000,0.250000,0,0,0,0
4235,0.141167,0.250000,0.141167,0.250000,0,0,0,0
4240,0.141333,0.250000,0.141333,0.250000,0,0,0,0
4245,0.141500,0.250000,0.141500,0.250000,0,0,0,0
4250,0.141667,0.250000,0.141667,0.250000,0,0,0,0
4255,0.141833,0.250000,0.141833,0.250000,0,0,0,0
4260,0.142000,0.250000,0.142000,0.250000,0,0,0,0
4265,0.142167,0.250000,0.142167,0.250000,0,0,0,0
4270,0.142333,0.250000,0.142333,0.250000,0,0,0,0
4275,0.142500,0.250000,0.142500,0.250000,0,0,0,0
4280,0.142667,0.250000,0.142667,0.250000,0,0,0,0
4285,0.142833,0.250000,0.142833,0.250000,0,0,0,0
4290,0.143000,0.250000,0.143000,0.250000,0,0,0,0
4295,0.143167,0.250000,0.143167,0.250000,0,0,0,0
4300,0.143333,0.250000,0.143333,0.250000,0,0,0,0
4305,0.143500,0.250000,0.143500,0.250000,0,0,0,0
4310,0.143667,0.250000,0.143667,0.250000,0,0,0,0
4315,0.143833,0.250000,0.143833,0.250000,0,0,0,0
4320,0.144000,0.250000,0.144000,0.250000,0,0,0,0
4325,0.144167,0.250000,0.144167,0.250000,0,0,0,0
4330,0.144333,0.250000,0.144333,0.250000,0,0,0,0
4335,0.144500,0.250000,0.144500,0.250000,0,0,0,0
4340,0.144667,0.250000,0.144667,0.250000,0,0,0,0
4345,0.144833,0.250000,0.144833,0.250000,0,0,0,0
4350,0.145000,0.250000,0.145000,0.250000,0,0,0,0
4355,0.145167,0.250000,0.145167,0.250000,0,0,0,0
4360,0.145333,0.250000,0.145333,0.250000,0,0,0,0
4365,0.145500,0.250000,0.145500,0.250000,0,0,0,0
4370,0.145667,0.250000,0.145667,0.250000,0,0,0,0
4375,0.145833,0.250000,0.145833,0.250000,0,0,0,0
4380,0.146000,0.250000,0.146000,0.250000,0,0,0,0
4385,0.146167,0.250000,0.146167,0.250000,0,0,0,0
4390,0.146333,0.250000,0.146333,0.250000,0,0,0,0
4395,0.146500,0.250000,0.146500,0.250000,0,0,0,0
4400,0.146667,0.250000,0.146667,0.250000,0,0,0,0
4405,0.146833,0.250000,0.146833,0.250000,0,0,0,0
4410,0.147000,0.250000,0.147000,0.250000,0,0,0,0
4415,0.147167,0.250000,0.147167,0.250000,0,0,0,0
4420,0.147333,0.250000,0.147333,0.250000,0,0,0,0
4425,0.147500,0.250000,0.147500,0.250000,0,0,0,0
4430,0.147667,0.250000,0.147667,0.250000,0,0,0,0
4435,0.147833,0.250000,0.147833,0.250000,0,0,0,0
4440,0.148000,0.250000,0.148000,0.250000,0,0,0,0
4445,0.148167,0.250000,0.148167,0.250000,0,0,0,0
4450,0.148333,0.250000,0.148333,0.250000,0,0,0,0
4455,0.148500,0.250000,0.148500,0.250000,0,0,0,0
4460,0.148667,0.250000,0.148667,0.250000,0,0,0,0
4465,0.148833,0.250000,0.148833,0.250000,0,0,0,0
4470,0.149000,0.250000,0.149000,0.250000,0,0,0,0
4475,0.149167,0.250000,0.149167,0.250000,0,0,0,0
4480,0.149333,0.250000,0.149333,0.250000,0,0,0,0
4485,0.149500,0.250000,0.149500,0.250000,0,0,0,0
4490,0.149667,0.250000,0.149667,0.250000,0,0,0,0
4495,0.149833,0.250000,0.149833,0.250000,0,0,0,0
4500,0.150000,0.250000,0.150000,0.250000,0,0,0,0
4505,0.150167,0.250000,0.150167,0.250000,0,0,0,0
4510,0.150333,0.250000,0.150333,0.250000,0,0,0,0
4515,0.150500,0.250000,0.150500,0.250000,0,0,0,0
4520,0.150667,0.250000,0.150667,0.250000,0,0,0,0
4525,0.150833,0.250000,0.150833,0.250000,0,0,0,0
4530,0.151000,0.250000,0.151000,0.250000,0,0,0,0
4535,0.151167,0.250000,0.151167,0.250000,0,0,0,0
4540,0.151333,0.250000,0.151333,0.250000,0,0,0,0
4545,0.151500,0.250000,0.151500,0.250000,0,0,0,0
4550,0.151667,0.250000,0.151667,0.250000,0,0,0,0
4555,0.151833,0.250000,0.151833,0.250000,0,0,0,0
4560,0.152000,0.250000,0.152000,0.250000,0,0,0,0
4565,0.152167,0.250000,0.152167,0.250000,0,0,0,0
4570,0.152333,0.250000,0.152333,0.250000,0,0,0,0
4575,0.152500,0.250000,0.152500,0.250000,0,0,0,0
4580,0.152667,0.250000,0.152667,0.250000,0,0,0,0
4585,0.152833,0.250000,0.152833,0.250000,0,0,0,0
4590,0.153000,0.250000,0.153000,0.250000,0,0,0,0
4595,0.153167,0.250000,0.153167,0.250000,0,0,0,0
4600,0.153333,0.250000,0.153333,0.250000,0,0,0,0
4605,0.153500,0.250000,0.153500,0.250000,0,0,0,0
4610,0.153667,0.250000,0.153667,0.250000,0,0,0,0
4615,0.153833,0.250000,0.153833,0.250000,0,0,0,0
4620,0.154000,0.250000,0.154000,0.250000,0,0,0,0
4625,0.154167,0.250000,0.154167,0.250000,0,0,0,0
4630,0.154333,0.250000,0.154333,0.250000,0,0,0,0
4635,0.154500,0.250000,0.154500,0.250000,0,0,0,0
4640,0.154667,0.250000,0.154667,0.250000,0,0,0,0
4645,0.154833,0.250000,0.154833,0.250000,0,0,0,0
4650,0.155000,0.250000,0.155000,0.250000,0,0,0,0
4655,0.155167,0.250000,0.155167,0.250000,0,0,0,0
4660,0.155333,0.250000,0.155333,0.250000,0,0,0,0
4665,0.155500,0.250000,0.155500,0.250000,0,0,0,0
4670,0.155667,0.250000,0.155667,0.250000,0,0,0,0
4675,0.155833,0.250000,0.155833,0.250000,0,0,0,0
4680,0.156000,0.250000,0.156000,0.250000,0,0,0,0
4685,0.156167,0.250000,0.156167,0.250000,0,0,0,0
4690,0.156333,0.250000,0.156333,0.250000,0,0,0,0
4695,0.156500,0.250000,0.156500,0.250000,0,0,0,0
4700,0.156667,0.250000,0.156667,0.250000,0,0,0,0
4705,0.156833,0.250000,0.156833,0.250000,0,0,0,0
4710,0.157000,0.250000,0.157000,0.250000,0,0,0,0
4715,0.157167,0.250000,0.157167,0.250000,0,0,0,0
4720,0.157333,0.250000,0.157333,0.250000,0,0,0,0
4725,0.157500,0.250000,0.157500,0.250000,0,0,0,0
4730,0.157667,0.250000,0.157667,0.250000,0,0,0,0
4735,0.157833,0.250000,0.157833,0.250000,0,0,0,0
4740,0.158000,0.250000,0.158000,0.250000,0,0,0,0
4745,0.158167,0.250000,0.158167,0.250000,0,0,0,0
4750,0.158333,0.250000,0.158333,0.250000,0,0,0,0
4755,0.158500,0.250000,0.158500,0.250000,0,0,0,0
4760,0.158667,0.250000,0.158667,0.250000,0,0,0,0
4765,0.158833,0.250000,0.158833,0.250000,0,0,0,0
4770,0.159000,0.250000,0.159000,0.250000,0,0,0,0
4775,0.159167,0.250000,0.159167,0.250000,0,0,0,0
4780,0.159333,0.250000,0.159333,0.250000,0,0,0,0
4785,0.159500,0.250000,0.159500,0.250000,0,0,0,0
4790,0.159667,0.250000,0.159667,0.250000,0,0,0,0
4795,0.159833,0.250000,0.159833,0.250000,0,0,0,0
4800,0.160000,0.250000,0.160000,0.250000,0,0,0,0
4805,0.160167,0.250000,0.160167,0.250000,0,0,0,0
4810,0.160333,0.250000,0.160333,0.250000,0,0,0,0
4815,0.160500,0.250000,0.160500,0.250000,0,0,0,0
4820,0.160667,0.250000,0.160667,0.250000,0,0,0,0
4825,0.160833,0.250000,0.160833,0.250000,0,0,0,0
4830,0.161000,0.250000,0.161000,0.250000,0,0,0,0
4835,0.161167,0.250000,0.161167,0.250000,0,0,0,0
4840,0.161333,0.250000,0.161333,0.250000,0,0,0,0
4845,0.161500,0.250000,0.161500,0.250000,0,0,0,0
4850,0.161667,0.250000,0.161667,0.250000,0,0,0,0
4855,0.161833,0.250000,0.161833,0.250000,0,0,0,0
4860,0.162000,0.250000,0.162000,0.250000,0,0,0,0
4865,0.162167,0.250000,0.162167,0.250000,0,0,0,0
4870,0.162333,0.250000,0.162333,0.250000,0,0,0,0
4875,0.162500,0.250000,0.162500,0.250000,0,0,0,0
4880,0.162667,0.250000,0.162667,0.250000,0,0,0,0
4885,0.162833,0.250000,0.162833,0.250000,0,0,0,0
4890,0.163000,0.250000,0.163000,0.250000,0,0,0,0
4895,0.163167,0.250000,0.163167,0.250000,0,0,0,0
4900,0.163333,0.250000,0.163333,0.250000,0,0,0,0
4905,0.163500,0.250000,0.163500,0.250000,0,0,0,0
4910,0.163667,0.250000,0.163667,0.250000,0,0,0,0
4915,0.163833,0.250000,0.163833,0.250000,0,0,0,0
4920,0.164000,0.250000,0.164000,0.250000,0,0,0,0
4925,0.164167,0.250000,0.164167,0.250000,0,0,0,0
4930,0.164333,0.250000,0.164333,0.250000,0,0,0,0
4935,0.164500,0.250000,0.164500,0.250000,0,0,0,0
4940,0.164667,0.250000,0.164667,0.250000,0,0,0,0
4945,0.164833,0.250000,0.164833,0.250000,0,0,0,0
4950,0.165000,0.250000,0.165000,0.250000,0,0,0,0
4955,0.165167,0.250000,0.165167,0.250000,0,0,0,0
4960,0.165333,0.250000,0.165333,0.250000,0,0,0,0
4965,0.165500,0.250000,0.165500,0.250000,0,0,0,0
4970,0.165667,0.250000,0.165667,0.250000,0,0,0,0
4975,0.165833,0.250000,0.165833,0.250000,0,0,0,0
4980,0.166000,0.250000,0.166000,0.250000,0,0,0,0
4985,0.166167,0.250000,0.166167,0.250000,0,0,0,0
4990,0.166333,0.250000,0.166333,0.250000,0,0,0,0
4995,0.166500,0.250000,0.166500,0.250000,0,0,0,0
5000,0.166667,0.800000,0.166667,0.800000,0,0,0,0
5005,0.166833,0.800000,0.166833,0.800000,0,0,0,0
5010,0.167000,0.800000,0.167000,0.800000,0,0,0,0
5015,0.167167,0.800000,0.167167,0.800000,0,0,0,0
5020,0.167333,0.800000,0.167333,0.800000,0,0,0,0
5025,0.167500,0.800000,0.167500,0.800000,0,0,0,0
5030,0.167667,0.800000,0.167667,0.800000,0,0,0,0
5035,0.167833,0.800000,0.167833,0.800000,0,0,0,0
5040,0.168000,0.800000,0.168000,0.800000,0,0,0,0
5045,0.168167,0.800000,0.168167,0.800000,0,0,0,0
5050,0.168333,0.800000,0.168333,0.800000,0,0,0,0
5055,0.168500,0.800000,0.168500,0.800000,0,0,0,0
5060,0.168667,0.800000,0.168667,0.800000,0,0,0,0
5065,0.168833,0.800000,0.168833,0.800000,0,0,0,0
5070,0.169000,0.800000,0.169000,0.800000,0,0,0,0
5075,0.169167,0.800000,0.169167,0.800000,0,0,0,0
5080,0.169333,0.800000,0.169333,0.800000,0,0,0,0
5085,0.169500,0.800000,0.169500,0.800000,0,0,0,0
5090,0.169667,0.800000,0.169667,0.800000,0,0,0,0
5095,0.169833,0.800000,0.169833,0.800000,0,0,0,0
5100,0.170000,0.800000,0.170000,0.800000,0,0,0,0
5105,0.170167,0.800000,0.170167,0.800000,0,0,0,0
5110,0.170333,0.800000,0.170333,0.800000,0,0,0,0
5115,0.170500,0.800000,0.170500,0.800000,0,0,0,0
5120,0.170667,0.800000,0.170667,0.800000,0,0,0,0
5125,0.170833,0.800000,0.170833,0.800000,0,0,0,0
5130,0.171000,0.800000,0.171000,0.800000,0,0,0,0
5135,0.171167,0.800000,0.171167,0.800000,0,0,0,0
5140,0.171333,0.800000,0.171333,0.800000,0,0,0,0
5145,0.171500,0.800000,0.171500,0.800000,0,0,0,0
5150,0.171667,0.800000,0.171667,0.800000,0,0,0,0
5155,0.171833,0.800000,0.171833,0.800000,0,0,0,0
5160,0.172000,0.800000,0.172000,0.800000,0,0,0,0
5165,0.172167,0.800000,0.172167,0.800000,0,0,0,0
5170,0.172333,0.800000,0.172333,0.800000,0,0,0,0
5175,0.172500,0.800000,0.172500,0.800000,0,0,0,0
5180,0.172667,0.800000,0.172667,0.800000,0,0,0,0
5185,0.172833,0.800000,0.172833,0.800000,0,0,0,0
5190,0.173000,0.800000,0.173000,0.800000,0,0,0,0
5195,0.173167,0.800000,0.173167,0.800000,0,0,0,0
5200,0.173333,0.800000,0.173333,0.800000,0,0,0,0
5205,0.173500,0.800000,0.173500,0.800000,0,0,0,0
5210,0.173667,0.800000,0.173667,0.800000,0,0,0,0
5215,0.173833,0.800000,0.173833,0.800000,0,0,0,0
5220,0.174000,0.800000,0.174000,0.800000,0,0,0,0
5225,0.174167,0.800000,0.174167,0.800000,0,0,0,0
5230,0.174333,0.800000,0.174333,0.800000,0,0,0,0
5235,0.174500,0.800000,0.174500,0.800000,0,0,0,0
5240,0.174667,0.800000,0.174667,0.800000,0,0,0,0
5245,0.174833,0.800000,0.174833,0.800000,0,0,0,0
5250,0.175000,0.800000,0.175000,0.800000,0,0,0,0
5255,0.175167,0.800000,0.175167,0.800000,0,0,0,0
5260,0.175333,0.800000,0.175333,0.800000,0,0,0,0
5265,0.175500,0.800000,0.175500,0.800000,0,0,0,0
5270,0.175667,0.800000,0.175667,0.800000,0,0,0,0
5275,0.175833,0.800000,0.175833,0.800000,0,0,0,0
5280,0.176000,0.800000,0.176000,0.800000,0,0,0,0
5285,0.176167,0.800000,0.176167,0.800000,0,0,0,0
5290,0.176333,0.800000,0.176333,0.800000,0,0,0,0
5295,0.176500,0.800000,0.176500,0.800000,0,0,0,0
5300,0.176667,0.800000,0.176667,0.800000,0,0,0,0
5305,0.176833,0.800000,0.176833,0.800000,0,0,0,0
5310,0.177000,0.800000,0.177000,0.800000,0,0,0,0
5315,0.177167,0.800000,0.177167,0.800000,0,0,0,0
5320,0.177333,0.800000,0.177333,0.800000,0,0,0,0
5325,0.177500,0.800000,0.177500,0.800000,0,0,0,0
5330,0.177667,0.800000,0.177667,0.800000,0,0,0,0
5335,0.177833,0.800000,0.177833,0.800000,0,0,0,0
5340,0.178000,0.800000,0.178000,0.800000,0,0,0,0
5345,0.178167,0.800000,0.178167,0.800000,0,0,0,0
5350,0.178333,0.800000,0.178333,0.800000,0,0,0,0
5355,0.178500,0.800000,0.178500,0.800000,0,0,0,0
5360,0.178667,0.800000,0.178667,0.800000,0,0,0,0
5365,0.178833,0.800000,0.178833,0.800000,0,0,0,0
5370,0.179000,0.800000,0.179000,0.800000,0,0,0,0
5375,0.179167,0.800000,0.179167,0.800000,0,0,0,0
5380,0.179333,0.800000,0.179333,0.800000,0,0,0,0
5385,0.179500,0.800000,0.179500,0.800000,0,0,0,0
5390,0.179667,0.800000,0.179667,0.800000,0,0,0,0
5395,0.179833,0.800000,0.179833,0.800000,0,0,0,0
5400,0.180000,0.800000,0.180000,0.800000,0,0,0,0
5405,0.180167,0.800000,0.180167,0.800000,0,0,0,0
5410,0.180333,0.800000,0.180333,0.800000,0,0,0,0
5415,0.180500,0.800000,0.180500,0.800000,0,0,0,0
5420,0.180667,0.800000,0.180667,0.800000,0,0,0,0
5425,0.180833,0.800000,0.180833,0.800000,0,0,0,0
5430,0.181000,0.800000,0.181000,0.800000,0,0,0,0
5435,0.181167,0.800000,0.181167,0.800000,0,0,0,0
5440,0.181333,0.800000,0.181333,0.800000,0,0,0,0
5445,0.181500,0.800000,0.181500,0.800000,0,0,0,0
5450,0.181667,0.800000,0.181667,0.800000,0,0,0,0
5455,0.181833,0.800000,0.181833,0.800000,0,0,0,0
5460,0.182000,0.800000,0.182000,0.800000,0,0,0,0
5465,0.182167,0.800000,0.182167,0.800000,0,0,0,0
5470,0.182333,0.800000,0.182333,0.800000,0,0,0,0
5475,0.182500,0.800000,0.182500,0.800000,0,0,0,0
5480,0.182667,0.800000,0.182667,0.800000,0,0,0,0
5485,0.182833,0.800000,0.182833,0.800000,0,0,0,0
5490,0.183000,0.800000,0.183000,0.800000,0,0,0,0
5495,0.183167,0.800000,0.183167,0.800000,0,0,0,0
5500,0.183333,0.800000,0.183333,0.800000,0,0,0,0
5505,0.183500,0.800000,0.183500,0.800000,0,0,0,0
5510,0.183667,0.800000,0.183667,0.800000,0,0,0,0
5515,0.183833,0.800000,0.183833,0.800000,0,0,0,0
5520,0.184000,0.800000,0.184000,0.800000,0,0,0,0
5525,0.184167,0.800000,0.184167,0.800000,0,0,0,0
5530,0.184333,0.800000,0.184333,0.800000,0,0,0,0
5535,0.184500,0.800000,0.184500,0.800000,0,0,0,0
5540,0.184667,0.800000,0.184667,0.800000,0,0,0,0
5545,0.184833,0.800000,0.184833,0.800000,0,0,0,0
5550,0.185000,0.800000,0.185000,0.800000,0,0,0,0
5555,0.185167,0.800000,0.185167,0.800000,0,0,0,0
5560,0.185333,0.800000,0.185333,0.800000,0,0,0,0
5565,0.185500,0.800000,0.185500,0.800000,0,0,0,0
5570,0.185667,0.800000,0.185667,0.800000,0,0,0,0
5575,0.185833,0.800000,0.185833,0.800000,0,0,0,0
5580,0.186000,0.800000,0.186000,0.800000,0,0,0,0
5585,0.186167,0.800000,0.186167,0.800000,0,0,0,0
5590,0.186333,0.800000,0.186333,0.800000,0,0,0,0
5595,0.186500,0.800000,0.186500,0.800000,0,0,0,0
5600,0.186667,0.800000,0.186667,0.800000,0,0,0,0
5605,0.186833,0.800000,0.186833,0.800000,0,0,0,0
5610,0.187000,0.800000,0.187000,0.800000,0,0,0,0
5615,0.187167,0.800000,0.187167,0.800000,0,0,0,0
5620,0.187333,0.800000,0.187333,0.800000,0,0,0,0
5625,0.187500,0.800000,0.187500,0.800000,0,0,0,0
5630,0.187667,0.800000,0.187667,0.800000,0,0,0,0
5635,0.187833,0.800000,0.187833,0.800000,0,0,0,0
5640,0.188000,0.800000,0.188000,0.800000,0,0,0,0
5645,0.188167,0.800000,0.188167,0.800000,0,0,0,0
5650,0.188333,0.800000,0.188333,0.800000,0,0,0,0
5655,0.188500,0.800000,0.188500,0.800000,0,0,0,0
5660,0.188667,0.800000,0.188667,0.800000,0,0,0,0
5665,0.188833,0.800000,0.188833,0.800000,0,0,0,0
5670,0.189000,0.800000,0.189000,0.800000,0,0,0,0
5675,0.189167,0.800000,0.189167,0.800000,0,0,0,0
5680,0.189333,0.800000,0.189333,0.800000,0,0,0,0
5685,0.189500,0.800000,0.189500,0.800000,0,0,0,0
5690,0.189667,0.800000,0.189667,0.800000,0,0,0,0
5695,0.189833,0.800000,0.189833,0.800000,0,0,0,0
5700,0.190000,0.800000,0.190000,0.800000,0,0,0,0
5705,0.190167,0.800000,0.190167,0.800000,0,0,0,0
5710,0.190333,0.800000,0.190333,0.800000,0,0,0,0
5715,0.190500,0.800000,0.190500,0.800000,0,0,0,0
5720,0.190667,0.800000,0.190667,0.800000,0,0,0,0
5725,0.190833,0.800000,0.190833,0.800000,0,0,0,0
5730,0.191000,0.800000,0.191000,0.800000,0,0,0,0
5735,0.191167,0.800000,0.191167,0.800000,0,0,0,0
5740,0.191333,0.800000,0.191333,0.800000,0,0,0,0
5745,0.191500,0.800000,0.191500,0.800000,0,0,0,0
5750,0.191667,0.800000,0.191667,0.800000,0,0,0,0
5755,0.191833,0.800000,0.191833,0.800000,0,0,0,0
5760,0.192000,0.800000,0.192000,0.800000,0,0,0,0
5765,0.192167,0.800000,0.192167,0.800000,0,0,0,0
5770,0.192333,0.800000,0.192333,0.800000,0,0,0,0
5775,0.192500,0.800000,0.192500,0.800000,0,0,0,0
5780,0.192667,0.800000,0.192667,0.800000,0,0,0,0
5785,0.192833,0.800000,0.192833,0.800000,0,0,0,0
5790,0.193000,0.800000,0.193000,0.800000,0,0,0,0
5795,0.193167,0.800000,0.193167,0.800000,0,0,0,0
5800,0.193333,0.800000,0.193333,0.800000,0,0,0,0
5805,0.193500,0.800000,0.193500,0.800000,0,0,0,0
5810,0.193667,0.800000,0.193667,0.800000,0,0,0,0
5815,0.193833,0.800000,0.193833,0.800000,0,0,0,0
5820,0.194000,0.800000,0.194000,0.800000,0,0,0,0
5825,0.194167,0.800000,0.194167,0.800000,0,0,0,0
5830,0.194333,0.800000,0.194333,0.800000,0,0,0,0
5835,0.194500,0.800000,0.194500,0.800000,0,0,0,0
5840,0.194667,0.800000,0.194667,0.800000,0,0,0,0
5845,0.194833,0.800000,0.194833,0.800000,0,0,0,0
5850,0.195000,0.800000,0.195000,0.800000,0,0,0,0
5855,0.195167,0.800000,0.195167,0.800000,0,0,0,0
5860,0.195333,0.800000,0.195333,0.800000,0,0,0,0
5865,0.195500,0.800000,0.195500,0.800000,0,0,0,0
5870,0.195667,0.800000,0.195667,0.800000,0,0,0,0
5875,0.195833,0.800000,0.195833,0.800000,0,0,0,0
5880,0.196000,0.800000,0.196000,0.800000,0,0,0,0
5885,0.196167,0.800000,0.196167,0.800000,0,0,0,0
5890,0.196333,0.800000,0.196333,0.800000,0,0,0,0
5895,0.196500,0.800000,0.196500,0.800000,0,0,0,0
5900,0.196667,0.800000,0.196667,0.800000,0,0,0,0
5905,0.196833,0.800000,0.196833,0.800000,0,0,0,0
5910,0.197000,0.800000,0.197000,0.800000,0,0,0,0
5915,0.197167,0.800000,0.197167,0.800000,0,0,0,0
5920,0.197333,0.800000,0.197333,0.800000,0,0,0,0
5925,0.197500,0.800000,0.197500,0.800000,0,0,0,0
5930,0.197667,0.800000,0.197667,0.800000,0,0,0,0
5935,0.197833,0.800000,0.197833,0.800000,0,0,0,0
5940,0.198000,0.800000,0.198000,0.800000,0,0,0,0
5945,0.198167,0.800000,0.198167,0.800000,0,0,0,0
5950,0.198333,0.800000,0.198333,0.800000,0,0,0,0
5955,0.198500,0.800000,0.198500,0.800000,0,0,0,0
5960,0.198667,0.800000,0.198667,0.800000,0,0,0,0
5965,0.198833,0.800000,0.198833,0.800000,0,0,0,0
5970,0.199000,0.800000,0.199000,0.800000,0,0,0,0
5975,0.199167,0.800000,0.199167,0.800000,0,0,0,0
5980,0.199333,0.800000,0.199333,0.800000,0,0,0,0
5985,0.199500,0.800000,0.199500,0.800000,0,0,0,0
5990,0.199667,0.800000,0.199667,0.800000,0,0,0,0
5995,0.199833,0.800000,0.199833,0.800000,0,0,0,0
6000,0.200000,0.250000,0.200000,0.250000,0,0,0,0
6005,0.200167,0.250000,0.200167,0.250000,0,0,0,0
6010,0.200333,0.250000,0.200333,0.250000,0,0,0,0
6015,0.200500,0.250000,0.200500,0.250000,0,0,0,0
6020,0.200667,0.250000,0.200667,0.250000,0,0,0,0
6025,0.200833,0.250000,0.200833,0.250000,0,0,0,0
6030,0.201000,0.250000,0.201000,0.250000,0,0,0,0
6035,0.201167,0.250000,0.201167,0.250000,0,0,0,0
6040,0.201333,0.250000,0.201333,0.250000,0,0,0,0
6045,0.201500,0.250000,0.201500,0.250000,0,0,0,0
6050,0.201667,0.250000,0.201667,0.250000,0,0,0,0
6055,0.201833,0.250000,0.201833,0.250000,0,0,0,0
6060,0.202000,0.250000,0.202000,0.250000,0,0,0,0
6065,0.202167,0.250000,0.202167,0.250000,0,0,0,0
6070,0.202333,0.250000,0.202333,0.250000,0,0,0,0
6075,0.202500,0.250000,0.202500,0.250000,0,0,0,0
6080,0.202667,0.250000,0.202667,0.250000,0,0,0,0
6085,0.202833,0.250000,0.202833,0.250000,0,0,0,0
6090,0.203000,0.250000,0.203000,0.250000,0,0,0,0
6095,0.203167,0.250000,0.203167,0.250000,0,0,0,0
6100,0.203333,0.250000,0.203333,0.250000,0,0,0,0
6105,0.203500,0.250000,0.203500,0.250000,0,0,0,0
6110,0.203667,0.250000,0.203667,0.250000,0,0,0,0
6115,0.203833,0.250000,0.203833,0.250000,0,0,0,0
6120,0.204000,0.250000,0.204000,0.250000,0,0,0,0
6125,0.204167,0.250000,0.204167,0.250000,0,0,0,0
6130,0.204333,0.250000,0.204333,0.250000,0,0,0,0
6135,0.204500,0.250000,0.204500,0.250000,0,0,0,0
6140,0.204667,0.250000,0.204667,0.250000,0,0,0,0
6145,0.204833,0.250000,0.204833,0.250000,0,0,0,0
6150,0.205000,0.250000,0.205000,0.250000,0,0,0,0
6155,0.205167,0.250000,0.205167,0.250000,0,0,0,0
6160,0.205333,0.250000,0.205333,0.250000,0,0,0,0
6165,0.205500,0.250000,0.205500,0.250000,0,0,0,0
6170,0.205667,0.250000,0.205667,0.250000,0,0,0,0
6175,0.205833,0.250000,0.205833,0.250000,0,0,0,0
6180,0.206000,0.250000,0.206000,0.250000,0,0,0,0
6185,0.206167,0.250000,0.206167,0.250000,0,0,0,0
6190,0.206333,0.250000,0.206333,0.250000,0,0,0,0
6195,0.206500,0.250000,0.206500,0.250000,0,0,0,0
6200,0.206667,0.250000,0.206667,0.250000,0,0,0,0
6205,0.206833,0.250000,0.206833,0.250000,0,0,0,0
6210,0.207000,0.250000,0.207000,0.250000,0,0,0,0
6215,0.207167,0.250000,0.207167,0.250000,0,0,0,0
6220,0.207333,0.250000,0.207333,0.250000,0,0,0,0
6225,0.207500,0.250000,0.207500,0.250000,0,0,0,0
6230,0.207667,0.250000,0.207667,0.250000,0,0,0,0
6235,0.207833,0.250000,0.207833,0.250000,0,0,0,0
6240,0.208000,0.250000,0.208000,0.250000,0,0,0,0
6245,0.208167,0.250000,0.208167,0.250000,0,0,0,0
6250,0.208333,0.250000,0.208333,0.250000,0,0,0,0
6255,0.208500,0.250000,0.208500,0.250000,0,0,0,0
6260,0.208667,0.250000,0.208667,0.250000,0,0,0,0
6265,0.208833,0.250000,0.208833,0.250000,0,0,0,0
6270,0.209000,0.250000,0.209000,0.250000,0,0,0,0
6275,0.209167,0.250000,0.209167,0.250000,0,0,0,0
6280,0.209333,0.250000,0.209333,0.250000,0,0,0,0
6285,0.209500,0.250000,0.209500,0.250000,0,0,0,0
6290,0.209667,0.250000,0.209667,0.250000,0,0,0,0
6295,0.209833,0.250000,0.209833,0.250000,0,0,0,0
6300,0.210000,0.250000,0.210000,0.250000,0,0,0,0
6305,0.210167,0.250000,0.210167,0.250000,0,0,0,0
6310,0.210333,0.250000,0.210333,0.250000,0,0,0,0
6315,0.210500,0.250000,0.210500,0.250000,0,0,0,0
6320,0.210667,0.250000,0.210667,0.250000,0,0,0,0
6325,0.210833,0.250000,0.210833,0.250000,0,0,0,0
6330,0.211000,0.250000,0.211000,0.250000,0,0,0,0
6335,0.211167,0.250000,0.211167,0.250000,0,0,0,0
6340,0.211333,0.250000,0.211333,0.250000,0,0,0,0
6345,0.211500,0.250000,0.211500,0.250000,0,0,0,0
6350,0.211667,0.250000,0.211667,0.250000,0,0,0,0
6355,0.211833,0.250000,0.211833,0.250000,0,0,0,0
6360,0.212000,0.250000,0.212000,0.250000,0,0,0,0
6365,0.212167,0.250000,0.212167,0.250000,0,0,0,0
6370,0.212333,0.250000,0.212333,0.250000,0,0,0,0
6375,0.212500,0.250000,0.212500,0.250000,0,0,0,0
6380,0.212667,0.250000,0.212667,0.250000,0,0,0,0
6385,0.212833,0.250000,0.212833,0.250000,0,0,0,0
6390,0.213000,0.250000,0.213000,0.250000,0,0,0,0
6395,0.213167,0.250000,0.213167,0.250000,0,0,0,0
6400,0.213333,0.250000,0.213333,0.250000,0,0,0,0
6405,0.213500,0.250000,0.213500,0.250000,0,0,0,0
6410,0.213667,0.250000,0.213667,0.250000,0,0,0,0
6415,0.213833,0.250000,0.213833,0.250000,0,0,0,0
6420,0.214000,0.250000,0.214000,0.250000,0,0,0,0
6425,0.214167,0.250000,0.214167,0.250000,0,0,0,0
6430,0.214333,0.250000,0.214333,0.250000,0,0,0,0
6435,0.214500,0.250000,0.214500,0.250000,0,0,0,0
6440,0.214667,0.250000,0.214667,0.250000,0,0,0,0
6445,0.214833,0.250000,0.214833,0.250000,0,0,0,0
6450,0.215000,0.250000,0.215000,0.250000,0,0,0,0
6455,0.215167,0.250000,0.215167,0.250000,0,0,0,0
6460,0.215333,0.250000,0.215333,0.250000,0,0,0,0
6465,0.215500,0.250000,0.215500,0.250000,0,0,0,0
6470,0.215667,0.250000,0.215667,0.250000,0,0,0,0
6475,0.215833,0.250000,0.215833,0.250000,0,0,0,0
6480,0.216000,0.250000,0.216000,0.250000,0,0,0,0
6485,0.216167,0.250000,0.216167,0.250000,0,0,0,0
6490,0.216333,0.250000,0.216333,0.250000,0,0,0,0
6495,0.216500,0.250000,0.216500,0.250000,0,0,0,0
6500,0.216667,0.250000,0.216667,0.250000,0,0,0,0
6505,0.216833,0.250000,0.216833,0.250000,0,0,0,0
6510,0.217000,0.250000,0.217000,0.250000,0,0,0,0
6515,0.217167,0.250000,0.217167,0.250000,0,0,0,0
6520,0.217333,0.250000,0.217333,0.250000,0,0,0,0
6525,0.217500,0.250000,0.217500,0.250000,0,0,0,0
6530,0.217667,0.250000,0.217667,0.250000,0,0,0,0
6535,0.217833,0.250000,0.217833,0.250000,0,0,0,0
6540,0.218000,0.250000,0.218000,0.250000,0,0,0,0
6545,0.218167,0.250000,0.218167,0.250000,0,0,0,0
6550,0.218333,0.250000,0.218333,0.250000,0,0,0,0
6555,0.218500,0.250000,0.218500,0.250000,0,0,0,0
6560,0.218667,0.250000,0.218667,0.250000,0,0,0,0
6565,0.218833,0.250000,0.218833,0.250000,0,0,0,0
6570,0.219000,0.250000,0.219000,0.250000,0,0,0,0
6575,0.219167,0.250000,0.219167,0.250000,0,0,0,0
6580,0.219333,0.250000,0.219333,0.250000,0,0,0,0
6585,0.219500,0.250000,0.219500,0.250000,0,0,0,0
6590,0.219667,0.250000,0.219667,0.250000,0,0,0,0
6595,0.219833,0.250000,0.219833,0.250000,0,0,0,0
6600,0.220000,0.250000,0.220000,0.250000,0,0,0,0
6605,0.220167,0.250000,0.220167,0.250000,0,0,0,0
6610,0.220333,0.250000,0.220333,0.250000,0,0,0,0
6615,0.220500,0.250000,0.220500,0.250000,0,0,0,0
6620,0.220667,0.250000,0.220667,0.250000,0,0,0,0
6625,0.220833,0.250000,0.220833,0.250000,0,0,0,0
6630,0.221000,0.250000,0.221000,0.250000,0,0,0,0
6635,0.221167,0.250000,0.221167,0.250000,0,0,0,0
6640,0.221333,0.250000,0.221333,0.250000,0,0,0,0
6645,0.221500,0.250000,0.221500,0.250000,0,0,0,0
6650,0.221667,0.250000,0.221667,0.250000,0,0,0,0
6655,0.221833,0.250000,0.221833,0.250000,0,0,0,0
6660,0.222000,0.250000,0.222000,0.250000,0,0,0,0
6665,0.222167,0.250000,0.222167,0.250000,0,0,0,0
6670,0.222333,0.250000,0.222333,0.250000,0,0,0,0
6675,0.222500,0.250000,0.222500,0.250000,0,0,0,0
6680,0.222667,0.250000,0.222667,0.250000,0,0,0,0
6685,0.222833,0.250000,0.222833,0.250000,0,0,0,0
6690,0.223000,0.250000,0.223000,0.250000,0,0,0,0
6695,0.223167,0.250000,0.223167,0.250000,0,0,0,0
6700,0.223333,0.250000,0.223333,0.250000,0,0,0,0
6705,0.223500,0.250000,0.223500,0.250000,0,0,0,0
6710,0.223667,0.250000,0.223667,0.250000,0,0,0,0
6715,0.223833,0.250000,0.223833,0.250000,0,0,0,0
6720,0.224000,0.250000,0.224000,0.250000,0,0,0,0
6725,0.224167,0.250000,0.224167,0.250000,0,0,0,0
6730,0.224333,0.250000,0.224333,0.250000,0,0,0,0
6735,0.224500,0.250000,0.224500,0.250000,0,0,0,0
6740,0.224667,0.250000,0.224667,0.250000,0,0,0,0
6745,0.224833,0.250000,0.224833,0.250000,0,0,0,0
6750,0.225000,0.250000,0.225000,0.250000,0,0,0,0
6755,0.225167,0.250000,0.225167,0.250000,0,0,0,0
6760,0.225333,0.250000,0.225333,0.250000,0,0,0,0
6765,0.225500,0.250000,0.225500,0.250000,0,0,0,0
6770,0.225667,0.250000,0.225667,0.250000,0,0,0,0
6775,0.225833,0.250000,0.225833,0.250000,0,0,0,0
6780,0.226000,0.250000,0.226000,0.250000,0,0,0,0
6785,0.226167,0.250000,0.226167,0.250000,0,0,0,0
6790,0.226333,0.250000,0.226333,0.250000,0,0,0,0
6795,0.226500,0.250000,0.226500,0.250000,0,0,0,0
6800,0.226667,0.250000,0.226667,0.250000,0,0,0,0
6805,0.226833,0.250000,0.226833,0.250000,0,0,0,0
6810,0.227000,0.250000,0.227000,0.250000,0,0,0,0
6815,0.227167,0.250000,0.227167,0.250000,0,0,0,0
6820,0.227333,0.250000,0.227333,0.250000,0,0,0,0
6825,0.227500,0.250000,0.227500,0.250000,0,0,0,0
6830,0.227667,0.250000,0.227667,0.250000,0,0,0,0
6835,0.227833,0.250000,0.227833,0.250000,0,0,0,0
6840,0.228000,0.250000,0.228000,0.250000,0,0,0,0
6845,0.228167,0.250000,0.228167,0.250000,0,0,0,0
6850,0.228333,0.250000,0.228333,0.250000,0,0,0,0
6855,0.228500,0.250000,0.228500,0.250000,0,0,0,0
6860,0.228667,0.250000,0.228667,0.250000,0,0,0,0
6865,0.228833,0.250000,0.228833,0.250000,0,0,0,0
6870,0.229000,0.250000,0.229000,0.250000,0,0,0,0
6875,0.229167,0.250000,0.229167,0.250000,0,0,0,0
6880,0.229333,0.250000,0.229333,0.250000,0,0,0,0
6885,0.229500,0.250000,0.229500,0.250000,0,0,0,0
6890,0.229667,0.250000,0.229667,0.250000,0,0,0,0
6895,0.229833,0.250000,0.229833,0.250000,0,0,0,0
6900,0.230000,0.250000,0.230000,0.250000,0,0,0,0
6905,0.230167,0.250000,0.230167,0.250000,0,0,0,0
6910,0.230333,0.250000,0.230333,0.250000,0,0,0,0
6915,0.230500,0.250000,0.230500,0.250000,0,0,0,0
6920,0.230667,0.250000,0.230667,0.250000,0,0,0,0
6925,0.230833,0.250000,0.230833,0.250000,0,0,0,0
6930,0.231000,0.250000,0.231000,0.250000,0,0,0,0
6935,0.231167,0.250000,0.231167,0.250000,0,0,0,0
6940,0.231333,0.250000,0.231333,0.250000,0,0,0,0
6945,0.231500,0.250000,0.231500,0.250000,0,0,0,0
6950,0.231667,0.250000,0.231667,0.250000,0,0,0,0
6955,0.231833,0.250000,0.231833,0.250000,0,0,0,0
6960,0.232000,0.250000,0.232000,0.250000,0,0,0,0
6965,0.232167,0.250000,0.232167,0.250000,0,0,0,0
6970,0.232333,0.250000,0.232333,0.250000,0,0,0,0
6975,0.232500,0.250000,0.232500,0.250000,0,0,0,0
6980,0.232667,0.250000,0.232667,0.250000,0,0,0,0
6985,0.232833,0.250000,0.232833,0.250000,0,0,0,0
6990,0.233000,0.250000,0.233000,0.250000,0,0,0,0
6995,0.233167,0.250000,0.233167,0.250000,0,0,0,0
7000,0.128333,0.250000,0.128333,0.250000,0,0,0,0
7005,0.128425,0.250000,0.128425,0.250000,0,0,0,0
7010,0.128517,0.250000,0.128517,0.250000,0,0,0,0
7015,0.128608,0.250000,0.128608,0.250000,0,0,0,0
7020,0.128700,0.250000,0.128700,0.250000,0,0,0,0
7025,0.128792,0.250000,0.128792,0.250000,0,0,0,0
7030,0.128883,0.250000,0.128883,0.250000,0,0,0,0
7035,0.128975,0.250000,0.128975,0.250000,0,0,0,0
7040,0.129067,0.250000,0.129067,0.250000,0,0,0,0
7045,0.129158,0.250000,0.129158,0.250000,0,0,0,0
7050,0.129250,0.250000,0.129250,0.250000,0,0,0,0
7055,0.129342,0.250000,0.129342,0.250000,0,0,0,0
7060,0.129433,0.250000,0.129433,0.250000,0,0,0,0
7065,0.129525,0.250000,0.129525,0.250000,0,0,0,0
7070,0.129617,0.250000,0.129617,0.250000,0,0,0,0
7075,0.129708,0.250000,0.129708,0.250000,0,0,0,0
7080,0.129800,0.250000,0.129800,0.250000,0,0,0,0
7085,0.129892,0.250000,0.129892,0.250000,0,0,0,0
7090,0.129983,0.250000,0.129983,0.250000,0,0,0,0
7095,0.130075,0.250000,0.130075,0.250000,0,0,0,0
7100,0.130167,0.250000,0.130167,0.250000,0,0,0,0
7105,0.130258,0.250000,0.130258,0.250000,0,0,0,0
7110,0.130350,0.250000,0.130350,0.250000,0,0,0,0
7115,0.130442,0.250000,0.130442,0.250000,0,0,0,0
7120,0.130533,0.250000,0.130533,0.250000,0,0,0,0
7125,0.130625,0.250000,0.130625,0.250000,0,0,0,0
7130,0.130717,0.250000,0.130717,0.250000,0,0,0,0
7135,0.130808,0.250000,0.130808,0.250000,0,0,0,0
7140,0.130900,0.250000,0.130900,0.250000,0,0,0,0
7145,0.130992,0.250000,0.130992,0.250000,0,0,0,0
7150,0.131083,0.250000,0.131083,0.250000,0,0,0,0
7155,0.131175,0.250000,0.131175,0.250000,0,0,0,0
7160,0.131267,0.250000,0.131267,0.250000,0,0,0,0
7165,0.131358,0.250000,0.131358,0.250000,0,0,0,0
7170,0.131450,0.250000,0.131450,0.250000,0,0,0,0
7175,0.131542,0.250000,0.131542,0.250000,0,0,0,0
7180,0.131633,0.250000,0.131633,0.250000,0,0,0,0
7185,0.131725,0.250000,0.131725,0.250000,0,0,0,0
7190,0.131817,0.250000,0.131817,0.250000,0,0,0,0
7195,0.131908,0.250000,0.131908,0.250000,0,0,0,0
7200,0.132000,0.250000,0.132000,0.250000,0,0,0,0
7205,0.132092,0.250000,0.132092,0.250000,0,0,0,0
7210,0.132183,0.250000,0.132183,0.250000,0,0,0,0
7215,0.132275,0.250000,0.132275,0.250000,0,0,0,0
7220,0.132367,0.250000,0.132367,0.250000,0,0,0,0
7225,0.132458,0.250000,0.132458,0.250000,0,0,0,0
7230,0.132550,0.250000,0.132550,0.250000,0,0,0,0
7235,0.132642,0.250000,0.132642,0.250000,0,0,0,0
7240,0.132733,0.250000,0.132733,0.250000,0,0,0,0
7245,0.132825,0.250000,0.132825,0.250000,0,0,0,0
7250,0.132917,0.250000,0.132917,0.250000,0,0,0,0
7255,0.133008,0.250000,0.133008,0.250000,0,0,0,0
7260,0.133100,0.250000,0.133100,0.250000,0,0,0,0
7265,0.133192,0.250000,0.133192,0.250000,0,0,0,0
7270,0.133283,0.250000,0.133283,0.250000,0,0,0,0
7275,0.133375,0.250000,0.133375,0.250000,0,0,0,0
7280,0.133467,0.250000,0.133467,0.250000,0,0,0,0
7285,0.133558,0.250000,0.133558,0.250000,0,0,0,0
7290,0.133650,0.250000,0.133650,0.250000,0,0,0,0
7295,0.133742,0.250000,0.133742,0.250000,0,0,0,0
7300,0.133833,0.250000,0.133833,0.250000,0,0,0,0
7305,0.133925,0.250000,0.133925,0.250000,0,0,0,0
7310,0.134017,0.250000,0.134017,0.250000,0,0,0,0
7315,0.134108,0.250000,0.134108,0.250000,0,0,0,0
7320,0.134200,0.250000,0.134200,0.250000,0,0,0,0
7325,0.134292,0.250000,0.134292,0.250000,0,0,0,0
7330,0.134383,0.250000,0.134383,0.250000,0,0,0,0
7335,0.134475,0.250000,0.134475,0.250000,0,0,0,0
7340,0.134567,0.250000,0.134567,0.250000,0,0,0,0
7345,0.134658,0.250000,0.134658,0.250000,0,0,0,0
7350,0.134750,0.250000,0.134750,0.250000,0,0,0,0
7355,0.134842,0.250000,0.134842,0.250000,0,0,0,0
7360,0.134933,0.250000,0.134933,0.250000,0,0,0,0
7365,0.135025,0.250000,0.135025,0.250000,0,0,0,0
7370,0.135117,0.250000,0.135117,0.250000,0,0,0,0
7375,0.135208,0.250000,0.135208,0.250000,0,0,0,0
7380,0.135300,0.250000,0.135300,0.250000,0,0,0,0
7385,0.135392,0.250000,0.135392,0.250000,0,0,0,0
7390,0.135483,0.250000,0.135483,0.250000,0,0,0,0
7395,0.135575,0.250000,0.135575,0.250000,0,0,0,0
7400,0.135667,0.250000,0.135667,0.250000,0,0,0,0
7405,0.135758,0.250000,0.135758,0.250000,0,0,0,0
7410,0.135850,0.250000,0.135850,0.250000,0,0,0,0
7415,0.135942,0.250000,0.135942,0.250000,0,0,0,0
7420,0.136033,0.250000,0.136033,0.250000,0,0,0,0
7425,0.136125,0.250000,0.136125,0.250000,0,0,0,0
7430,0.136217,0.250000,0.136217,0.250000,0,0,0,0
7435,0.136308,0.250000,0.136308,0.250000,0,0,0,0
7440,0.136400,0.250000,0.136400,0.250000,0,0,0,0
7445,0.136492,0.250000,0.136492,0.250000,0,0,0,0
7450,0.136583,0.250000,0.136583,0.250000,0,0,0,0
7455,0.136675,0.250000,0.136675,0.250000,0,0,0,0
7460,0.136767,0.250000,0.136767,0.250000,0,0,0,0
7465,0.136858,0.250000,0.136858,0.250000,0,0,0,0
7470,0.136950,0.250000,0.136950,0.250000,0,0,0,0
7475,0.137042,0.250000,0.137042,0.250000,0,0,0,0
7480,0.137133,0.250000,0.137133,0.250000,0,0,0,0
7485,0.137225,0.250000,0.137225,0.250000,0,0,0,0
7490,0.137317,0.250000,0.137317,0.250000,0,0,0,0
7495,0.137408,0.250000,0.137408,0.250000,0,0,0,0
7500,0.137500,0.250000,0.137500,0.250000,0,0,0,0
7505,0.137592,0.250000,0.137592,0.250000,0,0,0,0
7510,0.137683,0.250000,0.137683,0.250000,0,0,0,0
7515,0.137775,0.250000,0.137775,0.250000,0,0,0,0
7520,0.137867,0.250000,0.137867,0.250000,0,0,0,0
7525,0.137958,0.250000,0.137958,0.250000,0,0,0,0
7530,0.138050,0.250000,0.138050,0.250000,0,0,0,0
7535,0.138142,0.250000,0.138142,0.250000,0,0,0,0
7540,0.138233,0.250000,0.138233,0.250000,0,0,0,0
7545,0.138325,0.250000,0.138325,0.250000,0,0,0,0
7550,0.138417,0.250000,0.138417,0.250000,0,0,0,0
7555,0.138508,0.250000,0.138508,0.250000,0,0,0,0
7560,0.138600,0.250000,0.138600,0.250000,0,0,0,0
7565,0.138692,0.250000,0.138692,0.250000,0,0,0,0
7570,0.138783,0.250000,0.138783,0.250000,0,0,0,0
7575,0.138875,0.250000,0.138875,0.250000,0,0,0,0
7580,0.138967,0.250000,0.138967,0.250000,0,0,0,0
7585,0.139058,0.250000,0.139058,0.250000,0,0,0,0
7590,0.139150,0.250000,0.139150,0.250000,0,0,0,0
7595,0.139242,0.250000,0.139242,0.250000,0,0,0,0
7600,0.139333,0.250000,0.139333,0.250000,0,0,0,0
7605,0.139425,0.250000,0.139425,0.250000,0,0,0,0
7610,0.139517,0.250000,0.139517,0.250000,0,0,0,0
7615,0.139608,0.250000,0.139608,0.250000,0,0,0,0
7620,0.139700,0.250000,0.139700,0.250000,0,0,0,0
7625,0.139792,0.250000,0.139792,0.250000,0,0,0,0
7630,0.139883,0.250000,0.139883,0.250000,0,0,0,0
7635,0.139975,0.250000,0.139975,0.250000,0,0,0,0
7640,0.140067,0.250000,0.140067,0.250000,0,0,0,0
7645,0.140158,0.250000,0.140158,0.250000,0,0,0,0
7650,0.140250,0.250000,0.140250,0.250000,0,0,0,0
7655,0.140342,0.250000,0.140342,0.250000,0,0,0,0
7660,0.140433,0.250000,0.140433,0.250000,0,0,0,0
7665,0.140525,0.250000,0.140525,0.250000,0,0,0,0
7670,0.140617,0.250000,0.140617,0.250000,0,0,0,0
7675,0.140708,0.250000,0.140708,0.250000,0,0,0,0
7680,0.140800,0.250000,0.140800,0.250000,0,0,0,0
7685,0.140892,0.250000,0.140892,0.250000,0,0,0,0
7690,0.140983,0.250000,0.140983,0.250000,0,0,0,0
7695,0.141075,0.250000,0.141075,0.250000,0,0,0,0
7700,0.141167,0.250000,0.141167,0.250000,0,0,0,0
7705,0.141258,0.250000,0.141258,0.250000,0,0,0,0
7710,0.141350,0.250000,0.141350,0.250000,0,0,0,0
7715,0.141442,0.250000,0.141442,0.250000,0,0,0,0
7720,0.141533,0.250000,0.141533,0.250000,0,0,0,0
7725,0.141625,0.250000,0.141625,0.250000,0,0,0,0
7730,0.141717,0.250000,0.141717,0.250000,0,0,0,0
7735,0.141808,0.250000,0.141808,0.250000,0,0,0,0
7740,0.141900,0.250000,0.141900,0.250000,0,0,0,0
7745,0.141992,0.250000,0.141992,0.250000,0,0,0,0
7750,0.142083,0.250000,0.142083,0.250000,0,0,0,0
7755,0.142175,0.250000,0.142175,0.250000,0,0,0,0
7760,0.142267,0.250000,0.142267,0.250000,0,0,0,0
7765,0.142358,0.250000,0.142358,0.250000,0,0,0,0
7770,0.142450,0.250000,0.142450,0.250000,0,0,0,0
7775,0.142542,0.250000,0.142542,0.250000,0,0,0,0
7780,0.142633,0.250000,0.142633,0.250000,0,0,0,0
7785,0.142725,0.250000,0.142725,0.250000,0,0,0,0
7790,0.142817,0.250000,0.142817,0.250000,0,0,0,0
7795,0.142908,0.250000,0.142908,0.250000,0,0,0,0
7800,0.260000,0.250000,0.260000,0.250000,0,0,0,0
7805,0.260167,0.250000,0.260167,0.250000,0,0,0,0
7810,0.260333,0.250000,0.260333,0.250000,0,0,0,0
7815,0.260500,0.250000,0.260500,0.250000,0,0,0,0
7820,0.260667,0.250000,0.260667,0.250000,0,0,0,0
7825,0.260833,0.250000,0.260833,0.250000,0,0,0,0
7830,0.261000,0.250000,0.261000,0.250000,0,0,0,0
7835,0.261167,0.250000,0.261167,0.250000,0,0,0,0
7840,0.261333,0.250000,0.261333,0.250000,0,0,0,0
7845,0.261500,0.250000,0.261500,0.250000,0,0,0,0
7850,0.261667,0.250000,0.261667,0.250000,0,0,0,0
7855,0.261833,0.250000,0.261833,0.250000,0,0,0,0
7860,0.262000,0.250000,0.262000,0.250000,0,0,0,0
7865,0.262167,0.250000,0.262167,0.250000,0,0,0,0
7870,0.262333,0.250000,0.262333,0.250000,0,0,0,0
7875,0.262500,0.250000,0.262500,0.250000,0,0,0,0
7880,0.262667,0.250000,0.262667,0.250000,0,0,0,0
7885,0.262833,0.250000,0.262833,0.250000,0,0,0,0
7890,0.263000,0.250000,0.263000,0.250000,0,0,0,0
7895,0.263167,0.250000,0.263167,0.250000,0,0,0,0
7900,0.263333,0.250000,0.263333,0.250000,0,0,0,0
7905,0.263500,0.250000,0.263500,0.250000,0,0,0,0
7910,0.263667,0.250000,0.263667,0.250000,0,0,0,0
7915,0.263833,0.250000,0.263833,0.250000,0,0,0,0
7920,0.264000,0.250000,0.264000,0.250000,0,0,0,0
7925,0.264167,0.250000,0.264167,0.250000,0,0,0,0
7930,0.264333,0.250000,0.264333,0.250000,0,0,0,0
7935,0.264500,0.250000,0.264500,0.250000,0,0,0,0
7940,0.264667,0.250000,0.264667,0.250000,0,0,0,0
7945,0.264833,0.250000,0.264833,0.250000,0,0,0,0
7950,0.265000,0.250000,0.265000,0.250000,0,0,0,0
7955,0.265167,0.250000,0.265167,0.250000,0,0,0,0
7960,0.265333,0.250000,0.265333,0.250000,0,0,0,0
7965,0.265500,0.250000,0.265500,0.250000,0,0,0,0
7970,0.265667,0.250000,0.265667,0.250000,0,0,0,0
7975,0.265833,0.250000,0.265833,0.250000,0,0,0,0
7980,0.266000,0.250000,0.266000,0.250000,0,0,0,0
7985,0.266167,0.250000,0.266167,0.250000,0,0,0,0
7990,0.266333,0.250000,0.266333,0.250000,0,0,0,0
7995,0.266500,0.250000,0.266500,0.250000,0,0,0,0
8000,0.266667,0.250000,0.266667,0.250000,0,0,0,0
8005,0.266833,0.250000,0.266833,0.250000,0,0,0,0
8010,0.267000,0.250000,0.267000,0.250000,0,0,0,0
8015,0.267167,0.250000,0.267167,0.250000,0,0,0,0
8020,0.267333,0.250000,0.267333,0.250000,0,0,0,0
8025,0.267500,0.250000,0.267500,0.250000,0,0,0,0
8030,0.267667,0.250000,0.267667,0.250000,0,0,0,0
8035,0.267833,0.250000,0.267833,0.250000,0,0,0,0
8040,0.268000,0.250000,0.268000,0.250000,0,0,0,0
8045,0.268167,0.250000,0.268167,0.250000,0,0,0,0
8050,0.268333,0.250000,0.268333,0.250000,0,0,0,0
8055,0.268500,0.250000,0.268500,0.250000,0,0,0,0
8060,0.268667,0.250000,0.268667,0.250000,0,0,0,0
8065,0.268833,0.250000,0.268833,0.250000,0,0,0,0
8070,0.269000,0.250000,0.269000,0.250000,0,0,0,0
8075,0.269167,0.250000,0.269167,0.250000,0,0,0,0
8080,0.269333,0.250000,0.269333,0.250000,0,0,0,0
8085,0.269500,0.250000,0.269500,0.250000,0,0,0,0
8090,0.269667,0.250000,0.269667,0.250000,0,0,0,0
8095,0.269833,0.250000,0.269833,0.250000,0,0,0,0
8100,0.270000,0.250000,0.270000,0.250000,0,0,0,0
8105,0.270167,0.250000,0.270167,0.250000,0,0,0,0
8110,0.270333,0.250000,0.270333,0.250000,0,0,0,0
8115,0.270500,0.250000,0.270500,0.250000,0,0,0,0
8120,0.270667,0.250000,0.270667,0.250000,0,0,0,0
8125,0.270833,0.250000,0.270833,0.250000,0,0,0,0
8130,0.271000,0.250000,0.271000,0.250000,0,0,0,0
8135,0.271167,0.250000,0.271167,0.250000,0,0,0,0
8140,0.271333,0.250000,0.271333,0.250000,0,0,0,0
8145,0.271500,0.250000,0.271500,0.250000,0,0,0,0
8150,0.271667,0.250000,0.271667,0.250000,0,0,0,0
8155,0.271833,0.250000,0.271833,0.250000,0,0,0,0
8160,0.272000,0.250000,0.272000,0.250000,0,0,0,0
8165,0.272167,0.250000,0.272167,0.250000,0,0,0,0
8170,0.272333,0.250000,0.272333,0.250000,0,0,0,0
8175,0.272500,0.250000,0.272500,0.250000,0,0,0,0
8180,0.272667,0.250000,0.272667,0.250000,0,0,0,0
8185,0.272833,0.250000,0.272833,0.250000,0,0,0,0
8190,0.273000,0.250000,0.273000,0.250000,0,0,0,0
8195,0.273167,0.250000,0.273167,0.250000,0,0,0,0
8200,0.273333,0.250000,0.273333,0.250000,0,0,0,0
8205,0.273500,0.250000,0.273500,0.250000,0,0,0,0
8210,0.273667,0.250000,0.273667,0.250000,0,0,0,0
8215,0.273833,0.250000,0.273833,0.250000,0,0,0,0
8220,0.274000,0.250000,0.274000,0.250000,0,0,0,0
8225,0.274167,0.250000,0.274167,0.250000,0,0,0,0
8230,0.274333,0.250000,0.274333,0.250000,0,0,0,0
8235,0.274500,0.250000,0.274500,0.250000,0,0,0,0
8240,0.274667,0.250000,0.274667,0.250000,0,0,0,0
8245,0.274833,0.250000,0.274833,0.250000,0,0,0,0
8250,0.275000,0.250000,0.275000,0.250000,0,0,0,0
8255,0.275167,0.250000,0.275167,0.250000,0,0,0,0
8260,0.275333,0.250000,0.275333,0.250000,0,0,0,0
8265,0.275500,0.250000,0.275500,0.250000,0,0,0,0
8270,0.275667,0.250000,0.275667,0.250000,0,0,0,0
8275,0.275833,0.250000,0.275833,0.250000,0,0,0,0
8280,0.276000,0.250000,0.276000,0.250000,0,0,0,0
8285,0.276167,0.250000,0.276167,0.250000,0,0,0,0
8290,0.276333,0.250000,0.276333,0.250000,0,0,0,0
8295,0.276500,0.250000,0.276500,0.250000,0,0,0,0
8300,0.276667,0.250000,0.276667,0.250000,0,0,0,0
8305,0.276833,0.250000,0.276833,0.250000,0,0,0,0
8310,0.277000,0.250000,0.277000,0.250000,0,0,0,0
8315,0.277167,0.250000,0.277167,0.250000,0,0,0,0
8320,0.277333,0.250000,0.277333,0.250000,0,0,0,0
8325,0.277500,0.250000,0.277500,0.250000,0,0,0,0
8330,0.277667,0.250000,0.277667,0.250000,0,0,0,0
8335,0.277833,0.250000,0.277833,0.250000,0,0,0,0
8340,0.278000,0.250000,0.278000,0.250000,0,0,0,0
8345,0.278167,0.250000,0.278167,0.250000,0,0,0,0
8350,0.278333,0.250000,0.278333,0.250000,0,0,0,0
8355,0.278500,0.250000,0.278500,0.250000,0,0,0,0
8360,0.278667,0.250000,0.278667,0.250000,0,0,0,0
8365,0.278833,0.250000,0.278833,0.250000,0,0,0,0
8370,0.279000,0.250000,0.279000,0.250000,0,0,0,0
8375,0.279167,0.250000,0.279167,0.250000,0,0,0,0
8380,0.279333,0.250000,0.279333,0.250000,0,0,0,0
8385,0.279500,0.250000,0.279500,0.250000,0,0,0,0
8390,0.279667,0.250000,0.279667,0.250000,0,0,0,0
8395,0.279833,0.250000,0.279833,0.250000,0,0,0,0
8400,0.280000,0.250000,0.280000,0.250000,0,0,0,0
8405,0.280167,0.250000,0.280167,0.250000,0,0,0,0
8410,0.280333,0.250000,0.280333,0.250000,0,0,0,0
8415,0.280500,0.250000,0.280500,0.250000,0,0,0,0
8420,0.280667,0.250000,0.280667,0.250000,0,0,0,0
8425,0.280833,0.250000,0.280833,0.250000,0,0,0,0
8430,0.281000,0.250000,0.281000,0.250000,0,0,0,0
8435,0.281167,0.250000,0.281167,0.250000,0,0,0,0
8440,0.281333,0.250000,0.281333,0.250000,0,0,0,0
8445,0.281500,0.250000,0.281500,0.250000,0,0,0,0
8450,0.281667,0.250000,0.281667,0.250000,0,0,0,0
8455,0.281833,0.250000,0.281833,0.250000,0,0,0,0
8460,0.282000,0.250000,0.282000,0.250000,0,0,0,0
8465,0.282167,0.250000,0.282167,0.250000,0,0,0,0
8470,0.282333,0.250000,0.282333,0.250000,0,0,0,0
8475,0.282500,0.250000,0.282500,0.250000,0,0,0,0
8480,0.282667,0.250000,0.282667,0.250000,0,0,0,0
8485,0.282833,0.250000,0.282833,0.250000,0,0,0,0
8490,0.283000,0.250000,0.283000,0.250000,0,0,0,0
8495,0.283167,0.250000,0.283167,0.250000,0,0,0,0
8500,0.283333,0.250000,0.283333,0.250000,0,0,0,0
8505,0.283500,0.250000,0.283500,0.250000,0,0,0,0
8510,0.283667,0.250000,0.283667,0.250000,0,0,0,0
8515,0.283833,0.250000,0.283833,0.250000,0,0,0,0
8520,0.284000,0.250000,0.284000,0.250000,0,0,0,0
8525,0.284167,0.250000,0.284167,0.250000,0,0,0,0
8530,0.284333,0.250000,0.284333,0.250000,0,0,0,0
8535,0.284500,0.250000,0.284500,0.250000,0,0,0,0
8540,0.284667,0.250000,0.284667,0.250000,0,0,0,0
8545,0.284833,0.250000,0.284833,0.250000,0,0,0,0
8550,0.285000,0.250000,0.285000,0.250000,0,0,0,0
8555,0.285167,0.250000,0.285167,0.250000,0,0,0,0
8560,0.285333,0.250000,0.285333,0.250000,0,0,0,0
8565,0.285500,0.250000,0.285500,0.250000,0,0,0,0
8570,0.285667,0.250000,0.285667,0.250000,0,0,0,0
8575,0.285833,0.250000,0.285833,0.250000,0,0,0,0
8580,0.286000,0.250000,0.286000,0.250000,0,0,0,0
8585,0.286167,0.250000,0.286167,0.250000,0,0,0,0
8590,0.286333,0.250000,0.286333,0.250000,0,0,0,0
8595,0.286500,0.250000,0.286500,0.250000,0,0,0,0
8600,0.286667,0.250000,0.286667,0.250000,0,0,0,0
8605,0.286833,0.250000,0.286833,0.250000,0,0,0,0
8610,0.287000,0.250000,0.287000,0.250000,0,0,0,0
8615,0.287167,0.250000,0.287167,0.250000,0,0,0,0
8620,0.287333,0.250000,0.287333,0.250000,0,0,0,0
8625,0.287500,0.250000,0.287500,0.250000,0,0,0,0
8630,0.287667,0.250000,0.287667,0.250000,0,0,0,0
8635,0.287833,0.250000,0.287833,0.250000,0,0,0,0
8640,0.288000,0.250000,0.288000,0.250000,0,0,0,0
8645,0.288167,0.250000,0.288167,0.250000,0,0,0,0
8650,0.288333,0.250000,0.288333,0.250000,0,0,0,0
8655,0.288500,0.250000,0.288500,0.250000,0,0,0,0
8660,0.288667,0.250000,0.288667,0.250000,0,0,0,0
8665,0.288833,0.250000,0.288833,0.250000,0,0,0,0
8670,0.289000,0.250000,0.289000,0.250000,0,0,0,0
8675,0.289167,0.250000,0.289167,0.250000,0,0,0,0
8680,0.289333,0.250000,0.289333,0.250000,0,0,0,0
8685,0.289500,0.250000,0.289500,0.250000,0,0,0,0
8690,0.289667,0.250000,0.289667,0.250000,0,0,0,0
8695,0.289833,0.250000,0.289833,0.250000,0,0,0,0
8700,0.290000,0.250000,0.290000,0.250000,0,0,0,0
8705,0.290167,0.250000,0.290167,0.250000,0,0,0,0
8710,0.290333,0.250000,0.290333,0.250000,0,0,0,0
8715,0.290500,0.250000,0.290500,0.250000,0,0,0,0
8720,0.290667,0.250000,0.290667,0.250000,0,0,0,0
8725,0.290833,0.250000,0.290833,0.250000,0,0,0,0
8730,0.291000,0.250000,0.291000,0.250000,0,0,0,0
8735,0.291167,0.250000,0.291167,0.250000,0,0,0,0
8740,0.291333,0.250000,0.291333,0.250000,0,0,0,0
8745,0.291500,0.250000,0.291500,0.250000,0,0,0,0
8750,0.291667,0.250000,0.291667,0.250000,0,0,0,0
8755,0.291833,0.250000,0.291833,0.250000,0,0,0,0
8760,0.292000,0.250000,0.292000,0.250000,0,0,0,0
8765,0.292167,0.250000,0.292167,0.250000,0,0,0,0
8770,0.292333,0.250000,0.292333,0.250000,0,0,0,0
8775,0.292500,0.250000,0.292500,0.250000,0,0,0,0
8780,0.292667,0.250000,0.292667,0.250000,0,0,0,0
8785,0.292833,0.250000,0.292833,0.250000,0,0,0,0
8790,0.293000,0.250000,0.293000,0.250000,0,0,0,0
8795,0.293167,0.250000,0.293167,0.250000,0,0,0,0
8800,0.293333,0.250000,0.293333,0.250000,0,0,0,0
8805,0.293500,0.250000,0.293500,0.250000,0,0,0,0
8810,0.293667,0.250000,0.293667,0.250000,0,0,0,0
8815,0.293833,0.250000,0.293833,0.250000,0,0,0,0
8820,0.294000,0.250000,0.294000,0.250000,0,0,0,0
8825,0.294167,0.250000,0.294167,0.250000,0,0,0,0
8830,0.294333,0.250000,0.294333,0.250000,0,0,0,0
8835,0.294500,0.250000,0.294500,0.250000,0,0,0,0
8840,0.294667,0.250000,0.294667,0.250000,0,0,0,0
8845,0.294833,0.250000,0.294833,0.250000,0,0,0,0
8850,0.295000,0.250000,0.295000,0.250000,0,0,0,0
8855,0.295167,0.250000,0.295167,0.250000,0,0,0,0
8860,0.295333,0.250000,0.295333,0.250000,0,0,0,0
8865,0.295500,0.250000,0.295500,0.250000,0,0,0,0
8870,0.295667,0.250000,0.295667,0.250000,0,0,0,0
8875,0.295833,0.250000,0.295833,0.250000,0,0,0,0
8880,0.296000,0.250000,0.296000,0.250000,0,0,0,0
8885,0.296167,0.250000,0.296167,0.250000,0,0,0,0
8890,0.296333,0.250000,0.296333,0.250000,0,0,0,0
8895,0.296500,0.250000,0.296500,0.250000,0,0,0,0
8900,0.296667,0.250000,0.296667,0.250000,0,0,0,0
8905,0.296833,0.250000,0.296833,0.250000,0,0,0,0
8910,0.297000,0.250000,0.297000,0.250000,0,0,0,0
8915,0.297167,0.250000,0.297167,0.250000,0,0,0,0
8920,0.297333,0.250000,0.297333,0.250000,0,0,0,0
8925,0.297500,0.250000,0.297500,0.250000,0,0,0,0
8930,0.297667,0.250000,0.297667,0.250000,0,0,0,0
8935,0.297833,0.250000,0.297833,0.250000,0,0,0,0
8940,0.298000,0.250000,0.298000,0.250000,0,0,0,0
8945,0.298167,0.250000,0.298167,0.250000,0,0,0,0
8950,0.298333,0.250000,0.298333,0.250000,0,0,0,0
8955,0.298500,0.250000,0.298500,0.250000,0,0,0,0
8960,0.298667,0.250000,0.298667,0.250000,0,0,0,0
8965,0.298833,0.250000,0.298833,0.250000,0,0,0,0
8970,0.299000,0.250000,0.299000,0.250000,0,0,0,0
8975,0.299167,0.250000,0.299167,0.250000,0,0,0,0
8980,0.299333,0.250000,0.299333,0.250000,0,0,0,0
8985,0.299500,0.250000,0.299500,0.250000,0,0,0,0
8990,0.299667,0.250000,0.299667,0.250000,0,0,0,0
8995,0.299833,0.250000,0.299833,0.250000,0,0,0,0
9000,0.300000,0.250000,0.300000,0.250000,0,0,0,0
9005,0.300167,0.250000,0.300167,0.250000,0,0,0,0
9010,0.300333,0.250000,0.300333,0.250000,0,0,0,0
9015,0.300500,0.250000,0.300500,0.250000,0,0,0,0
9020,0.300667,0.250000,0.300667,0.250000,0,0,0,0
9025,0.300833,0.250000,0.300833,0.250000,0,0,0,0
9030,0.301000,0.250000,0.301000,0.250000,0,0,0,0
9035,0.301167,0.250000,0.301167,0.250000,0,0,0,0
9040,0.301333,0.250000,0.301333,0.250000,0,0,0,0
9045,0.301500,0.250000,0.301500,0.250000,0,0,0,0
9050,0.301667,0.250000,0.301667,0.250000,0,0,0,0
9055,0.301833,0.250000,0.301833,0.250000,0,0,0,0
9060,0.302000,0.250000,0.302000,0.250000,0,0,0,0
9065,0.302167,0.250000,0.302167,0.250000,0,0,0,0
9070,0.302333,0.250000,0.302333,0.250000,0,0,0,0
9075,0.302500,0.250000,0.302500,0.250000,0,0,0,0
9080,0.302667,0.250000,0.302667,0.250000,0,0,0,0
9085,0.302833,0.250000,0.302833,0.250000,0,0,0,0
9090,0.303000,0.250000,0.303000,0.250000,0,0,0,0
9095,0.303167,0.250000,0.303167,0.250000,0,0,0,0
9100,0.303333,0.250000,0.303333,0.250000,0,0,0,0
9105,0.303500,0.250000,0.303500,0.250000,0,0,0,0
9110,0.303667,0.250000,0.303667,0.250000,0,0,0,0
9115,0.303833,0.250000,0.303833,0.250000,0,0,0,0
9120,0.304000,0.250000,0.304000,0.250000,0,0,0,0
9125,0.304167,0.250000,0.304167,0.250000,0,0,0,0
9130,0.304333,0.250000,0.304333,0.250000,0,0,0,0
9135,0.304500,0.250000,0.304500,0.250000,0,0,0,0
9140,0.304667,0.250000,0.304667,0.250000,0,0,0,0
9145,0.304833,0.250000,0.304833,0.250000,0,0,0,0
9150,0.305000,0.250000,0.305000,0.250000,0,0,0,0
9155,0.305167,0.250000,0.305167,0.250000,0,0,0,0
9160,0.305333,0.250000,0.305333,0.250000,0,0,0,0
9165,0.305500,0.250000,0.305500,0.250000,0,0,0,0
9170,0.305667,0.250000,0.305667,0.250000,0,0,0,0
9175,0.305833,0.250000,0.305833,0.250000,0,0,0,0
9180,0.306000,0.250000,0.306000,0.250000,0,0,0,0
9185,0.306167,0.250000,0.306167,0.250000,0,0,0,0
9190,0.306333,0.250000,0.306333,0.250000,0,0,0,0
9195,0.306500,0.250000,0.306500,0.250000,0,0,0,0
9200,0.306667,0.250000,0.306667,0.250000,0,0,0,0
9205,0.306833,0.250000,0.306833,0.250000,0,0,0,0
9210,0.307000,0.250000,0.307000,0.250000,0,0,0,0
9215,0.307167,0.250000,0.307167,0.250000,0,0,0,0
9220,0.307333,0.250000,0.307333,0.250000,0,0,0,0
9225,0.307500,0.250000,0.307500,0.250000,0,0,0,0
9230,0.307667,0.250000,0.307667,0.250000,0,0,0,0
9235,0.307833,0.250000,0.307833,0.250000,0,0,0,0
9240,0.308000,0.250000,0.308000,0.250000,0,0,0,0
9245,0.308167,0.250000,0.308167,0.250000,0,0,0,0
9250,0.308333,0.250000,0.308333,0.250000,0,0,0,0
9255,0.308500,0.250000,0.308500,0.250000,0,0,0,0
9260,0.308667,0.250000,0.308667,0.250000,0,0,0,0
9265,0.308833,0.250000,0.308833,0.250000,0,0,0,0
9270,0.309000,0.250000,0.309000,0.250000,0,0,0,0
9275,0.309167,0.250000,0.309167,0.250000,0,0,0,0
9280,0.309333,0.250000,0.309333,0.250000,0,0,0,0
9285,0.309500,0.250000,0.309500,0.250000,0,0,0,0
9290,0.309667,0.250000,0.309667,0.250000,0,0,0,0
9295,0.309833,0.250000,0.309833,0.250000,0,0,0,0
9300,0.310000,0.250000,0.310000,0.250000,0,0,0,0
9305,0.310167,0.250000,0.310167,0.250000,0,0,0,0
9310,0.310333,0.250000,0.310333,0.250000,0,0,0,0
9315,0.310500,0.250000,0.310500,0.250000,0,0,0,0
9320,0.310667,0.250000,0.310667,0.250000,0,0,0,0
9325,0.310833,0.250000,0.310833,0.250000,0,0,0,0
9330,0.311000,0.250000,0.311000,0.250000,0,0,0,0
9335,0.311167,0.250000,0.311167,0.250000,0,0,0,0
9340,0.311333,0.250000,0.311333,0.250000,0,0,0,0
9345,0.311500,0.250000,0.311500,0.250000,0,0,0,0
9350,0.311667,0.250000,0.311667,0.250000,0,0,0,0
9355,0.311833,0.250000,0.311833,0.250000,0,0,0,0
9360,0.312000,0.250000,0.312000,0.250000,0,0,0,0
9365,0.312167,0.250000,0.312167,0.250000,0,0,0,0
9370,0.312333,0.250000,0.312333,0.250000,0,0,0,0
9375,0.312500,0.250000,0.312500,0.250000,0,0,0,0
9380,0.312667,0.250000,0.312667,0.250000,0,0,0,0
9385,0.312833,0.250000,0.312833,0.250000,0,0,0,0
9390,0.313000,0.250000,0.313000,0.250000,0,0,0,0
9395,0.313167,0.250000,0.313167,0.250000,0,0,0,0
9400,0.313333,0.250000,0.313333,0.250000,0,0,0,0
9405,0.313500,0.250000,0.313500,0.250000,0,0,0,0
9410,0.313667,0.250000,0.313667,0.250000,0,0,0,0
9415,0.313833,0.250000,0.313833,0.250000,0,0,0,0
9420,0.314000,0.250000,0.314000,0.250000,0,0,0,0
9425,0.314167,0.250000,0.314167,0.250000,0,0,0,0
9430,0.314333,0.250000,0.314333,0.250000,0,0,0,0
9435,0.314500,0.250000,0.314500,0.250000,0,0,0,0
9440,0.314667,0.250000,0.314667,0.250000,0,0,0,0
9445,0.314833,0.250000,0.314833,0.250000,0,0,0,0
9450,0.315000,0.250000,0.315000,0.250000,0,0,0,0
9455,0.315167,0.250000,0.315167,0.250000,0,0,0,0
9460,0.315333,0.250000,0.315333,0.250000,0,0,0,0
9465,0.315500,0.250000,0.315500,0.250000,0,0,0,0
9470,0.315667,0.250000,0.315667,0.250000,0,0,0,0
9475,0.315833,0.250000,0.315833,0.250000,0,0,0,0
9480,0.316000,0.250000,0.316000,0.250000,0,0,0,0
9485,0.316167,0.250000,0.316167,0.250000,0,0,0,0
9490,0.316333,0.250000,0.316333,0.250000,0,0,0,0
9495,0.316500,0.250000,0.316500,0.250000,0,0,0,0
9500,0.316667,0.250000,0.316667,0.250000,0,0,0,0
9505,0.316833,0.250000,0.316833,0.250000,0,0,0,0
9510,0.317000,0.250000,0.317000,0.250000,0,0,0,0
9515,0.317167,0.250000,0.317167,0.250000,0,0,0,0
9520,0.317333,0.250000,0.317333,0.250000,0,0,0,0
9525,0.317500,0.250000,0.317500,0.250000,0,0,0,0
9530,0.317667,0.250000,0.317667,0.250000,0,0,0,0
9535,0.317833,0.250000,0.317833,0.250000,0,0,0,0
9540,0.318000,0.250000,0.318000,0.250000,0,0,0,0
9545,0.318167,0.250000,0.318167,0.250000,0,0,0,0
9550,0.318333,0.250000,0.318333,0.250000,0,0,0,0
9555,0.318500,0.250000,0.318500,0.250000,0,0,0,0
9560,0.318667,0.250000,0.318667,0.250000,0,0,0,0
9565,0.318833,0.250000,0.318833,0.250000,0,0,0,0
9570,0.319000,0.250000,0.319000,0.250000,0,0,0,0
9575,0.319167,0.250000,0.319167,0.250000,0,0,0,0
9580,0.319333,0.250000,0.319333,0.250000,0,0,0,0
9585,0.319500,0.250000,0.319500,0.250000,0,0,0,0
9590,0.319667,0.250000,0.319667,0.250000,0,0,0,0
9595,0.319833,0.250000,0.319833,0.250000,0,0,0,0
9600,0.320000,0.250000,0.320000,0.250000,0,0,0,0
9605,0.320167,0.250000,0.320167,0.250000,0,0,0,0
9610,0.320333,0.250000,0.320333,0.250000,0,0,0,0
9615,0.320500,0.250000,0.320500,0.250000,0,0,0,0
9620,0.320667,0.250000,0.320667,0.250000,0,0,0,0
9625,0.320833,0.250000,0.320833,0.250000,0,0,0,0
9630,0.321000,0.250000,0.321000,0.250000,0,0,0,0
9635,0.321167,0.250000,0.321167,0.250000,0,0,0,0
9640,0.321333,0.250000,0.321333,0.250000,0,0,0,0
9645,0.321500,0.250000,0.321500,0.250000,0,0,0,0
9650,0.321667,0.250000,0.321667,0.250000,0,0,0,0
9655,0.321833,0.250000,0.321833,0.250000,0,0,0,0
9660,0.322000,0.250000,0.322000,0.250000,0,0,0,0
9665,0.322167,0.250000,0.322167,0.250000,0,0,0,0
9670,0.322333,0.250000,0.322333,0.250000,0,0,0,0
9675,0.322500,0.250000,0.322500,0.250000,0,0,0,0
9680,0.322667,0.250000,0.322667,0.250000,0,0,0,0
9685,0.322833,0.250000,0.322833,0.250000,0,0,0,0
9690,0.323000,0.250000,0.323000,0.250000,0,0,0,0
9695,0.323167,0.250000,0.323167,0.250000,0,0,0,0
9700,0.323333,0.250000,0.323333,0.250000,0,0,0,0
9705,0.323500,0.250000,0.323500,0.250000,0,0,0,0
9710,0.323667,0.250000,0.323667,0.250000,0,0,0,0
9715,0.323833,0.250000,0.323833,0.250000,0,0,0,0
9720,0.324000,0.250000,0.324000,0.250000,0,0,0,0
9725,0.324167,0.250000,0.324167,0.250000,0,0,0,0
9730,0.324333,0.250000,0.324333,0.250000,0,0,0,0
9735,0.324500,0.250000,0.324500,0.250000,0,0,0,0
9740,0.324667,0.250000,0.324667,0.250000,0,0,0,0
9745,0.324833,0.250000,0.324833,0.250000,0,0,0,0
9750,0.325000,0.250000,0.325000,0.250000,0,0,0,0
9755,0.325167,0.250000,0.325167,0.250000,0,0,0,0
9760,0.325333,0.250000,0.325333,0.250000,0,0,0,0
9765,0.325500,0.250000,0.325500,0.250000,0,0,0,0
9770,0.325667,0.250000,0.325667,0.250000,0,0,0,0
9775,0.325833,0.250000,0.325833,0.250000,0,0,0,0
9780,0.326000,0.250000,0.326000,0.250000,0,0,0,0
9785,0.326167,0.250000,0.326167,0.250000,0,0,0,0
9790,0.326333,0.250000,0.326333,0.250000,0,0,0,0
9795,0.326500,0.250000,0.326500,0.250000,0,0,0,0
9800,0.326667,0.250000,0.326667,0.250000,0,0,0,0
9805,0.326833,0.250000,0.326833,0.250000,0,0,0,0
9810,0.327000,0.250000,0.327000,0.250000,0,0,0,0
9815,0.327167,0.250000,0.327167,0.250000,0,0,0,0
9820,0.327333,0.250000,0.327333,0.250000,0,0,0,0
9825,0.327500,0.250000,0.327500,0.250000,0,0,0,0
9830,0.327667,0.250000,0.327667,0.250000,0,0,0,0
9835,0.327833,0.250000,0.327833,0.250000,0,0,0,0
9840,0.328000,0.250000,0.328000,0.250000,0,0,0,0
9845,0.328167,0.250000,0.328167,0.250000,0,0,0,0
9850,0.328333,0.250000,0.328333,0.250000,0,0,0,0
9855,0.328500,0.250000,0.328500,0.250000,0,0,0,0
9860,0.328667,0.250000,0.328667,0.250000,0,0,0,0
9865,0.328833,0.250000,0.328833,0.250000,0,0,0,0
9870,0.329000,0.250000,0.329000,0.250000,0,0,0,0
9875,0.329167,0.250000,0.329167,0.250000,0,0,0,0
9880,0.329333,0.250000,0.329333,0.250000,0,0,0,0
9885,0.329500,0.250000,0.329500,0.250000,0,0,0,0
9890,0.329667,0.250000,0.329667,0.250000,0,0,0,0
9895,0.329833,0.250000,0.329833,0.250000,0,0,0,0
9900,0.330000,0.250000,0.330000,0.250000,0,0,0,0
9905,0.330167,0.250000,0.330167,0.250000,0,0,0,0
9910,0.330333,0.250000,0.330333,0.250000,0,0,0,0
9915,0.330500,0.250000,0.330500,0.250000,0,0,0,0
9920,0.330667,0.250000,0.330667,0.250000,0,0,0,0
9925,0.330833,0.250000,0.330833,0.250000,0,0,0,0
9930,0.331000,0.250000,0.331000,0.250000,0,0,0,0
9935,0.331167,0.250000,0.331167,0.250000,0,0,0,0
9940,0.331333,0.250000,0.331333,0.250000,0,0,0,0
9945,0.331500,0.250000,0.331500,0.250000,0,0,0,0
9950,0.331667,0.250000,0.331667,0.250000,0,0,0,0
9955,0.331833,0.250000,0.331833,0.250000,0,0,0,0
9960,0.332000,0.250000,0.332000,0.250000,0,0,0,0
9965,0.332167,0.250000,0.332167,0.250000,0,0,0,0
9970,0.332333,0.250000,0.332333,0.250000,0,0,0,0
9975,0.332500,0.250000,0.332500,0.250000,0,0,0,0
9980,0.332667,0.250000,0.332667,0.250000,0,0,0,0
9985,0.332833,0.250000,0.332833,0.250000,0,0,0,0
9990,0.333000,0.250000,0.333000,0.250000,0,0,0,0
9995,0.333167,0.250000,0.333167,0.250000,0,0,0,0
10000,0.333333,0.800000,0.333333,0.800000,0,0,0,0
10005,0.333500,0.800000,0.333500,0.800000,0,0,0,0
10010,0.333667,0.800000,0.333667,0.800000,0,0,0,0
10015,0.333833,0.800000,0.333833,0.800000,0,0,0,0
10020,0.334000,0.800000,0.334000,0.800000,0,0,0,0
10025,0.334167,0.800000,0.334167,0.800000,0,0,0,0
10030,0.334333,0.800000,0.334333,0.800000,0,0,0,0
10035,0.334500,0.800000,0.334500,0.800000,0,0,0,0
10040,0.334667,0.800000,0.334667,0.800000,0,0,0,0
10045,0.334833,0.800000,0.334833,0.800000,0,0,0,0
10050,0.335000,0.800000,0.335000,0.800000,0,0,0,0
10055,0.335167,0.800000,0.335167,0.800000,0,0,0,0
10060,0.335333,0.800000,0.335333,0.800000,0,0,0,0
10065,0.335500,0.800000,0.335500,0.800000,0,0,0,0
10070,0.335667,0.800000,0.335667,0.800000,0,0,0,0
10075,0.335833,0.800000,0.335833,0.800000,0,0,0,0
10080,0.336000,0.800000,0.336000,0.800000,0,0,0,0
10085,0.336167,0.800000,0.336167,0.800000,0,0,0,0
10090,0.336333,0.800000,0.336333,0.800000,0,0,0,0
10095,0.336500,0.800000,0.336500,0.800000,0,0,0,0
10100,0.336667,0.800000,0.336667,0.800000,0,0,0,0
10105,0.336833,0.800000,0.336833,0.800000,0,0,0,0
10110,0.337000,0.800000,0.337000,0.800000,0,0,0,0
10115,0.337167,0.800000,0.337167,0.800000,0,0,0,0
10120,0.337333,0.800000,0.337333,0.800000,0,0,0,0
10125,0.337500,0.800000,0.337500,0.800000,0,0,0,0
10130,0.337667,0.800000,0.337667,0.800000,0,0,0,0
10135,0.337833,0.800000,0.337833,0.800000,0,0,0,0
10140,0.338000,0.800000,0.338000,0.800000,0,0,0,0
10145,0.338167,0.800000,0.338167,0.800000,0,0,0,0
10150,0.338333,0.800000,0.338333,0.800000,0,0,0,0
10155,0.338500,0.800000,0.338500,0.800000,0,0,0,0
10160,0.338667,0.800000,0.338667,0.800000,0,0,0,0
10165,0.338833,0.800000,0.338833,0.800000,0,0,0,0
10170,0.339000,0.800000,0.339000,0.800000,0,0,0,0
10175,0.339167,0.800000,0.339167,0.800000,0,0,0,0
10180,0.339333,0.800000,0.339333,0.800000,0,0,0,0
10185,0.339500,0.800000,0.339500,0.800000,0,0,0,0
10190,0.339667,0.800000,0.339667,0.800000,0,0,0,0
10195,0.339833,0.800000,0.339833,0.800000,0,0,0,0
10200,0.340000,0.800000,0.340000,0.800000,0,0,0,0
10205,0.340167,0.800000,0.340167,0.800000,0,0,0,0
10210,0.340333,0.800000,0.340333,0.800000,0,0,0,0
10215,0.340500,0.800000,0.340500,0.800000,0,0,0,0
10220,0.340667,0.800000,0.340667,0.800000,0,0,0,0
10225,0.340833,0.800000,0.340833,0.800000,0,0,0,0
10230,0.341000,0.800000,0.341000,0.800000,0,0,0,0
10235,0.341167,0.800000,0.341167,0.800000,0,0,0,0
10240,0.341333,0.800000,0.341333,0.800000,0,0,0,0
10245,0.341500,0.800000,0.341500,0.800000,0,0,0,0
10250,0.341667,0.800000,0.341667,0.800000,0,0,0,0
10255,0.341833,0.800000,0.341833,0.800000,0,0,0,0
10260,0.342000,0.800000,0.342000,0.800000,0,0,0,0
10265,0.342167,0.800000,0.342167,0.800000,0,0,0,0
10270,0.342333,0.800000,0.342333,0.800000,0,0,0,0
10275,0.342500,0.800000,0.342500,0.800000,0,0,0,0
10280,0.342667,0.800000,0.342667,0.800000,0,0,0,0
10285,0.342833,0.800000,0.342833,0.800000,0,0,0,0
10290,0.343000,0.800000,0.343000,0.800000,0,0,0,0
10295,0.343167,0.800000,0.343167,0.800000,0,0,0,0
10300,0.343333,0.800000,0.343333,0.800000,0,0,0,0
10305,0.343500,0.800000,0.343500,0.800000,0,0,0,0
10310,0.343667,0.800000,0.343667,0.800000,0,0,0,0
10315,0.343833,0.800000,0.343833,0.800000,0,0,0,0
10320,0.344000,0.800000,0.344000,0.800000,0,0,0,0
10325,0.344167,0.800000,0.344167,0.800000,0,0,0,0
10330,0.344333,0.800000,0.344333,0.800000,0,0,0,0
10335,0.344500,0.800000,0.344500,0.800000,0,0,0,0
10340,0.344667,0.800000,0.344667,0.800000,0,0,0,0
10345,0.344833,0.800000,0.344833,0.800000,0,0,0,0
10350,0.345000,0.800000,0.345000,0.800000,0,0,0,0
10355,0.345167,0.800000,0.345167,0.800000,0,0,0,0
10360,0.345333,0.800000,0.345333,0.800000,0,0,0,0
10365,0.345500,0.800000,0.345500,0.800000,0,0,0,0
10370,0.345667,0.800000,0.345667,0.800000,0,0,0,0
10375,0.345833,0.800000,0.345833,0.800000,0,0,0,0
10380,0.346000,0.800000,0.346000,0.800000,0,0,0,0
10385,0.346167,0.800000,0.346167,0.800000,0,0,0,0
10390,0.346333,0.800000,0.346333,0.800000,0,0,0,0
10395,0.346500,0.800000,0.346500,0.800000,0,0,0,0
10400,0.346667,0.800000,0.346667,0.800000,0,0,0,0
10405,0.346833,0.800000,0.346833,0.800000,0,0,0,0
10410,0.347000,0.800000,0.347000,0.800000,0,0,0,0
10415,0.347167,0.800000,0.347167,0.800000,0,0,0,0
10420,0.347333,0.800000,0.347333,0.800000,0,0,0,0
10425,0.347500,0.800000,0.347500,0.800000,0,0,0,0
10430,0.347667,0.800000,0.347667,0.800000,0,0,0,0
10435,0.347833,0.800000,0.347833,0.800000,0,0,0,0
10440,0.348000,0.800000,0.348000,0.800000,0,0,0,0
10445,0.348167,0.800000,0.348167,0.800000,0,0,0,0
10450,0.348333,0.800000,0.348333,0.800000,0,0,0,0
10455,0.348500,0.800000,0.348500,0.800000,0,0,0,0
10460,0.348667,0.800000,0.348667,0.800000,0,0,0,0
10465,0.348833,0.800000,0.348833,0.800000,0,0,0,0
10470,0.349000,0.800000,0.349000,0.800000,0,0,0,0
10475,0.349167,0.800000,0.349167,0.800000,0,0,0,0
10480,0.349333,0.800000,0.349333,0.800000,0,0,0,0
10485,0.349500,0.800000,0.349500,0.800000,0,0,0,0
10490,0.349667,0.800000,0.349667,0.800000,0,0,0,0
10495,0.349833,0.800000,0.349833,0.800000,0,0,0,0
10500,0.350000,0.800000,0.350000,0.800000,0,0,0,0
10505,0.350167,0.800000,0.350167,0.800000,0,0,0,0
10510,0.350333,0.800000,0.350333,0.800000,0,0,0,0
10515,0.350500,0.800000,0.350500,0.800000,0,0,0,0
10520,0.350667,0.800000,0.350667,0.800000,0,0,0,0
10525,0.350833,0.800000,0.350833,0.800000,0,0,0,0
10530,0.351000,0.800000,0.351000,0.800000,0,0,0,0
10535,0.351167,0.800000,0.351167,0.800000,0,0,0,0
10540,0.351333,0.800000,0.351333,0.800000,0,0,0,0
10545,0.351500,0.800000,0.351500,0.800000,0,0,0,0
10550,0.351667,0.800000,0.351667,0.800000,0,0,0,0
10555,0.351833,0.800000,0.351833,0.800000,0,0,0,0
10560,0.352000,0.800000,0.352000,0.800000,0,0,0,0
10565,0.352167,0.800000,0.352167,0.800000,0,0,0,0
10570,0.352333,0.800000,0.352333,0.800000,0,0,0,0
10575,0.352500,0.800000,0.352500,0.800000,0,0,0,0
10580,0.352667,0.800000,0.352667,0.800000,0,0,0,0
10585,0.352833,0.800000,0.352833,0.800000,0,0,0,0
10590,0.353000,0.800000,0.353000,0.800000,0,0,0,0
10595,0.353167,0.800000,0.353167,0.800000,0,0,0,0
10600,0.353333,0.800000,0.353333,0.800000,0,0,0,0
10605,0.353500,0.800000,0.353500,0.800000,0,0,0,0
10610,0.353667,0.800000,0.353667,0.800000,0,0,0,0
10615,0.353833,0.800000,0.353833,0.800000,0,0,0,0
10620,0.354000,0.800000,0.354000,0.800000,0,0,0,0
10625,0.354167,0.800000,0.354167,0.800000,0,0,0,0
10630,0.354333,0.800000,0.354333,0.800000,0,0,0,0
10635,0.354500,0.800000,0.354500,0.800000,0,0,0,0
10640,0.354667,0.800000,0.354667,0.800000,0,0,0,0
10645,0.354833,0.800000,0.354833,0.800000,0,0,0,0
10650,0.355000,0.800000,0.355000,0.800000,0,0,0,0
10655,0.355167,0.800000,0.355167,0.800000,0,0,0,0
10660,0.355333,0.800000,0.355333,0.800000,0,0,0,0
10665,0.355500,0.800000,0.355500,0.800000,0,0,0,0
10670,0.355667,0.800000,0.355667,0.800000,0,0,0,0
10675,0.355833,0.800000,0.355833,0.800000,0,0,0,0
10680,0.356000,0.800000,0.356000,0.800000,0,0,0,0
10685,0.356167,0.800000,0.356167,0.800000,0,0,0,0
10690,0.356333,0.800000,0.356333,0.800000,0,0,0,0
10695,0.356500,0.800000,0.356500,0.800000,0,0,0,0
10700,0.356667,0.800000,0.356667,0.800000,0,0,0,0
10705,0.356833,0.800000,0.356833,0.800000,0,0,0,0
10710,0.357000,0.800000,0.357000,0.800000,0,0,0,0
10715,0.357167,0.800000,0.357167,0.800000,0,0,0,0
10720,0.357333,0.800000,0.357333,0.800000,0,0,0,0
10725,0.357500,0.800000,0.357500,0.800000,0,0,0,0
10730,0.357667,0.800000,0.357667,0.800000,0,0,0,0
10735,0.357833,0.800000,0.357833,0.800000,0,0,0,0
10740,0.358000,0.800000,0.358000,0.800000,0,0,0,0
10745,0.358167,0.800000,0.358167,0.800000,0,0,0,0
10750,0.358333,0.800000,0.358333,0.800000,0,0,0,0
10755,0.358500,0.800000,0.358500,0.800000,0,0,0,0
10760,0.358667,0.800000,0.358667,0.800000,0,0,0,0
10765,0.358833,0.800000,0.358833,0.800000,0,0,0,0
10770,0.359000,0.800000,0.359000,0.800000,0,0,0,0
10775,0.359167,0.800000,0.359167,0.800000,0,0,0,0
10780,0.359333,0.800000,0.359333,0.800000,0,0,0,0
10785,0.359500,0.800000,0.359500,0.800000,0,0,0,0
10790,0.359667,0.800000,0.359667,0.800000,0,0,0,0
10795,0.359833,0.800000,0.359833,0.800000,0,0,0,0
10800,0.360000,0.800000,0.360000,0.800000,0,0,0,0
10805,0.360167,0.800000,0.360167,0.800000,0,0,0,0
10810,0.360333,0.800000,0.360333,0.800000,0,0,0,0
10815,0.360500,0.800000,0.360500,0.800000,0,0,0,0
10820,0.360667,0.800000,0.360667,0.800000,0,0,0,0
10825,0.360833,0.800000,0.360833,0.800000,0,0,0,0
10830,0.361000,0.800000,0.361000,0.800000,0,0,0,0
10835,0.361167,0.800000,0.361167,0.800000,0,0,0,0
10840,0.361333,0.800000,0.361333,0.800000,0,0,0,0
10845,0.361500,0.800000,0.361500,0.800000,0,0,0,0
10850,0.361667,0.800000,0.361667,0.800000,0,0,0,0
10855,0.361833,0.800000,0.361833,0.800000,0,0,0,0
10860,0.362000,0.800000,0.362000,0.800000,0,0,0,0
10865,0.362167,0.800000,0.362167,0.800000,0,0,0,0
10870,0.362333,0.800000,0.362333,0.800000,0,0,0,0
10875,0.362500,0.800000,0.362500,0.800000,0,0,0,0
10880,0.362667,0.800000,0.362667,0.800000,0,0,0,0
10885,0.362833,0.800000,0.362833,0.800000,0,0,0,0
10890,0.363000,0.800000,0.363000,0.800000,0,0,0,0
10895,0.363167,0.800000,0.363167,0.800000,0,0,0,0
10900,0.363333,0.800000,0.363333,0.800000,0,0,0,0
10905,0.363500,0.800000,0.363500,0.800000,0,0,0,0
10910,0.363667,0.800000,0.363667,0.800000,0,0,0,0
10915,0.363833,0.800000,0.363833,0.800000,0,0,0,0
10920,0.364000,0.800000,0.364000,0.800000,0,0,0,0
10925,0.364167,0.800000,0.364167,0.800000,0,0,0,0
10930,0.364333,0.800000,0.364333,0.800000,0,0,0,0
10935,0.364500,0.800000,0.364500,0.800000,0,0,0,0
10940,0.364667,0.800000,0.364667,0.800000,0,0,0,0
10945,0.364833,0.800000,0.364833,0.800000,0,0,0,0
10950,0.365000,0.800000,0.365000,0.800000,0,0,0,0
10955,0.365167,0.800000,0.365167,0.800000,0,0,0,0
10960,0.365333,0.800000,0.365333,0.800000,0,0,0,0
10965,0.365500,0.800000,0.365500,0.800000,0,0,0,0
10970,0.365667,0.800000,0.365667,0.800000,0,0,0,0
10975,0.365833,0.800000,0.365833,0.800000,0,0,0,0
10980,0.366000,0.800000,0.366000,0.800000,0,0,0,0
10985,0.366167,0.800000,0.366167,0.800000,0,0,0,0
10990,0.366333,0.800000,0.366333,0.800000,0,0,0,0
10995,0.366500,0.800000,0.366500,0.800000,0,0,0,0
11000,0.366667,0.250000,0.366667,0.250000,0,0,0,0
11005,0.366833,0.250000,0.366833,0.250000,0,0,0,0
11010,0.367000,0.250000,0.367000,0.250000,0,0,0,0
11015,0.367167,0.250000,0.367167,0.250000,0,0,0,0
11020,0.367333,0.250000,0.367333,0.250000,0,0,0,0
11025,0.367500,0.250000,0.367500,0.250000,0,0,0,0
11030,0.367667,0.250000,0.367667,0.250000,0,0,0,0
11035,0.367833,0.250000,0.367833,0.250000,0,0,0,0
11040,0.368000,0.250000,0.368000,0.250000,0,0,0,0
11045,0.368167,0.250000,0.368167,0.250000,0,0,0,0
11050,0.368333,0.250000,0.368333,0.250000,0,0,0,0
11055,0.368500,0.250000,0.368500,0.250000,0,0,0,0
11060,0.368667,0.250000,0.368667,0.250000,0,0,0,0
11065,0.368833,0.250000,0.368833,0.250000,0,0,0,0
11070,0.369000,0.250000,0.369000,0.250000,0,0,0,0
11075,0.369167,0.250000,0.369167,0.250000,0,0,0,0
11080,0.369333,0.250000,0.369333,0.250000,0,0,0,0
11085,0.369500,0.250000,0.369500,0.250000,0,0,0,0
11090,0.369667,0.250000,0.369667,0.250000,0,0,0,0
11095,0.369833,0.250000,0.369833,0.250000,0,0,0,0
11100,0.370000,0.250000,0.370000,0.250000,0,0,0,0
11105,0.370167,0.250000,0.370167,0.250000,0,0,0,0
11110,0.370333,0.250000,0.370333,0.250000,0,0,0,0
11115,0.370500,0.250000,0.370500,0.250000,0,0,0,0
11120,0.370667,0.250000,0.370667,0.250000,0,0,0,0
11125,0.370833,0.250000,0.370833,0.250000,0,0,0,0
11130,0.371000,0.250000,0.371000,0.250000,0,0,0,0
11135,0.371167,0.250000,0.371167,0.250000,0,0,0,0
11140,0.371333,0.250000,0.371333,0.250000,0,0,0,0
11145,0.371500,0.250000,0.371500,0.250000,0,0,0,0
11150,0.371667,0.250000,0.371667,0.250000,0,0,0,0
11155,0.371833,0.250000,0.371833,0.250000,0,0,0,0
11160,0.372000,0.250000,0.372000,0.250000,0,0,0,0
11165,0.372167,0.250000,0.372167,0.250000,0,0,0,0
11170,0.372333,0.250000,0.372333,0.250000,0,0,0,0
11175,0.372500,0.250000,0.372500,0.250000,0,0,0,0
11180,0.372667,0.250000,0.372667,0.250000,0,0,0,0
11185,0.372833,0.250000,0.372833,0.250000,0,0,0,0
11190,0.373000,0.250000,0.373000,0.250000,0,0,0,0
11195,0.373167,0.250000,0.373167,0.250000,0,0,0,0
11200,0.373333,0.250000,0.373333,0.250000,0,0,0,0
11205,0.373500,0.250000,0.373500,0.250000,0,0,0,0
11210,0.373667,0.250000,0.373667,0.250000,0,0,0,0
11215,0.373833,0.250000,0.373833,0.250000,0,0,0,0
11220,0.374000,0.250000,0.374000,0.250000,0,0,0,0
11225,0.374167,0.250000,0.374167,0.250000,0,0,0,0
11230,0.374333,0.250000,0.374333,0.250000,0,0,0,0
11235,0.374500,0.250000,0.374500,0.250000,0,0,0,0
11240,0.374667,0.250000,0.374667,0.250000,0,0,0,0
11245,0.374833,0.250000,0.374833,0.250000,0,0,0,0
11250,0.375000,0.250000,0.375000,0.250000,0,0,0,0
11255,0.375167,0.250000,0.375167,0.250000,0,0,0,0
11260,0.375333,0.250000,0.375333,0.250000,0,0,0,0
11265,0.375500,0.250000,0.375500,0.250000,0,0,0,0
11270,0.375667,0.250000,0.375667,0.250000,0,0,0,0
11275,0.375833,0.250000,0.375833,0.250000,0,0,0,0
11280,0.376000,0.250000,0.376000,0.250000,0,0,0,0
11285,0.376167,0.250000,0.376167,0.250000,0,0,0,0
11290,0.376333,0.250000,0.376333,0.250000,0,0,0,0
11295,0.376500,0.250000,0.376500,0.250000,0,0,0,0
11300,0.376667,0.250000,0.376667,0.250000,0,0,0,0
11305,0.376833,0.250000,0.376833,0.250000,0,0,0,0
11310,0.377000,0.250000,0.377000,0.250000,0,0,0,0
11315,0.377167,0.250000,0.377167,0.250000,0,0,0,0
11320,0.377333,0.250000,0.377333,0.250000,0,0,0,0
11325,0.377500,0.250000,0.377500,0.250000,0,0,0,0
11330,0.377667,0.250000,0.377667,0.250000,0,0,0,0
11335,0.377833,0.250000,0.377833,0.250000,0,0,0,0
11340,0.378000,0.250000,0.378000,0.250000,0,0,0,0
11345,0.378167,0.250000,0.378167,0.250000,0,0,0,0
11350,0.378333,0.250000,0.378333,0.250000,0,0,0,0
11355,0.378500,0.250000,0.378500,0.250000,0,0,0,0
11360,0.378667,0.250000,0.378667,0.250000,0,0,0,0
11365,0.378833,0.250000,0.378833,0.250000,0,0,0,0
11370,0.379000,0.250000,0.379000,0.250000,0,0,0,0
11375,0.379167,0.250000,0.379167,0.250000,0,0,0,0
11380,0.379333,0.250000,0.379333,0.250000,0,0,0,0
11385,0.379500,0.250000,0.379500,0.250000,0,0,0,0
11390,0.379667,0.250000,0.379667,0.250000,0,0,0,0
11395,0.379833,0.250000,0.379833,0.250000,0,0,0,0
11400,0.380000,0.250000,0.380000,0.250000,0,0,0,0
11405,0.380167,0.250000,0.380167,0.250000,0,0,0,0
11410,0.380333,0.250000,0.380333,0.250000,0,0,0,0
11415,0.380500,0.250000,0.380500,0.250000,0,0,0,0
11420,0.380667,0.250000,0.380667,0.250000,0,0,0,0
11425,0.380833,0.250000,0.380833,0.250000,0,0,0,0
11430,0.381000,0.250000,0.381000,0.250000,0,0,0,0
11435,0.381167,0.250000,0.381167,0.250000,0,0,0,0
11440,0.381333,0.250000,0.381333,0.250000,0,0,0,0
11445,0.381500,0.250000,0.381500,0.250000,0,0,0,0
11450,0.381667,0.250000,0.381667,0.250000,0,0,0,0
11455,0.381833,0.250000,0.381833,0.250000,0,0,0,0
11460,0.382000,0.250000,0.382000,0.250000,0,0,0,0
11465,0.382167,0.250000,0.382167,0.250000,0,0,0,0
11470,0.382333,0.250000,0.382333,0.250000,0,0,0,0
11475,0.382500,0.250000,0.382500,0.250000,0,0,0,0
11480,0.382667,0.250000,0.382667,0.250000,0,0,0,0
11485,0.382833,0.250000,0.382833,0.250000,0,0,0,0
11490,0.383000,0.250000,0.383000,0.250000,0,0,0,0
11495,0.383167,0.250000,0.383167,0.250000,0,0,0,0
11500,0.383333,0.250000,0.383333,0.250000,0,0,0,0
11505,0.383500,0.250000,0.383500,0.250000,0,0,0,0
11510,0.383667,0.250000,0.383667,0.250000,0,0,0,0
11515,0.383833,0.250000,0.383833,0.250000,0,0,0,0
11520,0.384000,0.250000,0.384000,0.250000,0,0,0,0
11525,0.384167,0.250000,0.384167,0.250000,0,0,0,0
11530,0.384333,0.250000,0.384333,0.250000,0,0,0,0
11535,0.384500,0.250000,0.384500,0.250000,0,0,0,0
11540,0.384667,0.250000,0.384667,0.250000,0,0,0,0
11545,0.384833,0.250000,0.384833,0.250000,0,0,0,0
11550,0.385000,0.250000,0.385000,0.250000,0,0,0,0
11555,0.385167,0.250000,0.385167,0.250000,0,0,0,0
11560,0.385333,0.250000,0.385333,0.250000,0,0,0,0
11565,0.385500,0.250000,0.385500,0.250000,0,0,0,0
11570,0.385667,0.250000,0.385667,0.250000,0,0,0,0
11575,0.385833,0.250000,0.385833,0.250000,0,0,0,0
11580,0.386000,0.250000,0.386000,0.250000,0,0,0,0
11585,0.386167,0.250000,0.386167,0.250000,0,0,0,0
11590,0.386333,0.250000,0.386333,0.250000,0,0,0,0
11595,0.386500,0.250000,0.386500,0.250000,0,0,0,0
11600,0.386667,0.250000,0.386667,0.250000,0,0,0,0
11605,0.386833,0.250000,0.386833,0.250000,0,0,0,0
11610,0.387000,0.250000,0.387000,0.250000,0,0,0,0
11615,0.387167,0.250000,0.387167,0.250000,0,0,0,0
11620,0.387333,0.250000,0.387333,0.250000,0,0,0,0
11625,0.387500,0.250000,0.387500,0.250000,0,0,0,0
11630,0.387667,0.250000,0.387667,0.250000,0,0,0,0
11635,0.387833,0.250000,0.387833,0.250000,0,0,0,0
11640,0.388000,0.250000,0.388000,0.250000,0,0,0,0
11645,0.388167,0.250000,0.388167,0.250000,0,0,0,0
11650,0.388333,0.250000,0.388333,0.250000,0,0,0,0
11655,0.388500,0.250000,0.388500,0.250000,0,0,0,0
11660,0.388667,0.250000,0.388667,0.250000,0,0,0,0
11665,0.388833,0.250000,0.388833,0.250000,0,0,0,0
11670,0.389000,0.250000,0.389000,0.250000,0,0,0,0
11675,0.389167,0.250000,0.389167,0.250000,0,0,0,0
11680,0.389333,0.250000,0.389333,0.250000,0,0,0,0
11685,0.389500,0.250000,0.389500,0.250000,0,0,0,0
11690,0.389667,0.250000,0.389667,0.250000,0,0,0,0
11695,0.389833,0.250000,0.389833,0.250000,0,0,0,0
11700,0.390000,0.250000,0.390000,0.250000,0,0,0,0
11705,0.390167,0.250000,0.390167,0.250000,0,0,0,0
11710,0.390333,0.250000,0.390333,0.250000,0,0,0,0
11715,0.390500,0.250000,0.390500,0.250000,0,0,0,0
11720,0.390667,0.250000,0.390667,0.250000,0,0,0,0
11725,0.390833,0.250000,0.390833,0.250000,0,0,0,0
11730,0.391000,0.250000,0.391000,0.250000,0,0,0,0
11735,0.391167,0.250000,0.391167,0.250000,0,0,0,0
11740,0.391333,0.250000,0.391333,0.250000,0,0,0,0
11745,0.391500,0.250000,0.391500,0.250000,0,0,0,0
11750,0.391667,0.250000,0.391667,0.250000,0,0,0,0
11755,0.391833,0.250000,0.391833,0.250000,0,0,0,0
11760,0.392000,0.250000,0.392000,0.250000,0,0,0,0
11765,0.392167,0.250000,0.392167,0.250000,0,0,0,0
11770,0.392333,0.250000,0.392333,0.250000,0,0,0,0
11775,0.392500,0.250000,0.392500,0.250000,0,0,0,0
11780,0.392667,0.250000,0.392667,0.250000,0,0,0,0
11785,0.392833,0.250000,0.392833,0.250000,0,0,0,0
11790,0.393000,0.250000,0.393000,0.250000,0,0,0,0
11795,0.393167,0.250000,0.393167,0.250000,0,0,0,0
11800,0.393333,0.250000,0.393333,0.250000,0,0,0,0
11805,0.393500,0.250000,0.393500,0.250000,0,0,0,0
11810,0.393667,0.250000,0.393667,0.250000,0,0,0,0
11815,0.393833,0.250000,0.393833,0.250000,0,0,0,0
11820,0.394000,0.250000,0.394000,0.250000,0,0,0,0
11825,0.394167,0.250000,0.394167,0.250000,0,0,0,0
11830,0.394333,0.250000,0.394333,0.250000,0,0,0,0
11835,0.394500,0.250000,0.394500,0.250000,0,0,0,0
11840,0.394667,0.250000,0.394667,0.250000,0,0,0,0
11845,0.394833,0.250000,0.394833,0.250000,0,0,0,0
11850,0.395000,0.250000,0.395000,0.250000,0,0,0,0
11855,0.395167,0.250000,0.395167,0.250000,0,0,0,0
11860,0.395333,0.250000,0.395333,0.250000,0,0,0,0
11865,0.395500,0.250000,0.395500,0.250000,0,0,0,0
11870,0.395667,0.250000,0.395667,0.250000,0,0,0,0
11875,0.395833,0.250000,0.395833,0.250000,0,0,0,0
11880,0.396000,0.250000,0.396000,0.250000,0,0,0,0
11885,0.396167,0.250000,0.396167,0.250000,0,0,0,0
11890,0.396333,0.250000,0.396333,0.250000,0,0,0,0
11895,0.396500,0.250000,0.396500,0.250000,0,0,0,0
11900,0.396667,0.250000,0.396667,0.250000,0,0,0,0
11905,0.396833,0.250000,0.396833,0.250000,0,0,0,0
11910,0.397000,0.250000,0.397000,0.250000,0,0,0,0
11915,0.397167,0.250000,0.397167,0.250000,0,0,0,0
11920,0.397333,0.250000,0.397333,0.250000,0,0,0,0
11925,0.397500,0.250000,0.397500,0.250000,0,0,0,0
11930,0.397667,0.250000,0.397667,0.250000,0,0,0,0
11935,0.397833,0.250000,0.397833,0.250000,0,0,0,0
11940,0.398000,0.250000,0.398000,0.250000,0,0,0,0
11945,0.398167,0.250000,0.398167,0.250000,0,0,0,0
11950,0.398333,0.250000,0.398333,0.250000,0,0,0,0
11955,0.398500,0.250000,0.398500,0.250000,0,0,0,0
11960,0.398667,0.250000,0.398667,0.250000,0,0,0,0
11965,0.398833,0.250000,0.398833,0.250000,0,0,0,0
11970,0.399000,0.250000,0.399000,0.250000,0,0,0,0
11975,0.399167,0.250000,0.399167,0.250000,0,0,0,0
11980,0.399333,0.250000,0.399333,0.250000,0,0,0,0
11985,0.399500,0.250000,0.399500,0.250000,0,0,0,0
11990,0.399667,0.250000,0.399667,0.250000,0,0,0,0
11995,0.399833,0.250000,0.399833,0.250000,0,0,0,0
12000,0.400000,0.250000,0.400000,0.250000,0,0,0,0
12005,0.400167,0.250000,0.400167,0.250000,0,0,0,0
12010,0.400333,0.250000,0.400333,0.250000,0,0,0,0
12015,0.400500,0.250000,0.400500,0.250000,0,0,0,0
12020,0.400667,0.250000,0.400667,0.250000,0,0,0,0
12025,0.400833,0.250000,0.400833,0.250000,0,0,0,0
12030,0.401000,0.250000,0.401000,0.250000,0,0,0,0
12035,0.401167,0.250000,0.401167,0.250000,0,0,0,0
12040,0.401333,0.250000,0.401333,0.250000,0,0,0,0
12045,0.401500,0.250000,0.401500,0.250000,0,0,0,0
12050,0.401667,0.250000,0.401667,0.250000,0,0,0,0
12055,0.401833,0.250000,0.401833,0.250000,0,0,0,0
12060,0.402000,0.250000,0.402000,0.250000,0,0,0,0
12065,0.402167,0.250000,0.402167,0.250000,0,0,0,0
12070,0.402333,0.250000,0.402333,0.250000,0,0,0,0
12075,0.402500,0.250000,0.402500,0.250000,0,0,0,0
12080,0.402667,0.250000,0.402667,0.250000,0,0,0,0
12085,0.402833,0.250000,0.402833,0.250000,0,0,0,0
12090,0.403000,0.250000,0.403000,0.250000,0,0,0,0
12095,0.403167,0.250000,0.403167,0.250000,0,0,0,0
12100,0.403333,0.250000,0.403333,0.250000,0,0,0,0
12105,0.403500,0.250000,0.403500,0.250000,0,0,0,0
12110,0.403667,0.250000,0.403667,0.250000,0,0,0,0
12115,0.403833,0.250000,0.403833,0.250000,0,0,0,0
12120,0.404000,0.250000,0.404000,0.250000,0,0,0,0
12125,0.404167,0.250000,0.404167,0.250000,0,0,0,0
12130,0.404333,0.250000,0.404333,0.250000,0,0,0,0
12135,0.404500,0.250000,0.404500,0.250000,0,0,0,0
12140,0.404667,0.250000,0.404667,0.250000,0,0,0,0
12145,0.404833,0.250000,0.404833,0.250000,0,0,0,0
12150,0.405000,0.250000,0.405000,0.250000,0,0,0,0
12155,0.405167,0.250000,0.405167,0.250000,0,0,0,0
12160,0.405333,0.250000,0.405333,0.250000,0,0,0,0
12165,0.405500,0.250000,0.405500,0.250000,0,0,0,0
12170,0.405667,0.250000,0.405667,0.250000,0,0,0,0
12175,0.405833,0.250000,0.405833,0.250000,0,0,0,0
12180,0.406000,0.250000,0.406000,0.250000,0,0,0,0
12185,0.406167,0.250000,0.406167,0.250000,0,0,0,0
12190,0.406333,0.250000,0.406333,0.250000,0,0,0,0
12195,0.406500,0.250000,0.406500,0.250000,0,0,0,0
12200,0.406667,0.250000,0.406667,0.250000,0,0,0,0
12205,0.406833,0.250000,0.406833,0.250000,0,0,0,0
12210,0.407000,0.250000,0.407000,0.250000,0,0,0,0
12215,0.407167,0.250000,0.407167,0.250000,0,0,0,0
12220,0.407333,0.250000,0.407333,0.250000,0,0,0,0
12225,0.407500,0.250000,0.407500,0.250000,0,0,0,0
12230,0.407667,0.250000,0.407667,0.250000,0,0,0,0
12235,0.407833,0.250000,0.407833,0.250000,0,0,0,0
12240,0.408000,0.250000,0.408000,0.250000,0,0,0,0
12245,0.408167,0.250000,0.408167,0.250000,0,0,0,0
12250,0.408333,0.250000,0.408333,0.250000,0,0,0,0
12255,0.408500,0.250000,0.408500,0.250000,0,0,0,0
12260,0.408667,0.250000,0.408667,0.250000,0,0,0,0
12265,0.408833,0.250000,0.408833,0.250000,0,0,0,0
12270,0.409000,0.250000,0.409000,0.250000,0,0,0,0
12275,0.409167,0.250000,0.409167,0.250000,0,0,0,0
12280,0.409333,0.250000,0.409333,0.250000,0,0,0,0
12285,0.409500,0.250000,0.409500,0.250000,0,0,0,0
12290,0.409667,0.250000,0.409667,0.250000,0,0,0,0
12295,0.409833,0.250000,0.409833,0.250000,0,0,0,0
12300,0.410000,0.250000,0.410000,0.250000,0,0,0,0
12305,0.410167,0.250000,0.410167,0.250000,0,0,0,0
12310,0.410333,0.250000,0.410333,0.250000,0,0,0,0
12315,0.410500,0.250000,0.410500,0.250000,0,0,0,0
12320,0.410667,0.250000,0.410667,0.250000,0,0,0,0
12325,0.410833,0.250000,0.410833,0.250000,0,0,0,0
12330,0.411000,0.250000,0.411000,0.250000,0,0,0,0
12335,0.411167,0.250000,0.411167,0.250000,0,0,0,0
12340,0.411333,0.250000,0.411333,0.250000,0,0,0,0
12345,0.411500,0.250000,0.411500,0.250000,0,0,0,0
12350,0.411667,0.250000,0.411667,0.250000,0,0,0,0
12355,0.411833,0.250000,0.411833,0.250000,0,0,0,0
12360,0.412000,0.250000,0.412000,0.250000,0,0,0,0
12365,0.412167,0.250000,0.412167,0.250000,0,0,0,0
12370,0.412333,0.250000,0.412333,0.250000,0,0,0,0
12375,0.412500,0.250000,0.412500,0.250000,0,0,0,0
12380,0.412667,0.250000,0.412667,0.250000,0,0,0,0
12385,0.412833,0.250000,0.412833,0.250000,0,0,0,0
12390,0.413000,0.250000,0.413000,0.250000,0,0,0,0
12395,0.413167,0.250000,0.413167,0.250000,0,0,0,0
12400,0.413333,0.250000,0.413333,0.250000,0,0,0,0
12405,0.413500,0.250000,0.413500,0.250000,0,0,0,0
12410,0.413667,0.250000,0.413667,0.250000,0,0,0,0
12415,0.413833,0.250000,0.413833,0.250000,0,0,0,0
12420,0.414000,0.250000,0.414000,0.250000,0,0,0,0
12425,0.414167,0.250000,0.414167,0.250000,0,0,0,0
12430,0.414333,0.250000,0.414333,0.250000,0,0,0,0
12435,0.414500,0.250000,0.414500,0.250000,0,0,0,0
12440,0.414667,0.250000,0.414667,0.250000,0,0,0,0
12445,0.414833,0.250000,0.414833,0.250000,0,0,0,0
12450,0.415000,0.250000,0.415000,0.250000,0,0,0,0
12455,0.415167,0.250000,0.415167,0.250000,0,0,0,0
12460,0.415333,0.250000,0.415333,0.250000,0,0,0,0
12465,0.415500,0.250000,0.415500,0.250000,0,0,0,0
12470,0.415667,0.250000,0.415667,0.250000,0,0,0,0
12475,0.415833,0.250000,0.415833,0.250000,0,0,0,0
12480,0.416000,0.250000,0.416000,0.250000,0,0,0,0
12485,0.416167,0.250000,0.416167,0.250000,0,0,0,0
12490,0.416333,0.250000,0.416333,0.250000,0,0,0,0
12495,0.416500,0.250000,0.416500,0.250000,0,0,0,0
12500,0.416667,0.250000,0.416667,0.250000,0,0,0,0
12505,0.416833,0.250000,0.416833,0.250000,0,0,0,0
12510,0.417000,0.250000,0.417000,0.250000,0,0,0,0
12515,0.417167,0.250000,0.417167,0.250000,0,0,0,0
12520,0.417333,0.250000,0.417333,0.250000,0,0,0,0
12525,0.417500,0.250000,0.417500,0.250000,0,0,0,0
12530,0.417667,0.250000,0.417667,0.250000,0,0,0,0
12535,0.417833,0.250000,0.417833,0.250000,0,0,0,0
12540,0.418000,0.250000,0.418000,0.250000,0,0,0,0
12545,0.418167,0.250000,0.418167,0.250000,0,0,0,0
12550,0.418333,0.250000,0.418333,0.250000,0,0,0,0
12555,0.418500,0.250000,0.418500,0.250000,0,0,0,0
12560,0.418667,0.250000,0.418667,0.250000,0,0,0,0
12565,0.418833,0.250000,0.418833,0.250000,0,0,0,0
12570,0.419000,0.250000,0.419000,0.250000,0,0,0,0
12575,0.419167,0.250000,0.419167,0.250000,0,0,0,0
12580,0.419333,0.250000,0.419333,0.250000,0,0,0,0
12585,0.419500,0.250000,0.419500,0.250000,0,0,0,0
12590,0.419667,0.250000,0.419667,0.250000,0,0,0,0
12595,0.419833,0.250000,0.419833,0.250000,0,0,0,0
12600,0.420000,0.250000,0.420000,0.250000,0,0,0,0
12605,0.420167,0.250000,0.420167,0.250000,0,0,0,0
12610,0.420333,0.250000,0.420333,0.250000,0,0,0,0
12615,0.420500,0.250000,0.420500,0.250000,0,0,0,0
12620,0.420667,0.250000,0.420667,0.250000,0,0,0,0
12625,0.420833,0.250000,0.420833,0.250000,0,0,0,0
12630,0.421000,0.250000,0.421000,0.250000,0,0,0,0
12635,0.421167,0.250000,0.421167,0.250000,0,0,0,0
12640,0.421333,0.250000,0.421333,0.250000,0,0,0,0
12645,0.421500,0.250000,0.421500,0.250000,0,0,0,0
12650,0.421667,0.250000,0.421667,0.250000,0,0,0,0
12655,0.421833,0.250000,0.421833,0.250000,0,0,0,0
12660,0.422000,0.250000,0.422000,0.250000,0,0,0,0
12665,0.422167,0.250000,0.422167,0.250000,0,0,0,0
12670,0.422333,0.250000,0.422333,0.250000,0,0,0,0
12675,0.422500,0.250000,0.422500,0.250000,0,0,0,0
12680,0.422667,0.250000,0.422667,0.250000,0,0,0,0
12685,0.422833,0.250000,0.422833,0.250000,0,0,0,0
12690,0.423000,0.250000,0.423000,0.250000,0,0,0,0
12695,0.423167,0.250000,0.423167,0.250000,0,0,0,0
12700,0.423333,0.250000,0.423333,0.250000,0,0,0,0
12705,0.423500,0.250000,0.423500,0.250000,0,0,0,0
12710,0.423667,0.250000,0.423667,0.250000,0,0,0,0
12715,0.423833,0.250000,0.423833,0.250000,0,0,0,0
12720,0.424000,0.250000,0.424000,0.250000,0,0,0,0
12725,0.424167,0.250000,0.424167,0.250000,0,0,0,0
12730,0.424333,0.250000,0.424333,0.250000,0,0,0,0
12735,0.424500,0.250000,0.424500,0.250000,0,0,0,0
12740,0.424667,0.250000,0.424667,0.250000,0,0,0,0
12745,0.424833,0.250000,0.424833,0.250000,0,0,0,0
12750,0.425000,0.250000,0.425000,0.250000,0,0,0,0
12755,0.425167,0.250000,0.425167,0.250000,0,0,0,0
12760,0.425333,0.250000,0.425333,0.250000,0,0,0,0
12765,0.425500,0.250000,0.425500,0.250000,0,0,0,0
12770,0.425667,0.250000,0.425667,0.250000,0,0,0,0
12775,0.425833,0.250000,0.425833,0.250000,0,0,0,0
12780,0.426000,0.250000,0.426000,0.250000,0,0,0,0
12785,0.426167,0.250000,0.426167,0.250000,0,0,0,0
12790,0.426333,0.250000,0.426333,0.250000,0,0,0,0
12795,0.426500,0.250000,0.426500,0.250000,0,0,0,0
12800,0.426667,0.250000,0.426667,0.250000,0,0,0,0
12805,0.426833,0.250000,0.426833,0.250000,0,0,0,0
12810,0.427000,0.250000,0.427000,0.250000,0,0,0,0
12815,0.427167,0.250000,0.427167,0.250000,0,0,0,0
12820,0.427333,0.250000,0.427333,0.250000,0,0,0,0
12825,0.427500,0.250000,0.427500,0.250000,0,0,0,0
12830,0.427667,0.250000,0.427667,0.250000,0,0,0,0
12835,0.427833,0.250000,0.427833,0.250000,0,0,0,0
12840,0.428000,0.250000,0.428000,0.250000,0,0,0,0
12845,0.428167,0.250000,0.428167,0.250000,0,0,0,0
12850,0.428333,0.250000,0.428333,0.250000,0,0,0,0
12855,0.428500,0.250000,0.428500,0.250000,0,0,0,0
12860,0.428667,0.250000,0.428667,0.250000,0,0,0,0
12865,0.428833,0.250000,0.428833,0.250000,0,0,0,0
12870,0.429000,0.250000,0.429000,0.250000,0,0,0,0
12875,0.429167,0.250000,0.429167,0.250000,0,0,0,0
12880,0.429333,0.250000,0.429333,0.250000,0,0,0,0
12885,0.429500,0.250000,0.429500,0.250000,0,0,0,0
12890,0.429667,0.250000,0.429667,0.250000,0,0,0,0
12895,0.429833,0.250000,0.429833,0.250000,0,0,0,0
12900,0.430000,0.250000,0.430000,0.250000,0,0,0,0
12905,0.430167,0.250000,0.430167,0.250000,0,0,0,0
12910,0.430333,0.250000,0.430333,0.250000,0,0,0,0
12915,0.430500,0.250000,0.430500,0.250000,0,0,0,0
12920,0.430667,0.250000,0.430667,0.250000,0,0,0,0
12925,0.430833,0.250000,0.430833,0.250000,0,0,0,0
12930,0.431000,0.250000,0.431000,0.250000,0,0,0,0
12935,0.431167,0.250000,0.431167,0.250000,0,0,0,0
12940,0.431333,0.250000,0.431333,0.250000,0,0,0,0
12945,0.431500,0.250000,0.431500,0.250000,0,0,0,0
12950,0.431667,0.250000,0.431667,0.250000,0,0,0,0
12955,0.431833,0.250000,0.431833,0.250000,0,0,0,0
12960,0.432000,0.250000,0.432000,0.250000,0,0,0,0
12965,0.432167,0.250000,0.432167,0.250000,0,0,0,0
12970,0.432333,0.250000,0.432333,0.250000,0,0,0,0
12975,0.432500,0.250000,0.432500,0.250000,0,0,0,0
12980,0.432667,0.250000,0.432667,0.250000,0,0,0,0
12985,0.432833,0.250000,0.432833,0.250000,0,0,0,0
12990,0.433000,0.250000,0.433000,0.250000,0,0,0,0
12995,0.433167,0.250000,0.433167,0.250000,0,0,0,0
13000,0.433333,0.250000,0.433333,0.250000,0,0,0,0
13005,0.433500,0.250000,0.433500,0.250000,0,0,0,0
13010,0.433667,0.250000,0.433667,0.250000,0,0,0,0
13015,0.433833,0.250000,0.433833,0.250000,0,0,0,0
13020,0.434000,0.250000,0.434000,0.250000,0,0,0,0
13025,0.434167,0.250000,0.434167,0.250000,0,0,0,0
13030,0.434333,0.250000,0.434333,0.250000,0,0,0,0
13035,0.434500,0.250000,0.434500,0.250000,0,0,0,0
13040,0.434667,0.250000,0.434667,0.250000,0,0,0,0
13045,0.434833,0.250000,0.434833,0.250000,0,0,0,0
13050,0.435000,0.250000,0.435000,0.250000,0,0,0,0
13055,0.435167,0.250000,0.435167,0.250000,0,0,0,0
13060,0.435333,0.250000,0.435333,0.250000,0,0,0,0
13065,0.435500,0.250000,0.435500,0.250000,0,0,0,0
13070,0.435667,0.250000,0.435667,0.250000,0,0,0,0
13075,0.435833,0.250000,0.435833,0.250000,0,0,0,0
13080,0.436000,0.250000,0.436000,0.250000,0,0,0,0
13085,0.436167,0.250000,0.436167,0.250000,0,0,0,0
13090,0.436333,0.250000,0.436333,0.250000,0,0,0,0
13095,0.436500,0.250000,0.436500,0.250000,0,0,0,0
13100,0.436667,0.250000,0.436667,0.250000,0,0,0,0
13105,0.436833,0.250000,0.436833,0.250000,0,0,0,0
13110,0.437000,0.250000,0.437000,0.250000,0,0,0,0
13115,0.437167,0.250000,0.437167,0.250000,0,0,0,0
13120,0.437333,0.250000,0.437333,0.250000,0,0,0,0
13125,0.437500,0.250000,0.437500,0.250000,0,0,0,0
13130,0.437667,0.250000,0.437667,0.250000,0,0,0,0
13135,0.437833,0.250000,0.437833,0.250000,0,0,0,0
13140,0.438000,0.250000,0.438000,0.250000,0,0,0,0
13145,0.438167,0.250000,0.438167,0.250000,0,0,0,0
13150,0.438333,0.250000,0.438333,0.250000,0,0,0,0
13155,0.438500,0.250000,0.438500,0.250000,0,0,0,0
13160,0.438667,0.250000,0.438667,0.250000,0,0,0,0
13165,0.438833,0.250000,0.438833,0.250000,0,0,0,0
13170,0.439000,0.250000,0.439000,0.250000,0,0,0,0
13175,0.439167,0.250000,0.439167,0.250000,0,0,0,0
13180,0.439333,0.250000,0.439333,0.250000,0,0,0,0
13185,0.439500,0.250000,0.439500,0.250000,0,0,0,0
13190,0.439667,0.250000,0.439667,0.250000,0,0,0,0
13195,0.439833,0.250000,0.439833,0.250000,0,0,0,0
13200,0.440000,0.250000,0.440000,0.250000,0,0,0,0
13205,0.440167,0.250000,0.440167,0.250000,0,0,0,0
13210,0.440333,0.250000,0.440333,0.250000,0,0,0,0
13215,0.440500,0.250000,0.440500,0.250000,0,0,0,0
13220,0.440667,0.250000,0.440667,0.250000,0,0,0,0
13225,0.440833,0.250000,0.440833,0.250000,0,0,0,0
13230,0.441000,0.250000,0.441000,0.250000,0,0,0,0
13235,0.441167,0.250000,0.441167,0.250000,0,0,0,0
13240,0.441333,0.250000,0.441333,0.250000,0,0,0,0
13245,0.441500,0.250000,0.441500,0.250000,0,0,0,0
13250,0.441667,0.250000,0.441667,0.250000,0,0,0,0
13255,0.441833,0.250000,0.441833,0.250000,0,0,0,0
13260,0.442000,0.250000,0.442000,0.250000,0,0,0,0
13265,0.442167,0.250000,0.442167,0.250000,0,0,0,0
13270,0.442333,0.250000,0.442333,0.250000,0,0,0,0
13275,0.442500,0.250000,0.442500,0.250000,0,0,0,0
13280,0.442667,0.250000,0.442667,0.250000,0,0,0,0
13285,0.442833,0.250000,0.442833,0.250000,0,0,0,0
13290,0.443000,0.250000,0.443000,0.250000,0,0,0,0
13295,0.443167,0.250000,0.443167,0.250000,0,0,0,0
13300,0.443333,0.250000,0.443333,0.250000,0,0,0,0
13305,0.443500,0.250000,0.443500,0.250000,0,0,0,0
13310,0.443667,0.250000,0.443667,0.250000,0,0,0,0
13315,0.443833,0.250000,0.443833,0.250000,0,0,0,0
13320,0.444000,0.250000,0.444000,0.250000,0,0,0,0
13325,0.444167,0.250000,0.444167,0.250000,0,0,0,0
13330,0.444333,0.250000,0.444333,0.250000,0,0,0,0
13335,0.444500,0.250000,0.444500,0.250000,0,0,0,0
13340,0.444667,0.250000,0.444667,0.250000,0,0,0,0
13345,0.444833,0.250000,0.444833,0.250000,0,0,0,0
13350,0.445000,0.250000,0.445000,0.250000,0,0,0,0
13355,0.445167,0.250000,0.445167,0.250000,0,0,0,0
13360,0.445333,0.250000,0.445333,0.250000,0,0,0,0
13365,0.445500,0.250000,0.445500,0.250000,0,0,0,0
13370,0.445667,0.250000,0.445667,0.250000,0,0,0,0
13375,0.445833,0.250000,0.445833,0.250000,0,0,0,0
13380,0.446000,0.250000,0.446000,0.250000,0,0,0,0
13385,0.446167,0.250000,0.446167,0.250000,0,0,0,0
13390,0.446333,0.250000,0.446333,0.250000,0,0,0,0
13395,0.446500,0.250000,0.446500,0.250000,0,0,0,0
13400,0.446667,0.250000,0.446667,0.250000,0,1,0,0
13405,0.446833,0.250000,0.446833,0.250000,0,1,0,0
13410,0.447000,0.250000,0.447000,0.250000,0,1,0,0
13415,0.447167,0.250000,0.447167,0.250000,0,1,0,0
13420,0.447333,0.250000,0.447333,0.250000,0,1,0,0
13425,0.447500,0.250000,0.447500,0.250000,0,1,0,0
13430,0.447667,0.250000,0.447667,0.250000,0,1,0,0
13435,0.447833,0.250000,0.447833,0.250000,0,1,0,0
13440,0.448000,0.250000,0.448000,0.250000,0,1,0,0
13445,0.448167,0.250000,0.448167,0.250000,0,1,0,0
13450,0.448333,0.250000,0.448333,0.250000,0,1,0,0
13455,0.448500,0.250000,0.448500,0.250000,0,1,0,0
13460,0.448667,0.250000,0.448667,0.250000,0,1,0,0
13465,0.448833,0.250000,0.448833,0.250000,0,1,0,0
13470,0.449000,0.250000,0.449000,0.250000,0,1,0,0
13475,0.449167,0.250000,0.449167,0.250000,0,1,0,0
13480,0.449333,0.250000,0.449333,0.250000,0,1,0,0
13485,0.449500,0.250000,0.449500,0.250000,0,1,0,0
13490,0.449667,0.250000,0.449667,0.250000,0,1,0,0
13495,0.449833,0.250000,0.449833,0.250000,0,1,0,0
13500,0.450000,0.250000,0.450000,0.250000,0,1,0,0
13505,0.450167,0.250000,0.450167,0.250000,0,1,0,0
13510,0.450333,0.250000,0.450333,0.250000,0,1,0,0
13515,0.450500,0.250000,0.450500,0.250000,0,1,0,0
13520,0.450667,0.250000,0.450667,0.250000,0,1,0,0
13525,0.450833,0.250000,0.450833,0.250000,0,1,0,0
13530,0.451000,0.250000,0.451000,0.250000,0,1,0,0
13535,0.451167,0.250000,0.451167,0.250000,0,1,0,0
13540,0.451333,0.250000,0.451333,0.250000,0,1,0,0
13545,0.451500,0.250000,0.451500,0.250000,0,1,0,0
13550,0.451667,0.250000,0.451667,0.250000,0,1,0,0
13555,0.451833,0.250000,0.451833,0.250000,0,1,0,0
13560,0.452000,0.250000,0.452000,0.250000,0,1,0,0
13565,0.452167,0.250000,0.452167,0.250000,0,1,0,0
13570,0.452333,0.250000,0.452333,0.250000,0,1,0,0
13575,0.452500,0.250000,0.452500,0.250000,0,1,0,0
13580,0.452667,0.250000,0.452667,0.250000,0,1,0,0
13585,0.452833,0.250000,0.452833,0.250000,0,1,0,0
13590,0.453000,0.250000,0.453000,0.250000,0,1,0,0
13595,0.453167,0.250000,0.453167,0.250000,0,1,0,0
13600,0.453333,0.250000,0.453333,0.250000,0,1,0,0
13605,0.453500,0.250000,0.453500,0.250000,0,1,0,0
13610,0.453667,0.250000,0.453667,0.250000,0,1,0,0
13615,0.453833,0.250000,0.453833,0.250000,0,1,0,0
13620,0.454000,0.250000,0.454000,0.250000,0,1,0,0
13625,0.454167,0.250000,0.454167,0.250000,0,1,0,0
13630,0.454333,0.250000,0.454333,0.250000,0,1,0,0
13635,0.454500,0.250000,0.454500,0.250000,0,1,0,0
13640,0.454667,0.250000,0.454667,0.250000,0,1,0,0
13645,0.454833,0.250000,0.454833,0.250000,0,1,0,0
13650,0.455000,0.250000,0.455000,0.250000,0,1,0,0
13655,0.455167,0.250000,0.455167,0.250000,0,1,0,0
13660,0.455333,0.250000,0.455333,0.250000,0,1,0,0
13665,0.455500,0.250000,0.455500,0.250000,0,1,0,0
13670,0.455667,0.250000,0.455667,0.250000,0,1,0,0
13675,0.455833,0.250000,0.455833,0.250000,0,1,0,0
13680,0.456000,0.250000,0.456000,0.250000,0,1,0,0
13685,0.456167,0.250000,0.456167,0.250000,0,1,0,0
13690,0.456333,0.250000,0.456333,0.250000,0,1,0,0
13695,0.456500,0.250000,0.456500,0.250000,0,1,0,0
13700,0.456667,0.250000,0.456667,0.250000,0,1,0,0
13705,0.456833,0.250000,0.456833,0.250000,0,1,0,0
13710,0.457000,0.250000,0.457000,0.250000,0,1,0,0
13715,0.457167,0.250000,0.457167,0.250000,0,1,0,0
13720,0.457333,0.250000,0.457333,0.250000,0,1,0,0
13725,0.457500,0.250000,0.457500,0.250000,0,1,0,0
13730,0.457667,0.250000,0.457667,0.250000,0,1,0,0
13735,0.457833,0.250000,0.457833,0.250000,0,1,0,0
13740,0.458000,0.250000,0.458000,0.250000,0,1,0,0
13745,0.458167,0.250000,0.458167,0.250000,0,1,0,0
13750,0.458333,0.250000,0.458333,0.250000,0,1,0,0
13755,0.458500,0.250000,0.458500,0.250000,0,1,0,0
13760,0.458667,0.250000,0.458667,0.250000,0,1,0,0
13765,0.458833,0.250000,0.458833,0.250000,0,1,0,0
13770,0.459000,0.250000,0.459000,0.250000,0,1,0,0
13775,0.459167,0.250000,0.459167,0.250000,0,1,0,0
13780,0.459333,0.250000,0.459333,0.250000,0,1,0,0
13785,0.459500,0.250000,0.459500,0.250000,0,1,0,0
13790,0.459667,0.250000,0.459667,0.250000,0,1,0,0
13795,0.459833,0.250000,0.459833,0.250000,0,1,0,0
13800,0.460000,0.250000,0.460000,0.250000,0,1,0,0
13805,0.460167,0.250000,0.460167,0.250000,0,1,0,0
13810,0.460333,0.250000,0.460333,0.250000,0,1,0,0
13815,0.460500,0.250000,0.460500,0.250000,0,1,0,0
13820,0.460667,0.250000,0.460667,0.250000,0,1,0,0
13825,0.460833,0.250000,0.460833,0.250000,0,1,0,0
13830,0.461000,0.250000,0.461000,0.250000,0,1,0,0
13835,0.461167,0.250000,0.461167,0.250000,0,1,0,0
13840,0.461333,0.250000,0.461333,0.250000,0,1,0,0
13845,0.461500,0.250000,0.461500,0.250000,0,1,0,0
13850,0.461667,0.250000,0.461667,0.250000,0,1,0,0
13855,0.461833,0.250000,0.461833,0.250000,0,1,0,0
13860,0.462000,0.250000,0.462000,0.250000,0,1,0,0
13865,0.462167,0.250000,0.462167,0.250000,0,1,0,0
13870,0.462333,0.250000,0.462333,0.250000,0,1,0,0
13875,0.462500,0.250000,0.462500,0.250000,0,1,0,0
13880,0.462667,0.250000,0.462667,0.250000,0,1,0,0
13885,0.462833,0.250000,0.462833,0.250000,0,1,0,0
13890,0.463000,0.250000,0.463000,0.250000,0,1,0,0
13895,0.463167,0.250000,0.463167,0.250000,0,1,0,0
13900,0.463333,0.250000,0.463333,0.250000,0,1,0,0
13905,0.463500,0.250000,0.463500,0.250000,0,1,0,0
13910,0.463667,0.250000,0.463667,0.250000,0,1,0,0
13915,0.463833,0.250000,0.463833,0.250000,0,1,0,0
13920,0.464000,0.250000,0.464000,0.250000,0,1,0,0
13925,0.464167,0.250000,0.464167,0.250000,0,1,0,0
13930,0.464333,0.250000,0.464333,0.250000,0,1,0,0
13935,0.464500,0.250000,0.464500,0.250000,0,1,0,0
13940,0.464667,0.250000,0.464667,0.250000,0,1,0,0
13945,0.464833,0.250000,0.464833,0.250000,0,1,0,0
13950,0.465000,0.250000,0.465000,0.250000,0,1,0,0
13955,0.465167,0.250000,0.465167,0.250000,0,1,0,0
13960,0.465333,0.250000,0.465333,0.250000,0,1,0,0
13965,0.465500,0.250000,0.465500,0.250000,0,1,0,0
13970,0.465667,0.250000,0.465667,0.250000,0,1,0,0
13975,0.465833,0.250000,0.465833,0.250000,0,1,0,0
13980,0.466000,0.250000,0.466000,0.250000,0,1,0,0
13985,0.466167,0.250000,0.466167,0.250000,0,1,0,0
13990,0.466333,0.250000,0.466333,0.250000,0,1,0,0
13995,0.466500,0.250000,0.466500,0.250000,0,1,0,0
14000,0.256667,0.250000,0.256667,0.250000,0,1,0,0
14005,0.256758,0.250000,0.256758,0.250000,0,1,0,0
14010,0.256850,0.250000,0.256850,0.250000,0,1,0,0
14015,0.256942,0.250000,0.256942,0.250000,0,1,0,0
14020,0.257033,0.250000,0.257033,0.250000,0,1,0,0
14025,0.257125,0.250000,0.257125,0.250000,0,1,0,0
14030,0.257217,0.250000,0.257217,0.250000,0,1,0,0
14035,0.257308,0.250000,0.257308,0.250000,0,1,0,0
14040,0.257400,0.250000,0.257400,0.250000,0,1,0,0
14045,0.257492,0.250000,0.257492,0.250000,0,1,0,0
14050,0.257583,0.250000,0.257583,0.250000,0,1,0,0
14055,0.257675,0.250000,0.257675,0.250000,0,1,0,0
14060,0.257767,0.250000,0.257767,0.250000,0,1,0,0
14065,0.257858,0.250000,0.257858,0.250000,0,1,0,0
14070,0.257950,0.250000,0.257950,0.250000,0,1,0,0
14075,0.258042,0.250000,0.258042,0.250000,0,1,0,0
14080,0.258133,0.250000,0.258133,0.250000,0,1,0,0
14085,0.258225,0.250000,0.258225,0.250000,0,1,0,0
14090,0.258317,0.250000,0.258317,0.250000,0,1,0,0
14095,0.258408,0.250000,0.258408,0.250000,0,1,0,0
14100,0.258500,0.250000,0.258500,0.250000,0,1,0,0
14105,0.258592,0.250000,0.258592,0.250000,0,1,0,0
14110,0.258683,0.250000,0.258683,0.250000,0,1,0,0
14115,0.258775,0.250000,0.258775,0.250000,0,1,0,0
14120,0.258867,0.250000,0.258867,0.250000,0,1,0,0
14125,0.258958,0.250000,0.258958,0.250000,0,1,0,0
14130,0.259050,0.250000,0.259050,0.250000,0,1,0,0
14135,0.259142,0.250000,0.259142,0.250000,0,1,0,0
14140,0.259233,0.250000,0.259233,0.250000,0,1,0,0
14145,0.259325,0.250000,0.259325,0.250000,0,1,0,0
14150,0.259417,0.250000,0.259417,0.250000,0,1,0,0
14155,0.259508,0.250000,0.259508,0.250000,0,1,0,0
14160,0.259600,0.250000,0.259600,0.250000,0,1,0,0
14165,0.259692,0.250000,0.259692,0.250000,0,1,0,0
14170,0.259783,0.250000,0.259783,0.250000,0,1,0,0
14175,0.259875,0.250000,0.259875,0.250000,0,1,0,0
14180,0.259967,0.250000,0.259967,0.250000,0,1,0,0
14185,0.260058,0.250000,0.260058,0.250000,0,1,0,0
14190,0.260150,0.250000,0.260150,0.250000,0,1,0,0
14195,0.260242,0.250000,0.260242,0.250000,0,1,0,0
14200,0.260333,0.250000,0.260333,0.250000,0,1,0,0
14205,0.260425,0.250000,0.260425,0.250000,0,1,0,0
14210,0.260517,0.250000,0.260517,0.250000,0,1,0,0
14215,0.260608,0.250000,0.260608,0.250000,0,1,0,0
14220,0.260700,0.250000,0.260700,0.250000,0,1,0,0
14225,0.260792,0.250000,0.260792,0.250000,0,1,0,0
14230,0.260883,0.250000,0.260883,0.250000,0,1,0,0
14235,0.260975,0.250000,0.260975,0.250000,0,1,0,0
14240,0.261067,0.250000,0.261067,0.250000,0,1,0,0
14245,0.261158,0.250000,0.261158,0.250000,0,1,0,0
14250,0.261250,0.250000,0.261250,0.250000,0,1,0,0
14255,0.261342,0.250000,0.261342,0.250000,0,1,0,0
14260,0.261433,0.250000,0.261433,0.250000,0,1,0,0
14265,0.261525,0.250000,0.261525,0.250000,0,1,0,0
14270,0.261617,0.250000,0.261617,0.250000,0,1,0,0
14275,0.261708,0.250000,0.261708,0.250000,0,1,0,0
14280,0.261800,0.250000,0.261800,0.250000,0,1,0,0
14285,0.261892,0.250000,0.261892,0.250000,0,1,0,0
14290,0.261983,0.250000,0.261983,0.250000,0,1,0,0
14295,0.262075,0.250000,0.262075,0.250000,0,1,0,0
14300,0.262167,0.250000,0.262167,0.250000,0,1,0,0
14305,0.262258,0.250000,0.262258,0.250000,0,1,0,0
14310,0.262350,0.250000,0.262350,0.250000,0,1,0,0
14315,0.262442,0.250000,0.262442,0.250000,0,1,0,0
14320,0.262533,0.250000,0.262533,0.250000,0,1,0,0
14325,0.262625,0.250000,0.262625,0.250000,0,1,0,0
14330,0.262717,0.250000,0.262717,0.250000,0,1,0,0
14335,0.262808,0.250000,0.262808,0.250000,0,1,0,0
14340,0.262900,0.250000,0.262900,0.250000,0,1,0,0
14345,0.262992,0.250000,0.262992,0.250000,0,1,0,0
14350,0.263083,0.250000,0.263083,0.250000,0,1,0,0
14355,0.263175,0.250000,0.263175,0.250000,0,1,0,0
14360,0.263267,0.250000,0.263267,0.250000,0,1,0,0
14365,0.263358,0.250000,0.263358,0.250000,0,1,0,0
14370,0.263450,0.250000,0.263450,0.250000,0,1,0,0
14375,0.263542,0.250000,0.263542,0.250000,0,1,0,0
14380,0.263633,0.250000,0.263633,0.250000,0,1,0,0
14385,0.263725,0.250000,0.263725,0.250000,0,1,0,0
14390,0.263817,0.250000,0.263817,0.250000,0,1,0,0
14395,0.263908,0.250000,0.263908,0.250000,0,1,0,0
14400,0.264000,0.250000,0.264000,0.250000,0,1,0,0
14405,0.264092,0.250000,0.264092,0.250000,0,1,0,0
14410,0.264183,0.250000,0.264183,0.250000,0,1,0,0
14415,0.264275,0.250000,0.264275,0.250000,0,1,0,0
14420,0.264367,0.250000,0.264367,0.250000,0,1,0,0
14425,0.264458,0.250000,0.264458,0.250000,0,1,0,0
14430,0.264550,0.250000,0.264550,0.250000,0,1,0,0
14435,0.264642,0.250000,0.264642,0.250000,0,1,0,0
14440,0.264733,0.250000,0.264733,0.250000,0,1,0,0
14445,0.264825,0.250000,0.264825,0.250000,0,1,0,0
14450,0.264917,0.250000,0.264917,0.250000,0,1,0,0
14455,0.265008,0.250000,0.265008,0.250000,0,1,0,0
14460,0.265100,0.250000,0.265100,0.250000,0,1,0,0
14465,0.265192,0.250000,0.265192,0.250000,0,1,0,0
14470,0.265283,0.250000,0.265283,0.250000,0,1,0,0
14475,0.265375,0.250000,0.265375,0.250000,0,1,0,0
14480,0.265467,0.250000,0.265467,0.250000,0,1,0,0
14485,0.265558,0.250000,0.265558,0.250000,0,1,0,0
14490,0.265650,0.250000,0.265650,0.250000,0,1,0,0
14495,0.265742,0.250000,0.265742,0.250000,0,1,0,0
14500,0.265833,0.250000,0.265833,0.250000,0,1,0,0
14505,0.265925,0.250000,0.265925,0.250000,0,1,0,0
14510,0.266017,0.250000,0.266017,0.250000,0,1,0,0
14515,0.266108,0.250000,0.266108,0.250000,0,1,0,0
14520,0.266200,0.250000,0.266200,0.250000,0,1,0,0
14525,0.266292,0.250000,0.266292,0.250000,0,1,0,0
14530,0.266383,0.250000,0.266383,0.250000,0,1,0,0
14535,0.266475,0.250000,0.266475,0.250000,0,1,0,0
14540,0.266567,0.250000,0.266567,0.250000,0,1,0,0
14545,0.266658,0.250000,0.266658,0.250000,0,1,0,0
14550,0.266750,0.250000,0.266750,0.250000,0,1,0,0
14555,0.266842,0.250000,0.266842,0.250000,0,1,0,0
14560,0.266933,0.250000,0.266933,0.250000,0,1,0,0
14565,0.267025,0.250000,0.267025,0.250000,0,1,0,0
14570,0.267117,0.250000,0.267117,0.250000,0,1,0,0
14575,0.267208,0.250000,0.267208,0.250000,0,1,0,0
14580,0.267300,0.250000,0.267300,0.250000,0,1,0,0
14585,0.267392,0.250000,0.267392,0.250000,0,1,0,0
14590,0.267483,0.250000,0.267483,0.250000,0,1,0,0
14595,0.267575,0.250000,0.267575,0.250000,0,1,0,0
14600,0.267667,0.250000,0.267667,0.250000,0,1,0,0
14605,0.267758,0.250000,0.267758,0.250000,0,1,0,0
14610,0.267850,0.250000,0.267850,0.250000,0,1,0,0
14615,0.267942,0.250000,0.267942,0.250000,0,1,0,0
14620,0.268033,0.250000,0.268033,0.250000,0,1,0,0
14625,0.268125,0.250000,0.268125,0.250000,0,1,0,0
14630,0.268217,0.250000,0.268217,0.250000,0,1,0,0
14635,0.268308,0.250000,0.268308,0.250000,0,1,0,0
14640,0.268400,0.250000,0.268400,0.250000,0,1,0,0
14645,0.268492,0.250000,0.268492,0.250000,0,1,0,0
14650,0.268583,0.250000,0.268583,0.250000,0,1,0,0
14655,0.268675,0.250000,0.268675,0.250000,0,1,0,0
14660,0.268767,0.250000,0.268767,0.250000,0,1,0,0
14665,0.268858,0.250000,0.268858,0.250000,0,1,0,0
14670,0.268950,0.250000,0.268950,0.250000,0,1,0,0
14675,0.269042,0.250000,0.269042,0.250000,0,1,0,0
14680,0.269133,0.250000,0.269133,0.250000,0,1,0,0
14685,0.269225,0.250000,0.269225,0.250000,0,1,0,0
14690,0.269317,0.250000,0.269317,0.250000,0,1,0,0
14695,0.269408,0.250000,0.269408,0.250000,0,1,0,0
14700,0.269500,0.250000,0.269500,0.250000,0,1,0,0
14705,0.269592,0.250000,0.269592,0.250000,0,1,0,0
14710,0.269683,0.250000,0.269683,0.250000,0,1,0,0
14715,0.269775,0.250000,0.269775,0.250000,0,1,0,0
14720,0.269867,0.250000,0.269867,0.250000,0,1,0,0
14725,0.269958,0.250000,0.269958,0.250000,0,1,0,0
14730,0.270050,0.250000,0.270050,0.250000,0,1,0,0
14735,0.270142,0.250000,0.270142,0.250000,0,1,0,0
14740,0.270233,0.250000,0.270233,0.250000,0,1,0,0
14745,0.270325,0.250000,0.270325,0.250000,0,1,0,0
14750,0.270417,0.250000,0.270417,0.250000,0,1,0,0
14755,0.270508,0.250000,0.270508,0.250000,0,1,0,0
14760,0.270600,0.250000,0.270600,0.250000,0,1,0,0
14765,0.270692,0.250000,0.270692,0.250000,0,1,0,0
14770,0.270783,0.250000,0.270783,0.250000,0,1,0,0
14775,0.270875,0.250000,0.270875,0.250000,0,1,0,0
14780,0.270967,0.250000,0.270967,0.250000,0,1,0,0
14785,0.271058,0.250000,0.271058,0.250000,0,1,0,0
14790,0.271150,0.250000,0.271150,0.250000,0,1,0,0
14795,0.271242,0.250000,0.271242,0.250000,0,1,0,0
14800,0.493333,0.250000,0.493333,0.250000,0,1,0,0
14805,0.493500,0.250000,0.493500,0.250000,0,1,0,0
14810,0.493667,0.250000,0.493667,0.250000,0,1,0,0
14815,0.493833,0.250000,0.493833,0.250000,0,1,0,0
14820,0.494000,0.250000,0.494000,0.250000,0,1,0,0
14825,0.494167,0.250000,0.494167,0.250000,0,1,0,0
14830,0.494333,0.250000,0.494333,0.250000,0,1,0,0
14835,0.494500,0.250000,0.494500,0.250000,0,1,0,0
14840,0.494667,0.250000,0.494667,0.250000,0,1,0,0
14845,0.494833,0.250000,0.494833,0.250000,0,1,0,0
14850,0.495000,0.250000,0.495000,0.250000,0,1,0,0
14855,0.495167,0.250000,0.495167,0.250000,0,1,0,0
14860,0.495333,0.250000,0.495333,0.250000,0,1,0,0
14865,0.495500,0.250000,0.495500,0.250000,0,1,0,0
14870,0.495667,0.250000,0.495667,0.250000,0,1,0,0
14875,0.495833,0.250000,0.495833,0.250000,0,1,0,0
14880,0.496000,0.250000,0.496000,0.250000,0,1,0,0
14885,0.496167,0.250000,0.496167,0.250000,0,1,0,0
14890,0.496333,0.250000,0.496333,0.250000,0,1,0,0
14895,0.496500,0.250000,0.496500,0.250000,0,1,0,0
14900,0.496667,0.250000,0.496667,0.250000,0,1,0,0
14905,0.496833,0.250000,0.496833,0.250000,0,1,0,0
14910,0.497000,0.250000,0.497000,0.250000,0,1,0,0
14915,0.497167,0.250000,0.497167,0.250000,0,1,0,0
14920,0.497333,0.250000,0.497333,0.250000,0,1,0,0
14925,0.497500,0.250000,0.497500,0.250000,0,1,0,0
14930,0.497667,0.250000,0.497667,0.250000,0,1,0,0
14935,0.497833,0.250000,0.497833,0.250000,0,1,0,0
14940,0.498000,0.250000,0.498000,0.250000,0,1,0,0
14945,0.498167,0.250000,0.498167,0.250000,0,1,0,0
14950,0.498333,0.250000,0.498333,0.250000,0,1,0,0
14955,0.498500,0.250000,0.498500,0.250000,0,1,0,0
14960,0.498667,0.250000,0.498667,0.250000,0,1,0,0
14965,0.498833,0.250000,0.498833,0.250000,0,1,0,0
14970,0.499000,0.250000,0.499000,0.250000,0,1,0,0
14975,0.499167,0.250000,0.499167,0.250000,0,1,0,0
14980,0.499333,0.250000,0.499333,0.250000,0,1,0,0
14985,0.499500,0.250000,0.499500,0.250000,0,1,0,0
14990,0.499667,0.250000,0.499667,0.250000,0,1,0,0
14995,0.499833,0.250000,0.499833,0.250000,0,1,0,0
15000,0.500000,0.800000,0.500000,0.800000,0,1,0,0
15005,0.500167,0.800000,0.500167,0.800000,0,1,0,0
15010,0.500333,0.800000,0.500333,0.800000,0,1,0,0
15015,0.500500,0.800000,0.500500,0.800000,0,1,0,0
15020,0.500667,0.800000,0.500667,0.800000,0,1,0,0
15025,0.500833,0.800000,0.500833,0.800000,0,1,0,0
15030,0.501000,0.800000,0.501000,0.800000,0,1,0,0
15035,0.501167,0.800000,0.501167,0.800000,0,1,0,0
15040,0.501333,0.800000,0.501333,0.800000,0,1,0,0
15045,0.501500,0.800000,0.501500,0.800000,0,1,0,0
15050,0.501667,0.800000,0.501667,0.800000,0,1,0,0
15055,0.501833,0.800000,0.501833,0.800000,0,1,0,0
15060,0.502000,0.800000,0.502000,0.800000,0,1,0,0
15065,0.502167,0.800000,0.502167,0.800000,0,1,0,0
15070,0.502333,0.800000,0.502333,0.800000,0,1,0,0
15075,0.502500,0.800000,0.502500,0.800000,0,1,0,0
15080,0.502667,0.800000,0.502667,0.800000,0,1,0,0
15085,0.502833,0.800000,0.502833,0.800000,0,1,0,0
15090,0.503000,0.800000,0.503000,0.800000,0,1,0,0
15095,0.503167,0.800000,0.503167,0.800000,0,1,0,0
15100,0.503333,0.800000,0.503333,0.800000,0,1,0,0
15105,0.503500,0.800000,0.503500,0.800000,0,1,0,0
15110,0.503667,0.800000,0.503667,0.800000,0,1,0,0
15115,0.503833,0.800000,0.503833,0.800000,0,1,0,0
15120,0.504000,0.800000,0.504000,0.800000,0,1,0,0
15125,0.504167,0.800000,0.504167,0.800000,0,1,0,0
15130,0.504333,0.800000,0.504333,0.800000,0,1,0,0
15135,0.504500,0.800000,0.504500,0.800000,0,1,0,0
15140,0.504667,0.800000,0.504667,0.800000,0,1,0,0
15145,0.504833,0.800000,0.504833,0.800000,0,1,0,0
15150,0.505000,0.800000,0.505000,0.800000,0,1,0,0
15155,0.505167,0.800000,0.505167,0.800000,0,1,0,0
15160,0.505333,0.800000,0.505333,0.800000,0,1,0,0
15165,0.505500,0.800000,0.505500,0.800000,0,1,0,0
15170,0.505667,0.800000,0.505667,0.800000,0,1,0,0
15175,0.505833,0.800000,0.505833,0.800000,0,1,0,0
15180,0.506000,0.800000,0.506000,0.800000,0,1,0,0
15185,0.506167,0.800000,0.506167,0.800000,0,1,0,0
15190,0.506333,0.800000,0.506333,0.800000,0,1,0,0
15195,0.506500,0.800000,0.506500,0.800000,0,1,0,0
15200,0.506667,0.800000,0.506667,0.800000,0,1,0,0
15205,0.506833,0.800000,0.506833,0.800000,0,1,0,0
15210,0.507000,0.800000,0.507000,0.800000,0,1,0,0
15215,0.507167,0.800000,0.507167,0.800000,0,1,0,0
15220,0.507333,0.800000,0.507333,0.800000,0,1,0,0
15225,0.507500,0.800000,0.507500,0.800000,0,1,0,0
15230,0.507667,0.800000,0.507667,0.800000,0,1,0,0
15235,0.507833,0.800000,0.507833,0.800000,0,1,0,0
15240,0.508000,0.800000,0.508000,0.800000,0,1,0,0
15245,0.508167,0.800000,0.508167,0.800000,0,1,0,0
15250,0.508333,0.800000,0.508333,0.800000,0,1,0,0
15255,0.508500,0.800000,0.508500,0.800000,0,1,0,0
15260,0.508667,0.800000,0.508667,0.800000,0,1,0,0
15265,0.508833,0.800000,0.508833,0.800000,0,1,0,0
15270,0.509000,0.800000,0.509000,0.800000,0,1,0,0
15275,0.509167,0.800000,0.509167,0.800000,0,1,0,0
15280,0.509333,0.800000,0.509333,0.800000,0,1,0,0
15285,0.509500,0.800000,0.509500,0.800000,0,1,0,0
15290,0.509667,0.800000,0.509667,0.800000,0,1,0,0
15295,0.509833,0.800000,0.509833,0.800000,0,1,0,0
15300,0.510000,0.800000,0.510000,0.800000,0,1,0,0
15305,0.510167,0.800000,0.510167,0.800000,0,1,0,0
15310,0.510333,0.800000,0.510333,0.800000,0,1,0,0
15315,0.510500,0.800000,0.510500,0.800000,0,1,0,0
15320,0.510667,0.800000,0.510667,0.800000,0,1,0,0
15325,0.510833,0.800000,0.510833,0.800000,0,1,0,0
15330,0.511000,0.800000,0.511000,0.800000,0,1,0,0
15335,0.511167,0.800000,0.511167,0.800000,0,1,0,0
15340,0.511333,0.800000,0.511333,0.800000,0,1,0,0
15345,0.511500,0.800000,0.511500,0.800000,0,1,0,0
15350,0.511667,0.800000,0.511667,0.800000,0,1,0,0
15355,0.511833,0.800000,0.511833,0.800000,0,1,0,0
15360,0.512000,0.800000,0.512000,0.800000,0,1,0,0
15365,0.512167,0.800000,0.512167,0.800000,0,1,0,0
15370,0.512333,0.800000,0.512333,0.800000,0,1,0,0
15375,0.512500,0.800000,0.512500,0.800000,0,1,0,0
15380,0.512667,0.800000,0.512667,0.800000,0,1,0,0
15385,0.512833,0.800000,0.512833,0.800000,0,1,0,0
15390,0.513000,0.800000,0.513000,0.800000,0,1,0,0
15395,0.513167,0.800000,0.513167,0.800000,0,1,0,0
15400,0.513333,0.800000,0.513333,0.800000,0,1,0,0
15405,0.513500,0.800000,0.513500,0.800000,0,1,0,0
15410,0.513667,0.800000,0.513667,0.800000,0,1,0,0
15415,0.513833,0.800000,0.513833,0.800000,0,1,0,0
15420,0.514000,0.800000,0.514000,0.800000,0,1,0,0
15425,0.514167,0.800000,0.514167,0.800000,0,1,0,0
15430,0.514333,0.800000,0.514333,0.800000,0,1,0,0
15435,0.514500,0.800000,0.514500,0.800000,0,1,0,0
15440,0.514667,0.800000,0.514667,0.800000,0,1,0,0
15445,0.514833,0.800000,0.514833,0.800000,0,1,0,0
15450,0.515000,0.800000,0.515000,0.800000,0,1,0,0
15455,0.515167,0.800000,0.515167,0.800000,0,1,0,0
15460,0.515333,0.800000,0.515333,0.800000,0,1,0,0
15465,0.515500,0.800000,0.515500,0.800000,0,1,0,0
15470,0.515667,0.800000,0.515667,0.800000,0,1,0,0
15475,0.515833,0.800000,0.515833,0.800000,0,1,0,0
15480,0.516000,0.800000,0.516000,0.800000,0,1,0,0
15485,0.516167,0.800000,0.516167,0.800000,0,1,0,0
15490,0.516333,0.800000,0.516333,0.800000,0,1,0,0
15495,0.516500,0.800000,0.516500,0.800000,0,1,0,0
15500,0.516667,0.800000,0.516667,0.800000,0,1,0,0
15505,0.516833,0.800000,0.516833,0.800000,0,1,0,0
15510,0.517000,0.800000,0.517000,0.800000,0,1,0,0
15515,0.517167,0.800000,0.517167,0.800000,0,1,0,0
15520,0.517333,0.800000,0.517333,0.800000,0,1,0,0
15525,0.517500,0.800000,0.517500,0.800000,0,1,0,0
15530,0.517667,0.800000,0.517667,0.800000,0,1,0,0
15535,0.517833,0.800000,0.517833,0.800000,0,1,0,0
15540,0.518000,0.800000,0.518000,0.800000,0,1,0,0
15545,0.518167,0.800000,0.518167,0.800000,0,1,0,0
15550,0.518333,0.800000,0.518333,0.800000,0,1,0,0
15555,0.518500,0.800000,0.518500,0.800000,0,1,0,0
15560,0.518667,0.800000,0.518667,0.800000,0,1,0,0
15565,0.518833,0.800000,0.518833,0.800000,0,1,0,0
15570,0.519000,0.800000,0.519000,0.800000,0,1,0,0
15575,0.519167,0.800000,0.519167,0.800000,0,1,0,0
15580,0.519333,0.800000,0.519333,0.800000,0,1,0,0
15585,0.519500,0.800000,0.519500,0.800000,0,1,0,0
15590,0.519667,0.800000,0.519667,0.800000,0,1,0,0
15595,0.519833,0.800000,0.519833,0.800000,0,1,0,0
15600,0.520000,0.800000,0.520000,0.800000,0,1,0,0
15605,0.520167,0.800000,0.520167,0.800000,0,1,0,0
15610,0.520333,0.800000,0.520333,0.800000,0,1,0,0
15615,0.520500,0.800000,0.520500,0.800000,0,1,0,0
15620,0.520667,0.800000,0.520667,0.800000,0,1,0,0
15625,0.520833,0.800000,0.520833,0.800000,0,1,0,0
15630,0.521000,0.800000,0.521000,0.800000,0,1,0,0
15635,0.521167,0.800000,0.521167,0.800000,0,1,0,0
15640,0.521333,0.800000,0.521333,0.800000,0,1,0,0
15645,0.521500,0.800000,0.521500,0.800000,0,1,0,0
15650,0.521667,0.800000,0.521667,0.800000,0,1,0,0
15655,0.521833,0.800000,0.521833,0.800000,0,1,0,0
15660,0.522000,0.800000,0.522000,0.800000,0,1,0,0
15665,0.522167,0.800000,0.522167,0.800000,0,1,0,0
15670,0.522333,0.800000,0.522333,0.800000,0,1,0,0
15675,0.522500,0.800000,0.522500,0.800000,0,1,0,0
15680,0.522667,0.800000,0.522667,0.800000,0,1,0,0
15685,0.522833,0.800000,0.522833,0.800000,0,1,0,0
15690,0.523000,0.800000,0.523000,0.800000,0,1,0,0
15695,0.523167,0.800000,0.523167,0.800000,0,1,0,0
15700,0.523333,0.800000,0.523333,0.800000,0,1,0,0
15705,0.523500,0.800000,0.523500,0.800000,0,1,0,0
15710,0.523667,0.800000,0.523667,0.800000,0,1,0,0
15715,0.523833,0.800000,0.523833,0.800000,0,1,0,0
15720,0.524000,0.800000,0.524000,0.800000,0,1,0,0
15725,0.524167,0.800000,0.524167,0.800000,0,1,0,0
15730,0.524333,0.800000,0.524333,0.800000,0,1,0,0
15735,0.524500,0.800000,0.524500,0.800000,0,1,0,0
15740,0.524667,0.800000,0.524667,0.800000,0,1,0,0
15745,0.524833,0.800000,0.524833,0.800000,0,1,0,0
15750,0.525000,0.800000,0.525000,0.800000,0,1,0,0
15755,0.525167,0.800000,0.525167,0.800000,0,1,0,0
15760,0.525333,0.800000,0.525333,0.800000,0,1,0,0
15765,0.525500,0.800000,0.525500,0.800000,0,1,0,0
15770,0.525667,0.800000,0.525667,0.800000,0,1,0,0
15775,0.525833,0.800000,0.525833,0.800000,0,1,0,0
15780,0.526000,0.800000,0.526000,0.800000,0,1,0,0
15785,0.526167,0.800000,0.526167,0.800000,0,1,0,0
15790,0.526333,0.800000,0.526333,0.800000,0,1,0,0
15795,0.526500,0.800000,0.526500,0.800000,0,1,0,0
15800,0.526667,0.800000,0.526667,0.800000,0,1,0,0
15805,0.526833,0.800000,0.526833,0.800000,0,1,0,0
15810,0.527000,0.800000,0.527000,0.800000,0,1,0,0
15815,0.527167,0.800000,0.527167,0.800000,0,1,0,0
15820,0.527333,0.800000,0.527333,0.800000,0,1,0,0
15825,0.527500,0.800000,0.527500,0.800000,0,1,0,0
15830,0.527667,0.800000,0.527667,0.800000,0,1,0,0
15835,0.527833,0.800000,0.527833,0.800000,0,1,0,0
15840,0.528000,0.800000,0.528000,0.800000,0,1,0,0
15845,0.528167,0.800000,0.528167,0.800000,0,1,0,0
15850,0.528333,0.800000,0.528333,0.800000,0,1,0,0
15855,0.528500,0.800000,0.528500,0.800000,0,1,0,0
15860,0.528667,0.800000,0.528667,0.800000,0,1,0,0
15865,0.528833,0.800000,0.528833,0.800000,0,1,0,0
15870,0.529000,0.800000,0.529000,0.800000,0,1,0,0
15875,0.529167,0.800000,0.529167,0.800000,0,1,0,0
15880,0.529333,0.800000,0.529333,0.800000,0,1,0,0
15885,0.529500,0.800000,0.529500,0.800000,0,1,0,0
15890,0.529667,0.800000,0.529667,0.800000,0,1,0,0
15895,0.529833,0.800000,0.529833,0.800000,0,1,0,0
15900,0.530000,0.800000,0.530000,0.800000,0,1,0,0
15905,0.530167,0.800000,0.530167,0.800000,0,1,0,0
15910,0.530333,0.800000,0.530333,0.800000,0,1,0,0
15915,0.530500,0.800000,0.530500,0.800000,0,1,0,0
15920,0.530667,0.800000,0.530667,0.800000,0,1,0,0
15925,0.530833,0.800000,0.530833,0.800000,0,1,0,0
15930,0.531000,0.800000,0.531000,0.800000,0,1,0,0
15935,0.531167,0.800000,0.531167,0.800000,0,1,0,0
15940,0.531333,0.800000,0.531333,0.800000,0,1,0,0
15945,0.531500,0.800000,0.531500,0.800000,0,1,0,0
15950,0.531667,0.800000,0.531667,0.800000,0,1,0,0
15955,0.531833,0.800000,0.531833,0.800000,0,1,0,0
15960,0.532000,0.800000,0.532000,0.800000,0,1,0,0
15965,0.532167,0.800000,0.532167,0.800000,0,1,0,0
15970,0.532333,0.800000,0.532333,0.800000,0,1,0,0
15975,0.532500,0.800000,0.532500,0.800000,0,1,0,0
15980,0.532667,0.800000,0.532667,0.800000,0,1,0,0
15985,0.532833,0.800000,0.532833,0.800000,0,1,0,0
15990,0.533000,0.800000,0.533000,0.800000,0,1,0,0
15995,0.533167,0.800000,0.533167,0.800000,0,1,0,0
16000,0.533333,0.250000,0.533333,0.250000,0,1,0,0
16005,0.533500,0.250000,0.533500,0.250000,0,1,0,0
16010,0.533667,0.250000,0.533667,0.250000,0,1,0,0
16015,0.533833,0.250000,0.533833,0.250000,0,1,0,0
16020,0.534000,0.250000,0.534000,0.250000,0,1,0,0
16025,0.534167,0.250000,0.534167,0.250000,0,1,0,0
16030,0.534333,0.250000,0.534333,0.250000,0,1,0,0
16035,0.534500,0.250000,0.534500,0.250000,0,1,0,0
16040,0.534667,0.250000,0.534667,0.250000,0,1,0,0
16045,0.534833,0.250000,0.534833,0.250000,0,1,0,0
16050,0.535000,0.250000,0.535000,0.250000,0,1,0,0
16055,0.535167,0.250000,0.535167,0.250000,0,1,0,0
16060,0.535333,0.250000,0.535333,0.250000,0,1,0,0
16065,0.535500,0.250000,0.535500,0.250000,0,1,0,0
16070,0.535667,0.250000,0.535667,0.250000,0,1,0,0
16075,0.535833,0.250000,0.535833,0.250000,0,1,0,0
16080,0.536000,0.250000,0.536000,0.250000,0,1,0,0
16085,0.536167,0.250000,0.536167,0.250000,0,1,0,0
16090,0.536333,0.250000,0.536333,0.250000,0,1,0,0
16095,0.536500,0.250000,0.536500,0.250000,0,1,0,0
16100,0.536667,0.250000,0.536667,0.250000,0,1,0,0
16105,0.536833,0.250000,0.536833,0.250000,0,1,0,0
16110,0.537000,0.250000,0.537000,0.250000,0,1,0,0
16115,0.537167,0.250000,0.537167,0.250000,0,1,0,0
16120,0.537333,0.250000,0.537333,0.250000,0,1,0,0
16125,0.537500,0.250000,0.537500,0.250000,0,1,0,0
16130,0.537667,0.250000,0.537667,0.250000,0,1,0,0
16135,0.537833,0.250000,0.537833,0.250000,0,1,0,0
16140,0.538000,0.250000,0.538000,0.250000,0,1,0,0
16145,0.538167,0.250000,0.538167,0.250000,0,1,0,0
16150,0.538333,0.250000,0.538333,0.250000,0,1,0,0
16155,0.538500,0.250000,0.538500,0.250000,0,1,0,0
16160,0.538667,0.250000,0.538667,0.250000,0,1,0,0
16165,0.538833,0.250000,0.538833,0.250000,0,1,0,0
16170,0.539000,0.250000,0.539000,0.250000,0,1,0,0
16175,0.539167,0.250000,0.539167,0.250000,0,1,0,0
16180,0.539333,0.250000,0.539333,0.250000,0,1,0,0
16185,0.539500,0.250000,0.539500,0.250000,0,1,0,0
16190,0.539667,0.250000,0.539667,0.250000,0,1,0,0
16195,0.539833,0.250000,0.539833,0.250000,0,1,0,0
16200,0.540000,0.250000,0.540000,0.250000,0,1,0,0
16205,0.540167,0.250000,0.540167,0.250000,0,1,0,0
16210,0.540333,0.250000,0.540333,0.250000,0,1,0,0
16215,0.540500,0.250000,0.540500,0.250000,0,1,0,0
16220,0.540667,0.250000,0.540667,0.250000,0,1,0,0
16225,0.540833,0.250000,0.540833,0.250000,0,1,0,0
16230,0.541000,0.250000,0.541000,0.250000,0,1,0,0
16235,0.541167,0.250000,0.541167,0.250000,0,1,0,0
16240,0.541333,0.250000,0.541333,0.250000,0,1,0,0
16245,0.541500,0.250000,0.541500,0.250000,0,1,0,0
16250,0.541667,0.250000,0.541667,0.250000,0,1,0,0
16255,0.541833,0.250000,0.541833,0.250000,0,1,0,0
16260,0.542000,0.250000,0.542000,0.250000,0,1,0,0
16265,0.542167,0.250000,0.542167,0.250000,0,1,0,0
16270,0.542333,0.250000,0.542333,0.250000,0,1,0,0
16275,0.542500,0.250000,0.542500,0.250000,0,1,0,0
16280,0.542667,0.250000,0.542667,0.250000,0,1,0,0
16285,0.542833,0.250000,0.542833,0.250000,0,1,0,0
16290,0.543000,0.250000,0.543000,0.250000,0,1,0,0
16295,0.543167,0.250000,0.543167,0.250000,0,1,0,0
16300,0.543333,0.250000,0.543333,0.250000,0,1,0,0
16305,0.543500,0.250000,0.543500,0.250000,0,1,0,0
16310,0.543667,0.250000,0.543667,0.250000,0,1,0,0
16315,0.543833,0.250000,0.543833,0.250000,0,1,0,0
16320,0.544000,0.250000,0.544000,0.250000,0,1,0,0
16325,0.544167,0.250000,0.544167,0.250000,0,1,0,0
16330,0.544333,0.250000,0.544333,0.250000,0,1,0,0
16335,0.544500,0.250000,0.544500,0.250000,0,1,0,0
16340,0.544667,0.250000,0.544667,0.250000,0,1,0,0
16345,0.544833,0.250000,0.544833,0.250000,0,1,0,0
16350,0.545000,0.250000,0.545000,0.250000,0,1,0,0
16355,0.545167,0.250000,0.545167,0.250000,0,1,0,0
16360,0.545333,0.250000,0.545333,0.250000,0,1,0,0
16365,0.545500,0.250000,0.545500,0.250000,0,1,0,0
16370,0.545667,0.250000,0.545667,0.250000,0,1,0,0
16375,0.545833,0.250000,0.545833,0.250000,0,1,0,0
16380,0.546000,0.250000,0.546000,0.250000,0,1,0,0
16385,0.546167,0.250000,0.546167,0.250000,0,1,0,0
16390,0.546333,0.250000,0.546333,0.250000,0,1,0,0
16395,0.546500,0.250000,0.546500,0.250000,0,1,0,0
16400,0.546667,0.250000,0.546667,0.250000,0,1,0,0
16405,0.546833,0.250000,0.546833,0.250000,0,1,0,0
16410,0.547000,0.250000,0.547000,0.250000,0,1,0,0
16415,0.547167,0.250000,0.547167,0.250000,0,1,0,0
16420,0.547333,0.250000,0.547333,0.250000,0,1,0,0
16425,0.547500,0.250000,0.547500,0.250000,0,1,0,0
16430,0.547667,0.250000,0.547667,0.250000,0,1,0,0
16435,0.547833,0.250000,0.547833,0.250000,0,1,0,0
16440,0.548000,0.250000,0.548000,0.250000,0,1,0,0
16445,0.548167,0.250000,0.548167,0.250000,0,1,0,0
16450,0.548333,0.250000,0.548333,0.250000,0,1,0,0
16455,0.548500,0.250000,0.548500,0.250000,0,1,0,0
16460,0.548667,0.250000,0.548667,0.250000,0,1,0,0
16465,0.548833,0.250000,0.548833,0.250000,0,1,0,0
16470,0.549000,0.250000,0.549000,0.250000,0,1,0,0
16475,0.549167,0.250000,0.549167,0.250000,0,1,0,0
16480,0.549333,0.250000,0.549333,0.250000,0,1,0,0
16485,0.549500,0.250000,0.549500,0.250000,0,1,0,0
16490,0.549667,0.250000,0.549667,0.250000,0,1,0,0
16495,0.549833,0.250000,0.549833,0.250000,0,1,0,0
16500,0.550000,0.250000,0.550000,0.250000,0,1,0,0
16505,0.550167,0.250000,0.550167,0.250000,0,1,0,0
16510,0.550333,0.250000,0.550333,0.250000,0,1,0,0
16515,0.550500,0.250000,0.550500,0.250000,0,1,0,0
16520,0.550667,0.250000,0.550667,0.250000,0,1,0,0
16525,0.550833,0.250000,0.550833,0.250000,0,1,0,0
16530,0.551000,0.250000,0.551000,0.250000,0,1,0,0
16535,0.551167,0.250000,0.551167,0.250000,0,1,0,0
16540,0.551333,0.250000,0.551333,0.250000,0,1,0,0
16545,0.551500,0.250000,0.551500,0.250000,0,1,0,0
16550,0.551667,0.250000,0.551667,0.250000,0,1,0,0
16555,0.551833,0.250000,0.551833,0.250000,0,1,0,0
16560,0.552000,0.250000,0.552000,0.250000,0,1,0,0
16565,0.552167,0.250000,0.552167,0.250000,0,1,0,0
16570,0.552333,0.250000,0.552333,0.250000,0,1,0,0
16575,0.552500,0.250000,0.552500,0.250000,0,1,0,0
16580,0.552667,0.250000,0.552667,0.250000,0,1,0,0
16585,0.552833,0.250000,0.552833,0.250000,0,1,0,0
16590,0.553000,0.250000,0.553000,0.250000,0,1,0,0
16595,0.553167,0.250000,0.553167,0.250000,0,1,0,0
16600,0.553333,0.250000,0.553333,0.250000,0,1,0,0
16605,0.553500,0.250000,0.553500,0.250000,0,1,0,0
16610,0.553667,0.250000,0.553667,0.250000,0,1,0,0
16615,0.553833,0.250000,0.553833,0.250000,0,1,0,0
16620,0.554000,0.250000,0.554000,0.250000,0,1,0,0
16625,0.554167,0.250000,0.554167,0.250000,0,1,0,0
16630,0.554333,0.250000,0.554333,0.250000,0,1,0,0
16635,0.554500,0.250000,0.554500,0.250000,0,1,0,0
16640,0.554667,0.250000,0.554667,0.250000,0,1,0,0
16645,0.554833,0.250000,0.554833,0.250000,0,1,0,0
16650,0.555000,0.250000,0.555000,0.250000,0,1,0,0
16655,0.555167,0.250000,0.555167,0.250000,0,1,0,0
16660,0.555333,0.250000,0.555333,0.250000,0,1,0,0
16665,0.555500,0.250000,0.555500,0.250000,0,1,0,0
16670,0.555667,0.250000,0.555667,0.250000,0,1,0,0
16675,0.555833,0.250000,0.555833,0.250000,0,1,0,0
16680,0.556000,0.250000,0.556000,0.250000,0,1,0,0
16685,0.556167,0.250000,0.556167,0.250000,0,1,0,0
16690,0.556333,0.250000,0.556333,0.250000,0,1,0,0
16695,0.556500,0.250000,0.556500,0.250000,0,1,0,0
16700,0.556667,0.250000,0.556667,0.250000,0,1,0,0
16705,0.556833,0.250000,0.556833,0.250000,0,1,0,0
16710,0.557000,0.250000,0.557000,0.250000,0,1,0,0
16715,0.557167,0.250000,0.557167,0.250000,0,1,0,0
16720,0.557333,0.250000,0.557333,0.250000,0,1,0,0
16725,0.557500,0.250000,0.557500,0.250000,0,1,0,0
16730,0.557667,0.250000,0.557667,0.250000,0,1,0,0
16735,0.557833,0.250000,0.557833,0.250000,0,1,0,0
16740,0.558000,0.250000,0.558000,0.250000,0,1,0,0
16745,0.558167,0.250000,0.558167,0.250000,0,1,0,0
16750,0.558333,0.250000,0.558333,0.250000,0,1,0,0
16755,0.558500,0.250000,0.558500,0.250000,0,1,0,0
16760,0.558667,0.250000,0.558667,0.250000,0,1,0,0
16765,0.558833,0.250000,0.558833,0.250000,0,1,0,0
16770,0.559000,0.250000,0.559000,0.250000,0,1,0,0
16775,0.559167,0.250000,0.559167,0.250000,0,1,0,0
16780,0.559333,0.250000,0.559333,0.250000,0,1,0,0
16785,0.559500,0.250000,0.559500,0.250000,0,1,0,0
16790,0.559667,0.250000,0.559667,0.250000,0,1,0,0
16795,0.559833,0.250000,0.559833,0.250000,0,1,0,0
16800,0.560000,0.250000,0.560000,0.250000,0,1,0,0
16805,0.560167,0.250000,0.560167,0.250000,0,1,0,0
16810,0.560333,0.250000,0.560333,0.250000,0,1,0,0
16815,0.560500,0.250000,0.560500,0.250000,0,1,0,0
16820,0.560667,0.250000,0.560667,0.250000,0,1,0,0
16825,0.560833,0.250000,0.560833,0.250000,0,1,0,0
16830,0.561000,0.250000,0.561000,0.250000,0,1,0,0
16835,0.561167,0.250000,0.561167,0.250000,0,1,0,0
16840,0.561333,0.250000,0.561333,0.250000,0,1,0,0
16845,0.561500,0.250000,0.561500,0.250000,0,1,0,0
16850,0.561667,0.250000,0.561667,0.250000,0,1,0,0
16855,0.561833,0.250000,0.561833,0.250000,0,1,0,0
16860,0.562000,0.250000,0.562000,0.250000,0,1,0,0
16865,0.562167,0.250000,0.562167,0.250000,0,1,0,0
16870,0.562333,0.250000,0.562333,0.250000,0,1,0,0
16875,0.562500,0.250000,0.562500,0.250000,0,1,0,0
16880,0.562667,0.250000,0.562667,0.250000,0,1,0,0
16885,0.562833,0.250000,0.562833,0.250000,0,1,0,0
16890,0.563000,0.250000,0.563000,0.250000,0,1,0,0
16895,0.563167,0.250000,0.563167,0.250000,0,1,0,0
16900,0.563333,0.250000,0.563333,0.250000,0,1,0,0
16905,0.563500,0.250000,0.563500,0.250000,0,1,0,0
16910,0.563667,0.250000,0.563667,0.250000,0,1,0,0
16915,0.563833,0.250000,0.563833,0.250000,0,1,0,0
16920,0.564000,0.250000,0.564000,0.250000,0,1,0,0
16925,0.564167,0.250000,0.564167,0.250000,0,1,0,0
16930,0.564333,0.250000,0.564333,0.250000,0,1,0,0
16935,0.564500,0.250000,0.564500,0.250000,0,1,0,0
16940,0.564667,0.250000,0.564667,0.250000,0,1,0,0
16945,0.564833,0.250000,0.564833,0.250000,0,1,0,0
16950,0.565000,0.250000,0.565000,0.250000,0,1,0,0
16955,0.565167,0.250000,0.565167,0.250000,0,1,0,0
16960,0.565333,0.250000,0.565333,0.250000,0,1,0,0
16965,0.565500,0.250000,0.565500,0.250000,0,1,0,0
16970,0.565667,0.250000,0.565667,0.250000,0,1,0,0
16975,0.565833,0.250000,0.565833,0.250000,0,1,0,0
16980,0.566000,0.250000,0.566000,0.250000,0,1,0,0
16985,0.566167,0.250000,0.566167,0.250000,0,1,0,0
16990,0.566333,0.250000,0.566333,0.250000,0,1,0,0
16995,0.566500,0.250000,0.566500,0.250000,0,1,0,0
17000,0.566667,0.250000,0.566667,0.250000,0,1,0,0
17005,0.566833,0.250000,0.566833,0.250000,0,1,0,0
17010,0.567000,0.250000,0.567000,0.250000,0,1,0,0
17015,0.567167,0.250000,0.567167,0.250000,0,1,0,0
17020,0.567333,0.250000,0.567333,0.250000,0,1,0,0
17025,0.567500,0.250000,0.567500,0.250000,0,1,0,0
17030,0.567667,0.250000,0.567667,0.250000,0,1,0,0
17035,0.567833,0.250000,0.567833,0.250000,0,1,0,0
17040,0.568000,0.250000,0.568000,0.250000,0,1,0,0
17045,0.568167,0.250000,0.568167,0.250000,0,1,0,0
17050,0.568333,0.250000,0.568333,0.250000,0,1,0,0
17055,0.568500,0.250000,0.568500,0.250000,0,1,0,0
17060,0.568667,0.250000,0.568667,0.250000,0,1,0,0
17065,0.568833,0.250000,0.568833,0.250000,0,1,0,0
17070,0.569000,0.250000,0.569000,0.250000,0,1,0,0
17075,0.569167,0.250000,0.569167,0.250000,0,1,0,0
17080,0.569333,0.250000,0.569333,0.250000,0,1,0,0
17085,0.569500,0.250000,0.569500,0.250000,0,1,0,0
17090,0.569667,0.250000,0.569667,0.250000,0,1,0,0
17095,0.569833,0.250000,0.569833,0.250000,0,1,0,0
17100,0.570000,0.250000,0.570000,0.250000,0,1,0,0
17105,0.570167,0.250000,0.570167,0.250000,0,1,0,0
17110,0.570333,0.250000,0.570333,0.250000,0,1,0,0
17115,0.570500,0.250000,0.570500,0.250000,0,1,0,0
17120,0.570667,0.250000,0.570667,0.250000,0,1,0,0
17125,0.570833,0.250000,0.570833,0.250000,0,1,0,0
17130,0.571000,0.250000,0.571000,0.250000,0,1,0,0
17135,0.571167,0.250000,0.571167,0.250000,0,1,0,0
17140,0.571333,0.250000,0.571333,0.250000,0,1,0,0
17145,0.571500,0.250000,0.571500,0.250000,0,1,0,0
17150,0.571667,0.250000,0.571667,0.250000,0,1,0,0
17155,0.571833,0.250000,0.571833,0.250000,0,1,0,0
17160,0.572000,0.250000,0.572000,0.250000,0,1,0,0
17165,0.572167,0.250000,0.572167,0.250000,0,1,0,0
17170,0.572333,0.250000,0.572333,0.250000,0,1,0,0
17175,0.572500,0.250000,0.572500,0.250000,0,1,0,0
17180,0.572667,0.250000,0.572667,0.250000,0,1,0,0
17185,0.572833,0.250000,0.572833,0.250000,0,1,0,0
17190,0.573000,0.250000,0.573000,0.250000,0,1,0,0
17195,0.573167,0.250000,0.573167,0.250000,0,1,0,0
17200,0.573333,0.250000,0.573333,0.250000,0,1,0,0
17205,0.573500,0.250000,0.573500,0.250000,0,1,0,0
17210,0.573667,0.250000,0.573667,0.250000,0,1,0,0
17215,0.573833,0.250000,0.573833,0.250000,0,1,0,0
17220,0.574000,0.250000,0.574000,0.250000,0,1,0,0
17225,0.574167,0.250000,0.574167,0.250000,0,1,0,0
17230,0.574333,0.250000,0.574333,0.250000,0,1,0,0
17235,0.574500,0.250000,0.574500,0.250000,0,1,0,0
17240,0.574667,0.250000,0.574667,0.250000,0,1,0,0
17245,0.574833,0.250000,0.574833,0.250000,0,1,0,0
17250,0.575000,0.250000,0.575000,0.250000,0,1,0,0
17255,0.575167,0.250000,0.575167,0.250000,0,1,0,0
17260,0.575333,0.250000,0.575333,0.250000,0,1,0,0
17265,0.575500,0.250000,0.575500,0.250000,0,1,0,0
17270,0.575667,0.250000,0.575667,0.250000,0,1,0,0
17275,0.575833,0.250000,0.575833,0.250000,0,1,0,0
17280,0.576000,0.250000,0.576000,0.250000,0,1,0,0
17285,0.576167,0.250000,0.576167,0.250000,0,1,0,0
17290,0.576333,0.250000,0.576333,0.250000,0,1,0,0
17295,0.576500,0.250000,0.576500,0.250000,0,1,0,0
17300,0.576667,0.250000,0.576667,0.250000,0,1,0,0
17305,0.576833,0.250000,0.576833,0.250000,0,1,0,0
17310,0.577000,0.250000,0.577000,0.250000,0,1,0,0
17315,0.577167,0.250000,0.577167,0.250000,0,1,0,0
17320,0.577333,0.250000,0.577333,0.250000,0,1,0,0
17325,0.577500,0.250000,0.577500,0.250000,0,1,0,0
17330,0.577667,0.250000,0.577667,0.250000,0,1,0,0
17335,0.577833,0.250000,0.577833,0.250000,0,1,0,0
17340,0.578000,0.250000,0.578000,0.250000,0,1,0,0
17345,0.578167,0.250000,0.578167,0.250000,0,1,0,0
17350,0.578333,0.250000,0.578333,0.250000,0,1,0,0
17355,0.578500,0.250000,0.578500,0.250000,0,1,0,0
17360,0.578667,0.250000,0.578667,0.250000,0,1,0,0
17365,0.578833,0.250000,0.578833,0.250000,0,1,0,0
17370,0.579000,0.250000,0.579000,0.250000,0,1,0,0
17375,0.579167,0.250000,0.579167,0.250000,0,1,0,0
17380,0.579333,0.250000,0.579333,0.250000,0,1,0,0
17385,0.579500,0.250000,0.579500,0.250000,0,1,0,0
17390,0.579667,0.250000,0.579667,0.250000,0,1,0,0
17395,0.579833,0.250000,0.579833,0.250000,0,1,0,0
17400,0.580000,0.250000,0.580000,0.250000,0,1,0,0
17405,0.580167,0.250000,0.580167,0.250000,0,1,0,0
17410,0.580333,0.250000,0.580333,0.250000,0,1,0,0
17415,0.580500,0.250000,0.580500,0.250000,0,1,0,0
17420,0.580667,0.250000,0.580667,0.250000,0,1,0,0
17425,0.580833,0.250000,0.580833,0.250000,0,1,0,0
17430,0.581000,0.250000,0.581000,0.250000,0,1,0,0
17435,0.581167,0.250000,0.581167,0.250000,0,1,0,0
17440,0.581333,0.250000,0.581333,0.250000,0,1,0,0
17445,0.581500,0.250000,0.581500,0.250000,0,1,0,0
17450,0.581667,0.250000,0.581667,0.250000,0,1,0,0
17455,0.581833,0.250000,0.581833,0.250000,0,1,0,0
17460,0.582000,0.250000,0.582000,0.250000,0,1,0,0
17465,0.582167,0.250000,0.582167,0.250000,0,1,0,0
17470,0.582333,0.250000,0.582333,0.250000,0,1,0,0
17475,0.582500,0.250000,0.582500,0.250000,0,1,0,0
17480,0.582667,0.250000,0.582667,0.250000,0,1,0,0
17485,0.582833,0.250000,0.582833,0.250000,0,1,0,0
17490,0.583000,0.250000,0.583000,0.250000,0,1,0,0
17495,0.583167,0.250000,0.583167,0.250000,0,1,0,0
17500,0.583333,0.250000,0.583333,0.250000,0,1,0,0
17505,0.583500,0.250000,0.583500,0.250000,0,1,0,0
17510,0.583667,0.250000,0.583667,0.250000,0,1,0,0
17515,0.583833,0.250000,0.583833,0.250000,0,1,0,0
17520,0.584000,0.250000,0.584000,0.250000,0,1,0,0
17525,0.584167,0.250000,0.584167,0.250000,0,1,0,0
17530,0.584333,0.250000,0.584333,0.250000,0,1,0,0
17535,0.584500,0.250000,0.584500,0.250000,0,1,0,0
17540,0.584667,0.250000,0.584667,0.250000,0,1,0,0
17545,0.584833,0.250000,0.584833,0.250000,0,1,0,0
17550,0.585000,0.250000,0.585000,0.250000,0,1,0,0
17555,0.585167,0.250000,0.585167,0.250000,0,1,0,0
17560,0.585333,0.250000,0.585333,0.250000,0,1,0,0
17565,0.585500,0.250000,0.585500,0.250000,0,1,0,0
17570,0.585667,0.250000,0.585667,0.250000,0,1,0,0
17575,0.585833,0.250000,0.585833,0.250000,0,1,0,0
17580,0.586000,0.250000,0.586000,0.250000,0,1,0,0
17585,0.586167,0.250000,0.586167,0.250000,0,1,0,0
17590,0.586333,0.250000,0.586333,0.250000,0,1,0,0
17595,0.586500,0.250000,0.586500,0.250000,0,1,0,0
17600,0.586667,0.250000,0.586667,0.250000,0,1,0,0
17605,0.586833,0.250000,0.586833,0.250000,0,1,0,0
17610,0.587000,0.250000,0.587000,0.250000,0,1,0,0
17615,0.587167,0.250000,0.587167,0.250000,0,1,0,0
17620,0.587333,0.250000,0.587333,0.250000,0,1,0,0
17625,0.587500,0.250000,0.587500,0.250000,0,1,0,0
17630,0.587667,0.250000,0.587667,0.250000,0,1,0,0
17635,0.587833,0.250000,0.587833,0.250000,0,1,0,0
17640,0.588000,0.250000,0.588000,0.250000,0,1,0,0
17645,0.588167,0.250000,0.588167,0.250000,0,1,0,0
17650,0.588333,0.250000,0.588333,0.250000,0,1,0,0
17655,0.588500,0.250000,0.588500,0.250000,0,1,0,0
17660,0.588667,0.250000,0.588667,0.250000,0,1,0,0
17665,0.588833,0.250000,0.588833,0.250000,0,1,0,0
17670,0.589000,0.250000,0.589000,0.250000,0,1,0,0
17675,0.589167,0.250000,0.589167,0.250000,0,1,0,0
17680,0.589333,0.250000,0.589333,0.250000,0,1,0,0
17685,0.589500,0.250000,0.589500,0.250000,0,1,0,0
17690,0.589667,0.250000,0.589667,0.250000,0,1,0,0
17695,0.589833,0.250000,0.589833,0.250000,0,1,0,0
17700,0.590000,0.250000,0.590000,0.250000,0,1,0,0
17705,0.590167,0.250000,0.590167,0.250000,0,1,0,0
17710,0.590333,0.250000,0.590333,0.250000,0,1,0,0
17715,0.590500,0.250000,0.590500,0.250000,0,1,0,0
17720,0.590667,0.250000,0.590667,0.250000,0,1,0,0
17725,0.590833,0.250000,0.590833,0.250000,0,1,0,0
17730,0.591000,0.250000,0.591000,0.250000,0,1,0,0
17735,0.591167,0.250000,0.591167,0.250000,0,1,0,0
17740,0.591333,0.250000,0.591333,0.250000,0,1,0,0
17745,0.591500,0.250000,0.591500,0.250000,0,1,0,0
17750,0.591667,0.250000,0.591667,0.250000,0,1,0,0
17755,0.591833,0.250000,0.591833,0.250000,0,1,0,0
17760,0.592000,0.250000,0.592000,0.250000,0,1,0,0
17765,0.592167,0.250000,0.592167,0.250000,0,1,0,0
17770,0.592333,0.250000,0.592333,0.250000,0,1,0,0
17775,0.592500,0.250000,0.592500,0.250000,1,1,0,0
17780,0.592667,0.250000,0.592667,0.250000,1,1,0,0
17785,0.592833,0.250000,0.592833,0.250000,1,1,0,0
17790,0.593000,0.250000,0.593000,0.250000,1,1,0,0
17795,0.593167,0.250000,0.593167,0.250000,1,1,0,0
17800,0.593333,0.250000,0.593333,0.250000,1,1,0,0
17805,0.593500,0.250000,0.593500,0.250000,1,1,0,0
17810,0.593667,0.250000,0.593667,0.250000,1,1,0,0
17815,0.593833,0.250000,0.593833,0.250000,1,1,0,0
17820,0.594000,0.250000,0.594000,0.250000,1,1,0,0
17825,0.594167,0.250000,0.594167,0.250000,1,1,0,0
17830,0.594333,0.250000,0.594333,0.250000,1,1,0,0
17835,0.594500,0.250000,0.594500,0.250000,1,1,0,0
17840,0.594667,0.250000,0.594667,0.250000,1,1,0,0
17845,0.594833,0.250000,0.594833,0.250000,1,1,0,0
17850,0.595000,0.250000,0.595000,0.250000,1,1,0,0
17855,0.595167,0.250000,0.595167,0.250000,1,1,0,0
17860,0.595333,0.250000,0.595333,0.250000,1,1,0,0
17865,0.595500,0.250000,0.595500,0.250000,1,1,0,0
17870,0.595667,0.250000,0.595667,0.250000,1,1,0,0
17875,0.595833,0.250000,0.595833,0.250000,1,1,0,0
17880,0.596000,0.250000,0.596000,0.250000,1,1,0,0
17885,0.596167,0.250000,0.596167,0.250000,1,1,0,0
17890,0.596333,0.250000,0.596333,0.250000,1,1,0,0
17895,0.596500,0.250000,0.596500,0.250000,1,1,0,0
17900,0.596667,0.250000,0.596667,0.250000,1,1,0,0
17905,0.596833,0.250000,0.596833,0.250000,1,1,0,0
17910,0.597000,0.250000,0.597000,0.250000,1,1,0,0
17915,0.597167,0.250000,0.597167,0.250000,1,1,0,0
17920,0.597333,0.250000,0.597333,0.250000,1,1,0,0
17925,0.597500,0.250000,0.597500,0.250000,1,1,0,0
17930,0.597667,0.250000,0.597667,0.250000,1,1,0,0
17935,0.597833,0.250000,0.597833,0.250000,1,1,0,0
17940,0.598000,0.250000,0.598000,0.250000,1,1,0,0
17945,0.598167,0.250000,0.598167,0.250000,1,1,0,0
17950,0.598333,0.250000,0.598333,0.250000,1,1,0,0
17955,0.598500,0.250000,0.598500,0.250000,1,1,0,0
17960,0.598667,0.250000,0.598667,0.250000,1,1,0,0
17965,0.598833,0.250000,0.598833,0.250000,1,1,0,0
17970,0.599000,0.250000,0.599000,0.250000,1,1,0,0
17975,0.599167,0.250000,0.599167,0.250000,1,1,0,0
17980,0.599333,0.250000,0.599333,0.250000,1,1,0,0
17985,0.599500,0.250000,0.599500,0.250000,1,1,0,0
17990,0.599667,0.250000,0.599667,0.250000,1,1,0,0
17995,0.599833,0.250000,0.599833,0.250000,1,1,0,0
18000,0.600000,0.250000,0.600000,0.250000,1,1,0,0
18005,0.600167,0.250000,0.600167,0.250000,1,1,0,0
18010,0.600333,0.250000,0.600333,0.250000,1,1,0,0
18015,0.600500,0.250000,0.600500,0.250000,1,1,0,0
18020,0.600667,0.250000,0.600667,0.250000,1,1,0,0
18025,0.600833,0.250000,0.600833,0.250000,1,1,0,0
18030,0.601000,0.250000,0.601000,0.250000,1,1,0,0
18035,0.601167,0.250000,0.601167,0.250000,1,1,0,0
18040,0.601333,0.250000,0.601333,0.250000,1,1,0,0
18045,0.601500,0.250000,0.601500,0.250000,1,1,0,0
18050,0.601667,0.250000,0.601667,0.250000,1,1,0,0
18055,0.601833,0.250000,0.601833,0.250000,1,1,0,0
18060,0.602000,0.250000,0.602000,0.250000,1,1,0,0
18065,0.602167,0.250000,0.602167,0.250000,1,1,0,0
18070,0.602333,0.250000,0.602333,0.250000,1,1,0,0
18075,0.602500,0.250000,0.602500,0.250000,1,1,0,0
18080,0.602667,0.250000,0.602667,0.250000,1,1,0,0
18085,0.602833,0.250000,0.602833,0.250000,1,1,0,0
18090,0.603000,0.250000,0.603000,0.250000,1,1,0,0
18095,0.603167,0.250000,0.603167,0.250000,1,1,0,0
18100,0.603333,0.250000,0.603333,0.250000,1,1,0,0
18105,0.603500,0.250000,0.603500,0.250000,1,1,0,0
18110,0.603667,0.250000,0.603667,0.250000,1,1,0,0
18115,0.603833,0.250000,0.603833,0.250000,1,1,0,0
18120,0.604000,0.250000,0.604000,0.250000,1,1,0,0
18125,0.604167,0.250000,0.604167,0.250000,1,1,0,0
18130,0.604333,0.250000,0.604333,0.250000,1,1,0,0
18135,0.604500,0.250000,0.604500,0.250000,1,1,0,0
18140,0.604667,0.250000,0.604667,0.250000,1,1,0,0
18145,0.604833,0.250000,0.604833,0.250000,1,1,0,0
18150,0.605000,0.250000,0.605000,0.250000,1,1,0,0
18155,0.605167,0.250000,0.605167,0.250000,1,1,0,0
18160,0.605333,0.250000,0.605333,0.250000,1,1,0,0
18165,0.605500,0.250000,0.605500,0.250000,1,1,0,0
18170,0.605667,0.250000,0.605667,0.250000,1,1,0,0
18175,0.605833,0.250000,0.605833,0.250000,1,1,0,0
18180,0.606000,0.250000,0.606000,0.250000,1,1,0,0
18185,0.606167,0.250000,0.606167,0.250000,1,1,0,0
18190,0.606333,0.250000,0.606333,0.250000,1,1,0,0
18195,0.606500,0.250000,0.606500,0.250000,1,1,0,0
18200,0.606667,0.250000,0.606667,0.250000,1,1,0,0
18205,0.606833,0.250000,0.606833,0.250000,1,1,0,0
18210,0.607000,0.250000,0.607000,0.250000,1,1,0,0
18215,0.607167,0.250000,0.607167,0.250000,1,1,0,0
18220,0.607333,0.250000,0.607333,0.250000,1,1,0,0
18225,0.607500,0.250000,0.607500,0.250000,1,1,0,0
18230,0.607667,0.250000,0.607667,0.250000,1,1,0,0
18235,0.607833,0.250000,0.607833,0.250000,1,1,0,0
18240,0.608000,0.250000,0.608000,0.250000,1,1,0,0
18245,0.608167,0.250000,0.608167,0.250000,1,1,0,0
18250,0.608333,0.250000,0.608333,0.250000,1,1,0,0
18255,0.608500,0.250000,0.608500,0.250000,1,1,0,0
18260,0.608667,0.250000,0.608667,0.250000,1,1,0,0
18265,0.608833,0.250000,0.608833,0.250000,1,1,0,0
18270,0.609000,0.250000,0.609000,0.250000,1,1,0,0
18275,0.609167,0.250000,0.609167,0.250000,1,1,0,0
18280,0.609333,0.250000,0.609333,0.250000,1,1,0,0
18285,0.609500,0.250000,0.609500,0.250000,1,1,0,0
18290,0.609667,0.250000,0.609667,0.250000,1,1,0,0
18295,0.609833,0.250000,0.609833,0.250000,1,1,0,0
18300,0.610000,0.250000,0.610000,0.250000,1,1,0,0
18305,0.610167,0.250000,0.610167,0.250000,1,1,0,0
18310,0.610333,0.250000,0.610333,0.250000,1,1,0,0
18315,0.610500,0.250000,0.610500,0.250000,1,1,0,0
18320,0.610667,0.250000,0.610667,0.250000,1,1,0,0
18325,0.610833,0.250000,0.610833,0.250000,1,1,0,0
18330,0.611000,0.250000,0.611000,0.250000,1,1,0,0
18335,0.611167,0.250000,0.611167,0.250000,1,1,0,0
18340,0.611333,0.250000,0.611333,0.250000,1,1,0,0
18345,0.611500,0.250000,0.611500,0.250000,1,1,0,0
18350,0.611667,0.250000,0.611667,0.250000,1,1,0,0
18355,0.611833,0.250000,0.611833,0.250000,1,1,0,0
18360,0.612000,0.250000,0.612000,0.250000,1,1,0,0
18365,0.612167,0.250000,0.612167,0.250000,1,1,0,0
18370,0.612333,0.250000,0.612333,0.250000,1,1,0,0
18375,0.612500,0.250000,0.612500,0.250000,1,1,0,0
18380,0.612667,0.250000,0.612667,0.250000,1,1,0,0
18385,0.612833,0.250000,0.612833,0.250000,1,1,0,0
18390,0.613000,0.250000,0.613000,0.250000,1,1,0,0
18395,0.613167,0.250000,0.613167,0.250000,1,1,0,0
18400,0.613333,0.250000,0.613333,0.250000,1,1,0,0
18405,0.613500,0.250000,0.613500,0.250000,1,1,0,0
18410,0.613667,0.250000,0.613667,0.250000,1,1,0,0
18415,0.613833,0.250000,0.613833,0.250000,1,1,0,0
18420,0.614000,0.250000,0.614000,0.250000,1,1,0,0
18425,0.614167,0.250000,0.614167,0.250000,1,1,0,0
18430,0.614333,0.250000,0.614333,0.250000,1,1,0,0
18435,0.614500,0.250000,0.614500,0.250000,1,1,0,0
18440,0.614667,0.250000,0.614667,0.250000,1,1,0,0
18445,0.614833,0.250000,0.614833,0.250000,1,1,0,0
18450,0.615000,0.250000,0.615000,0.250000,1,1,0,0
18455,0.615167,0.250000,0.615167,0.250000,1,1,0,0
18460,0.615333,0.250000,0.615333,0.250000,1,1,0,0
18465,0.615500,0.250000,0.615500,0.250000,1,1,0,0
18470,0.615667,0.250000,0.615667,0.250000,1,1,0,0
18475,0.615833,0.250000,0.615833,0.250000,1,1,0,0
18480,0.616000,0.250000,0.616000,0.250000,1,1,0,0
18485,0.616167,0.250000,0.616167,0.250000,1,1,0,0
18490,0.616333,0.250000,0.616333,0.250000,1,1,0,0
18495,0.616500,0.250000,0.616500,0.250000,1,1,0,0
18500,0.616667,0.250000,0.616667,0.250000,1,1,0,0
18505,0.616833,0.250000,0.616833,0.250000,1,1,0,0
18510,0.617000,0.250000,0.617000,0.250000,1,1,0,0
18515,0.617167,0.250000,0.617167,0.250000,1,1,0,0
18520,0.617333,0.250000,0.617333,0.250000,1,1,0,0
18525,0.617500,0.250000,0.617500,0.250000,1,1,0,0
18530,0.617667,0.250000,0.617667,0.250000,1,1,0,0
18535,0.617833,0.250000,0.617833,0.250000,1,1,0,0
18540,0.618000,0.250000,0.618000,0.250000,1,1,0,0
18545,0.618167,0.250000,0.618167,0.250000,1,1,0,0
18550,0.618333,0.250000,0.618333,0.250000,1,1,0,0
18555,0.618500,0.250000,0.618500,0.250000,1,1,0,0
18560,0.618667,0.250000,0.618667,0.250000,1,1,0,0
18565,0.618833,0.250000,0.618833,0.250000,1,1,0,0
18570,0.619000,0.250000,0.619000,0.250000,1,1,0,0
18575,0.619167,0.250000,0.619167,0.250000,1,1,0,0
18580,0.619333,0.250000,0.619333,0.250000,1,1,0,0
18585,0.619500,0.250000,0.619500,0.250000,1,1,0,0
18590,0.619667,0.250000,0.619667,0.250000,1,1,0,0
18595,0.619833,0.250000,0.619833,0.250000,1,1,0,0
18600,0.620000,0.250000,0.620000,0.250000,1,1,0,0
18605,0.620167,0.250000,0.620167,0.250000,1,1,0,0
18610,0.620333,0.250000,0.620333,0.250000,1,1,0,0
18615,0.620500,0.250000,0.620500,0.250000,1,1,0,0
18620,0.620667,0.250000,0.620667,0.250000,1,1,0,0
18625,0.620833,0.250000,0.620833,0.250000,1,1,0,0
18630,0.621000,0.250000,0.621000,0.250000,1,1,0,0
18635,0.621167,0.250000,0.621167,0.250000,1,1,0,0
18640,0.621333,0.250000,0.621333,0.250000,1,1,0,0
18645,0.621500,0.250000,0.621500,0.250000,1,1,0,0
18650,0.621667,0.250000,0.621667,0.250000,1,1,0,0
18655,0.621833,0.250000,0.621833,0.250000,1,1,0,0
18660,0.622000,0.250000,0.622000,0.250000,1,1,0,0
18665,0.622167,0.250000,0.622167,0.250000,1,1,0,0
18670,0.622333,0.250000,0.622333,0.250000,1,1,0,0
18675,0.622500,0.250000,0.622500,0.250000,1,1,0,0
18680,0.622667,0.250000,0.622667,0.250000,1,1,0,0
18685,0.622833,0.250000,0.622833,0.250000,1,1,0,0
18690,0.623000,0.250000,0.623000,0.250000,1,1,0,0
18695,0.623167,0.250000,0.623167,0.250000,1,1,0,0
18700,0.623333,0.250000,0.623333,0.250000,1,1,0,0
18705,0.623500,0.250000,0.623500,0.250000,1,1,0,0
18710,0.623667,0.250000,0.623667,0.250000,1,1,0,0
18715,0.623833,0.250000,0.623833,0.250000,1,1,0,0
18720,0.624000,0.250000,0.624000,0.250000,1,1,0,0
18725,0.624167,0.250000,0.624167,0.250000,1,1,0,0
18730,0.624333,0.250000,0.624333,0.250000,1,1,0,0
18735,0.624500,0.250000,0.624500,0.250000,1,1,0,0
18740,0.624667,0.250000,0.624667,0.250000,1,1,0,0
18745,0.624833,0.250000,0.624833,0.250000,1,1,0,0
18750,0.625000,0.250000,0.625000,0.250000,1,1,0,0
18755,0.625167,0.250000,0.625167,0.250000,1,1,0,0
18760,0.625333,0.250000,0.625333,0.250000,1,1,0,0
18765,0.625500,0.250000,0.625500,0.250000,1,1,0,0
18770,0.625667,0.250000,0.625667,0.250000,1,1,0,0
18775,0.625833,0.250000,0.625833,0.250000,1,1,0,0
18780,0.626000,0.250000,0.626000,0.250000,1,1,0,0
18785,0.626167,0.250000,0.626167,0.250000,1,1,0,0
18790,0.626333,0.250000,0.626333,0.250000,1,1,0,0
18795,0.626500,0.250000,0.626500,0.250000,1,1,0,0
18800,0.626667,0.250000,0.626667,0.250000,1,1,0,0
18805,0.626833,0.250000,0.626833,0.250000,1,1,0,0
18810,0.627000,0.250000,0.627000,0.250000,1,1,0,0
18815,0.627167,0.250000,0.627167,0.250000,1,1,0,0
18820,0.627333,0.250000,0.627333,0.250000,1,1,0,0
18825,0.627500,0.250000,0.627500,0.250000,1,1,0,0
18830,0.627667,0.250000,0.627667,0.250000,1,1,0,0
18835,0.627833,0.250000,0.627833,0.250000,1,1,0,0
18840,0.628000,0.250000,0.628000,0.250000,1,1,0,0
18845,0.628167,0.250000,0.628167,0.250000,1,1,0,0
18850,0.628333,0.250000,0.628333,0.250000,1,1,0,0
18855,0.628500,0.250000,0.628500,0.250000,1,1,0,0
18860,0.628667,0.250000,0.628667,0.250000,1,1,0,0
18865,0.628833,0.250000,0.628833,0.250000,1,1,0,0
18870,0.629000,0.250000,0.629000,0.250000,1,1,0,0
18875,0.629167,0.250000,0.629167,0.250000,1,1,0,0
18880,0.629333,0.250000,0.629333,0.250000,1,1,0,0
18885,0.629500,0.250000,0.629500,0.250000,1,1,0,0
18890,0.629667,0.250000,0.629667,0.250000,1,1,0,0
18895,0.629833,0.250000,0.629833,0.250000,1,1,0,0
18900,0.630000,0.250000,0.630000,0.250000,1,1,0,0
18905,0.630167,0.250000,0.630167,0.250000,1,1,0,0
18910,0.630333,0.250000,0.630333,0.250000,1,1,0,0
18915,0.630500,0.250000,0.630500,0.250000,1,1,0,0
18920,0.630667,0.250000,0.630667,0.250000,1,1,0,0
18925,0.630833,0.250000,0.630833,0.250000,1,1,0,0
18930,0.631000,0.250000,0.631000,0.250000,1,1,0,0
18935,0.631167,0.250000,0.631167,0.250000,1,1,0,0
18940,0.631333,0.250000,0.631333,0.250000,1,1,0,0
18945,0.631500,0.250000,0.631500,0.250000,1,1,0,0
18950,0.631667,0.250000,0.631667,0.250000,1,1,0,0
18955,0.631833,0.250000,0.631833,0.250000,1,1,0,0
18960,0.632000,0.250000,0.632000,0.250000,1,1,0,0
18965,0.632167,0.250000,0.632167,0.250000,1,1,0,0
18970,0.632333,0.250000,0.632333,0.250000,1,1,0,0
18975,0.632500,0.250000,0.632500,0.250000,1,1,0,0
18980,0.632667,0.250000,0.632667,0.250000,1,1,0,0
18985,0.632833,0.250000,0.632833,0.250000,1,1,0,0
18990,0.633000,0.250000,0.633000,0.250000,1,1,0,0
18995,0.633167,0.250000,0.633167,0.250000,1,1,0,0
19000,0.633333,0.250000,0.633333,0.250000,1,1,0,0
19005,0.633500,0.250000,0.633500,0.250000,1,1,0,0
19010,0.633667,0.250000,0.633667,0.250000,1,1,0,0
19015,0.633833,0.250000,0.633833,0.250000,1,1,0,0
19020,0.634000,0.250000,0.634000,0.250000,1,1,0,0
19025,0.634167,0.250000,0.634167,0.250000,1,1,0,0
19030,0.634333,0.250000,0.634333,0.250000,1,1,0,0
19035,0.634500,0.250000,0.634500,0.250000,1,1,0,0
19040,0.634667,0.250000,0.634667,0.250000,1,1,0,0
19045,0.634833,0.250000,0.634833,0.250000,1,1,0,0
19050,0.635000,0.250000,0.635000,0.250000,1,1,0,0
19055,0.635167,0.250000,0.635167,0.250000,1,1,0,0
19060,0.635333,0.250000,0.635333,0.250000,1,1,0,0
19065,0.635500,0.250000,0.635500,0.250000,1,1,0,0
19070,0.635667,0.250000,0.635667,0.250000,1,1,0,0
19075,0.635833,0.250000,0.635833,0.250000,1,1,0,0
19080,0.636000,0.250000,0.636000,0.250000,1,1,0,0
19085,0.636167,0.250000,0.636167,0.250000,1,1,0,0
19090,0.636333,0.250000,0.636333,0.250000,1,1,0,0
19095,0.636500,0.250000,0.636500,0.250000,1,1,0,0
19100,0.636667,0.250000,0.636667,0.250000,1,1,0,0
19105,0.636833,0.250000,0.636833,0.250000,1,1,0,0
19110,0.637000,0.250000,0.637000,0.250000,1,1,0,0
19115,0.637167,0.250000,0.637167,0.250000,1,1,0,0
19120,0.637333,0.250000,0.637333,0.250000,1,1,0,0
19125,0.637500,0.250000,0.637500,0.250000,1,1,0,0
19130,0.637667,0.250000,0.637667,0.250000,1,1,0,0
19135,0.637833,0.250000,0.637833,0.250000,1,1,0,0
19140,0.638000,0.250000,0.638000,0.250000,1,1,0,0
19145,0.638167,0.250000,0.638167,0.250000,1,1,0,0
19150,0.638333,0.250000,0.638333,0.250000,1,1,0,0
19155,0.638500,0.250000,0.638500,0.250000,1,1,0,0
19160,0.638667,0.250000,0.638667,0.250000,1,1,0,0
19165,0.638833,0.250000,0.638833,0.250000,1,1,0,0
19170,0.639000,0.250000,0.639000,0.250000,1,1,0,0
19175,0.639167,0.250000,0.639167,0.250000,1,1,0,0
19180,0.639333,0.250000,0.639333,0.250000,1,1,0,0
19185,0.639500,0.250000,0.639500,0.250000,1,1,0,0
19190,0.639667,0.250000,0.639667,0.250000,1,1,0,0
19195,0.639833,0.250000,0.639833,0.250000,1,1,0,0
19200,0.640000,0.250000,0.640000,0.250000,1,1,0,0
19205,0.640167,0.250000,0.640167,0.250000,1,1,0,0
19210,0.640333,0.250000,0.640333,0.250000,1,1,0,0
19215,0.640500,0.250000,0.640500,0.250000,1,1,0,0
19220,0.640667,0.250000,0.640667,0.250000,1,1,0,0
19225,0.640833,0.250000,0.640833,0.250000,1,1,0,0
19230,0.641000,0.250000,0.641000,0.250000,1,1,0,0
19235,0.641167,0.250000,0.641167,0.250000,1,1,0,0
19240,0.641333,0.250000,0.641333,0.250000,1,1,0,0
19245,0.641500,0.250000,0.641500,0.250000,1,1,0,0
19250,0.641667,0.250000,0.641667,0.250000,1,1,0,0
19255,0.641833,0.250000,0.641833,0.250000,1,1,0,0
19260,0.642000,0.250000,0.642000,0.250000,1,1,0,0
19265,0.642167,0.250000,0.642167,0.250000,1,1,0,0
19270,0.642333,0.250000,0.642333,0.250000,1,1,0,0
19275,0.642500,0.250000,0.642500,0.250000,1,1,0,0
19280,0.642667,0.250000,0.642667,0.250000,1,1,0,0
19285,0.642833,0.250000,0.642833,0.250000,1,1,0,0
19290,0.643000,0.250000,0.643000,0.250000,1,1,0,0
19295,0.643167,0.250000,0.643167,0.250000,1,1,0,0
19300,0.643333,0.250000,0.643333,0.250000,1,1,0,0
19305,0.643500,0.250000,0.643500,0.250000,1,1,0,0
19310,0.643667,0.250000,0.643667,0.250000,1,1,0,0
19315,0.643833,0.250000,0.643833,0.250000,1,1,0,0
19320,0.644000,0.250000,0.644000,0.250000,1,1,0,0
19325,0.644167,0.250000,0.644167,0.250000,1,1,0,0
19330,0.644333,0.250000,0.644333,0.250000,1,1,0,0
19335,0.644500,0.250000,0.644500,0.250000,1,1,0,0
19340,0.644667,0.250000,0.644667,0.250000,1,1,0,0
19345,0.644833,0.250000,0.644833,0.250000,1,1,0,0
19350,0.645000,0.250000,0.645000,0.250000,1,1,0,0
19355,0.645167,0.250000,0.645167,0.250000,1,1,0,0
19360,0.645333,0.250000,0.645333,0.250000,1,1,0,0
19365,0.645500,0.250000,0.645500,0.250000,1,1,0,0
19370,0.645667,0.250000,0.645667,0.250000,1,1,0,0
19375,0.645833,0.250000,0.645833,0.250000,1,1,0,0
19380,0.646000,0.250000,0.646000,0.250000,1,1,0,0
19385,0.646167,0.250000,0.646167,0.250000,1,1,0,0
19390,0.646333,0.250000,0.646333,0.250000,1,1,0,0
19395,0.646500,0.250000,0.646500,0.250000,1,1,0,0
19400,0.646667,0.250000,0.646667,0.250000,1,1,0,0
19405,0.646833,0.250000,0.646833,0.250000,1,1,0,0
19410,0.647000,0.250000,0.647000,0.250000,1,1,0,0
19415,0.647167,0.250000,0.647167,0.250000,1,1,0,0
19420,0.647333,0.250000,0.647333,0.250000,1,1,0,0
19425,0.647500,0.250000,0.647500,0.250000,1,1,0,0
19430,0.647667,0.250000,0.647667,0.250000,1,1,0,0
19435,0.647833,0.250000,0.647833,0.250000,1,1,0,0
19440,0.648000,0.250000,0.648000,0.250000,1,1,0,0
19445,0.648167,0.250000,0.648167,0.250000,1,1,0,0
19450,0.648333,0.250000,0.648333,0.250000,1,1,0,0
19455,0.648500,0.250000,0.648500,0.250000,1,1,0,0
19460,0.648667,0.250000,0.648667,0.250000,1,1,0,0
19465,0.648833,0.250000,0.648833,0.250000,1,1,0,0
19470,0.649000,0.250000,0.649000,0.250000,1,1,0,0
19475,0.649167,0.250000,0.649167,0.250000,1,1,0,0
19480,0.649333,0.250000,0.649333,0.250000,1,1,0,0
19485,0.649500,0.250000,0.649500,0.250000,1,1,0,0
19490,0.649667,0.250000,0.649667,0.250000,1,1,0,0
19495,0.649833,0.250000,0.649833,0.250000,1,1,0,0
19500,0.650000,0.250000,0.650000,0.250000,1,1,0,0
19505,0.650167,0.250000,0.650167,0.250000,1,1,0,0
19510,0.650333,0.250000,0.650333,0.250000,1,1,0,0
19515,0.650500,0.250000,0.650500,0.250000,1,1,0,0
19520,0.650667,0.250000,0.650667,0.250000,1,1,0,0
19525,0.650833,0.250000,0.650833,0.250000,1,1,0,0
19530,0.651000,0.250000,0.651000,0.250000,1,1,0,0
19535,0.651167,0.250000,0.651167,0.250000,1,1,0,0
19540,0.651333,0.250000,0.651333,0.250000,1,1,0,0
19545,0.651500,0.250000,0.651500,0.250000,1,1,0,0
19550,0.651667,0.250000,0.651667,0.250000,1,1,0,0
19555,0.651833,0.250000,0.651833,0.250000,1,1,0,0
19560,0.652000,0.250000,0.652000,0.250000,1,1,0,0
19565,0.652167,0.250000,0.652167,0.250000,1,1,0,0
19570,0.652333,0.250000,0.652333,0.250000,1,1,0,0
19575,0.652500,0.250000,0.652500,0.250000,1,1,0,0
19580,0.652667,0.250000,0.652667,0.250000,1,1,0,0
19585,0.652833,0.250000,0.652833,0.250000,1,1,0,0
19590,0.653000,0.250000,0.653000,0.250000,1,1,0,0
19595,0.653167,0.250000,0.653167,0.250000,1,1,0,0
19600,0.653333,0.250000,0.653333,0.250000,1,1,0,0
19605,0.653500,0.250000,0.653500,0.250000,1,1,0,0
19610,0.653667,0.250000,0.653667,0.250000,1,1,0,0
19615,0.653833,0.250000,0.653833,0.250000,1,1,0,0
19620,0.654000,0.250000,0.654000,0.250000,1,1,0,0
19625,0.654167,0.250000,0.654167,0.250000,1,1,0,0
19630,0.654333,0.250000,0.654333,0.250000,1,1,0,0
19635,0.654500,0.250000,0.654500,0.250000,1,1,0,0
19640,0.654667,0.250000,0.654667,0.250000,1,1,0,0
19645,0.654833,0.250000,0.654833,0.250000,1,1,0,0
19650,0.655000,0.250000,0.655000,0.250000,1,1,0,0
19655,0.655167,0.250000,0.655167,0.250000,1,1,0,0
19660,0.655333,0.250000,0.655333,0.250000,1,1,0,0
19665,0.655500,0.250000,0.655500,0.250000,1,1,0,0
19670,0.655667,0.250000,0.655667,0.250000,1,1,0,0
19675,0.655833,0.250000,0.655833,0.250000,1,1,0,0
19680,0.656000,0.250000,0.656000,0.250000,1,1,0,0
19685,0.656167,0.250000,0.656167,0.250000,1,1,0,0
19690,0.656333,0.250000,0.656333,0.250000,1,1,0,0
19695,0.656500,0.250000,0.656500,0.250000,1,1,0,0
19700,0.656667,0.250000,0.656667,0.250000,1,1,0,0
19705,0.656833,0.250000,0.656833,0.250000,1,1,0,0
19710,0.657000,0.250000,0.657000,0.250000,1,1,0,0
19715,0.657167,0.250000,0.657167,0.250000,1,1,0,0
19720,0.657333,0.250000,0.657333,0.250000,1,1,0,0
19725,0.657500,0.250000,0.657500,0.250000,1,1,0,0
19730,0.657667,0.250000,0.657667,0.250000,1,1,0,0
19735,0.657833,0.250000,0.657833,0.250000,1,1,0,0
19740,0.658000,0.250000,0.658000,0.250000,1,1,0,0
19745,0.658167,0.250000,0.658167,0.250000,1,1,0,0
19750,0.658333,0.250000,0.658333,0.250000,1,1,0,0
19755,0.658500,0.250000,0.658500,0.250000,1,1,0,0
19760,0.658667,0.250000,0.658667,0.250000,1,1,0,0
19765,0.658833,0.250000,0.658833,0.250000,1,1,0,0
19770,0.659000,0.250000,0.659000,0.250000,1,1,0,0
19775,0.659167,0.250000,0.659167,0.250000,1,1,0,0
19780,0.659333,0.250000,0.659333,0.250000,1,1,0,0
19785,0.659500,0.250000,0.659500,0.250000,1,1,0,0
19790,0.659667,0.250000,0.659667,0.250000,1,1,0,0
19795,0.659833,0.250000,0.659833,0.250000,1,1,0,0
19800,0.660000,0.250000,0.660000,0.250000,1,1,0,0
19805,0.660167,0.250000,0.660167,0.250000,1,1,0,0
19810,0.660333,0.250000,0.660333,0.250000,1,1,0,0
19815,0.660500,0.250000,0.660500,0.250000,1,1,0,0
19820,0.660667,0.250000,0.660667,0.250000,1,1,0,0
19825,0.660833,0.250000,0.660833,0.250000,1,1,0,0
19830,0.661000,0.250000,0.661000,0.250000,1,1,0,0
19835,0.661167,0.250000,0.661167,0.250000,1,1,0,0
19840,0.661333,0.250000,0.661333,0.250000,1,1,0,0
19845,0.661500,0.250000,0.661500,0.250000,1,1,0,0
19850,0.661667,0.250000,0.661667,0.250000,1,1,0,0
19855,0.661833,0.250000,0.661833,0.250000,1,1,0,0
19860,0.662000,0.250000,0.662000,0.250000,1,1,0,0
19865,0.662167,0.250000,0.662167,0.250000,1,1,0,0
19870,0.662333,0.250000,0.662333,0.250000,1,1,0,0
19875,0.662500,0.250000,0.662500,0.250000,1,1,0,0
19880,0.662667,0.250000,0.662667,0.250000,1,1,0,0
19885,0.662833,0.250000,0.662833,0.250000,1,1,0,0
19890,0.663000,0.250000,0.663000,0.250000,1,1,0,0
19895,0.663167,0.250000,0.663167,0.250000,1,1,0,0
19900,0.663333,0.250000,0.663333,0.250000,1,1,0,0
19905,0.663500,0.250000,0.663500,0.250000,1,1,0,0
19910,0.663667,0.250000,0.663667,0.250000,1,1,0,0
19915,0.663833,0.250000,0.663833,0.250000,1,1,0,0
19920,0.664000,0.250000,0.664000,0.250000,1,1,0,0
19925,0.664167,0.250000,0.664167,0.250000,1,1,0,0
19930,0.664333,0.250000,0.664333,0.250000,1,1,0,0
19935,0.664500,0.250000,0.664500,0.250000,1,1,0,0
19940,0.664667,0.250000,0.664667,0.250000,1,1,0,0
19945,0.664833,0.250000,0.664833,0.250000,1,1,0,0
19950,0.665000,0.250000,0.665000,0.250000,1,1,0,0
19955,0.665167,0.250000,0.665167,0.250000,1,1,0,0
19960,0.665333,0.250000,0.665333,0.250000,1,1,0,0
19965,0.665500,0.250000,0.665500,0.250000,1,1,0,0
19970,0.665667,0.250000,0.665667,0.250000,1,1,0,0
19975,0.665833,0.250000,0.665833,0.250000,1,1,0,0
19980,0.666000,0.250000,0.666000,0.250000,1,1,0,0
19985,0.666167,0.250000,0.666167,0.250000,1,1,0,0
19990,0.666333,0.250000,0.666333,0.250000,1,1,0,0
19995,0.666500,0.250000,0.666500,0.250000,1,1,0,0
20000,0.666667,0.800000,0.666667,0.800000,1,1,0,0
20005,0.666833,0.800000,0.666833,0.800000,1,1,0,0
20010,0.667000,0.800000,0.667000,0.800000,1,1,0,0
20015,0.667167,0.800000,0.667167,0.800000,1,1,0,0
20020,0.667333,0.800000,0.667333,0.800000,1,1,0,0
20025,0.667500,0.800000,0.667500,0.800000,1,1,0,0
20030,0.667667,0.800000,0.667667,0.800000,1,1,0,0
20035,0.667833,0.800000,0.667833,0.800000,1,1,0,0
20040,0.668000,0.800000,0.668000,0.800000,1,1,0,0
20045,0.668167,0.800000,0.668167,0.800000,1,1,0,0
20050,0.668333,0.800000,0.668333,0.800000,1,1,0,0
20055,0.668500,0.800000,0.668500,0.800000,1,1,0,0
20060,0.668667,0.800000,0.668667,0.800000,1,1,0,0
20065,0.668833,0.800000,0.668833,0.800000,1,1,0,0
20070,0.669000,0.800000,0.669000,0.800000,1,1,0,0
20075,0.669167,0.800000,0.669167,0.800000,1,1,0,0
20080,0.669333,0.800000,0.669333,0.800000,1,1,0,0
20085,0.669500,0.800000,0.669500,0.800000,1,1,0,0
20090,0.669667,0.800000,0.669667,0.800000,1,1,0,0
20095,0.669833,0.800000,0.669833,0.800000,1,1,0,0
20100,0.670000,0.800000,0.670000,0.800000,1,1,0,0
20105,0.670167,0.800000,0.670167,0.800000,1,1,0,0
20110,0.670333,0.800000,0.670333,0.800000,1,1,0,0
20115,0.670500,0.800000,0.670500,0.800000,1,1,0,0
20120,0.670667,0.800000,0.670667,0.800000,1,1,0,0
20125,0.670833,0.800000,0.670833,0.800000,1,1,0,0
20130,0.671000,0.800000,0.671000,0.800000,1,1,0,0
20135,0.671167,0.800000,0.671167,0.800000,1,1,0,0
20140,0.671333,0.800000,0.671333,0.800000,1,1,0,0
20145,0.671500,0.800000,0.671500,0.800000,1,1,0,0
20150,0.671667,0.800000,0.671667,0.800000,1,1,0,0
20155,0.671833,0.800000,0.671833,0.800000,1,1,0,0
20160,0.672000,0.800000,0.672000,0.800000,1,1,0,0
20165,0.672167,0.800000,0.672167,0.800000,1,1,0,0
20170,0.672333,0.800000,0.672333,0.800000,1,1,0,0
20175,0.672500,0.800000,0.672500,0.800000,1,1,0,0
20180,0.672667,0.800000,0.672667,0.800000,1,1,0,0
20185,0.672833,0.800000,0.672833,0.800000,1,1,0,0
20190,0.673000,0.800000,0.673000,0.800000,1,1,0,0
20195,0.673167,0.800000,0.673167,0.800000,1,1,0,0
20200,0.673333,0.800000,0.673333,0.800000,1,1,0,0
20205,0.673500,0.800000,0.673500,0.800000,1,1,0,0
20210,0.673667,0.800000,0.673667,0.800000,1,1,0,0
20215,0.673833,0.800000,0.673833,0.800000,1,1,0,0
20220,0.674000,0.800000,0.674000,0.800000,1,1,0,0
20225,0.674167,0.800000,0.674167,0.800000,1,1,0,0
20230,0.674333,0.800000,0.674333,0.800000,1,1,0,0
20235,0.674500,0.800000,0.674500,0.800000,1,1,0,0
20240,0.674667,0.800000,0.674667,0.800000,1,1,0,0
20245,0.674833,0.800000,0.674833,0.800000,1,1,0,0
20250,0.675000,0.800000,0.675000,0.800000,1,1,0,0
20255,0.675167,0.800000,0.675167,0.800000,1,1,0,0
20260,0.675333,0.800000,0.675333,0.800000,1,1,0,0
20265,0.675500,0.800000,0.675500,0.800000,1,1,0,0
20270,0.675667,0.800000,0.675667,0.800000,1,1,0,0
20275,0.675833,0.800000,0.675833,0.800000,1,1,0,0
20280,0.676000,0.800000,0.676000,0.800000,1,1,0,0
20285,0.676167,0.800000,0.676167,0.800000,1,1,0,0
20290,0.676333,0.800000,0.676333,0.800000,1,1,0,0
20295,0.676500,0.800000,0.676500,0.800000,1,1,0,0
20300,0.676667,0.800000,0.676667,0.800000,1,1,0,0
20305,0.676833,0.800000,0.676833,0.800000,1,1,0,0
20310,0.677000,0.800000,0.677000,0.800000,1,1,0,0
20315,0.677167,0.800000,0.677167,0.800000,1,1,0,0
20320,0.677333,0.800000,0.677333,0.800000,1,1,0,0
20325,0.677500,0.800000,0.677500,0.800000,1,1,0,0
20330,0.677667,0.800000,0.677667,0.800000,1,1,0,0
20335,0.677833,0.800000,0.677833,0.800000,1,1,0,0
20340,0.678000,0.800000,0.678000,0.800000,1,1,0,0
20345,0.678167,0.800000,0.678167,0.800000,1,1,0,0
20350,0.678333,0.800000,0.678333,0.800000,1,1,0,0
20355,0.678500,0.800000,0.678500,0.800000,1,1,0,0
20360,0.678667,0.800000,0.678667,0.800000,1,1,0,0
20365,0.678833,0.800000,0.678833,0.800000,1,1,0,0
20370,0.679000,0.800000,0.679000,0.800000,1,1,0,0
20375,0.679167,0.800000,0.679167,0.800000,1,1,0,0
20380,0.679333,0.800000,0.679333,0.800000,1,1,0,0
20385,0.679500,0.800000,0.679500,0.800000,1,1,0,0
20390,0.679667,0.800000,0.679667,0.800000,1,1,0,0
20395,0.679833,0.800000,0.679833,0.800000,1,1,0,0
20400,0.680000,0.800000,0.680000,0.800000,1,1,0,0
20405,0.680167,0.800000,0.680167,0.800000,1,1,0,0
20410,0.680333,0.800000,0.680333,0.800000,1,1,0,0
20415,0.680500,0.800000,0.680500,0.800000,1,1,0,0
20420,0.680667,0.800000,0.680667,0.800000,1,1,0,0
20425,0.680833,0.800000,0.680833,0.800000,1,1,0,0
20430,0.681000,0.800000,0.681000,0.800000,1,1,0,0
20435,0.681167,0.800000,0.681167,0.800000,1,1,0,0
20440,0.681333,0.800000,0.681333,0.800000,1,1,0,0
20445,0.681500,0.800000,0.681500,0.800000,1,1,0,0
20450,0.681667,0.800000,0.681667,0.800000,1,1,0,0
20455,0.681833,0.800000,0.681833,0.800000,1,1,0,0
20460,0.682000,0.800000,0.682000,0.800000,1,1,0,0
20465,0.682167,0.800000,0.682167,0.800000,1,1,0,0
20470,0.682333,0.800000,0.682333,0.800000,1,1,0,0
20475,0.682500,0.800000,0.682500,0.800000,1,1,0,0
20480,0.682667,0.800000,0.682667,0.800000,1,1,0,0
20485,0.682833,0.800000,0.682833,0.800000,1,1,0,0
20490,0.683000,0.800000,0.683000,0.800000,1,1,0,0
20495,0.683167,0.800000,0.683167,0.800000,1,1,0,0
20500,0.683333,0.800000,0.683333,0.800000,1,1,0,0
20505,0.683500,0.800000,0.683500,0.800000,1,1,0,0
20510,0.683667,0.800000,0.683667,0.800000,1,1,0,0
20515,0.683833,0.800000,0.683833,0.800000,1,1,0,0
20520,0.684000,0.800000,0.684000,0.800000,1,1,0,0
20525,0.684167,0.800000,0.684167,0.800000,1,1,0,0
20530,0.684333,0.800000,0.684333,0.800000,1,1,0,0
20535,0.684500,0.800000,0.684500,0.800000,1,1,0,0
20540,0.684667,0.800000,0.684667,0.800000,1,1,0,0
20545,0.684833,0.800000,0.684833,0.800000,1,1,0,0
20550,0.685000,0.800000,0.685000,0.800000,1,1,0,0
20555,0.685167,0.800000,0.685167,0.800000,1,1,0,0
20560,0.685333,0.800000,0.685333,0.800000,1,1,0,0
20565,0.685500,0.800000,0.685500,0.800000,1,1,0,0
20570,0.685667,0.800000,0.685667,0.800000,1,1,0,0
20575,0.685833,0.800000,0.685833,0.800000,1,1,0,0
20580,0.686000,0.800000,0.686000,0.800000,1,1,0,0
20585,0.686167,0.800000,0.686167,0.800000,1,1,0,0
20590,0.686333,0.800000,0.686333,0.800000,1,1,0,0
20595,0.686500,0.800000,0.686500,0.800000,1,1,0,0
20600,0.686667,0.800000,0.686667,0.800000,1,1,0,0
20605,0.686833,0.800000,0.686833,0.800000,1,1,0,0
20610,0.687000,0.800000,0.687000,0.800000,1,1,0,0
20615,0.687167,0.800000,0.687167,0.800000,1,1,0,0
20620,0.687333,0.800000,0.687333,0.800000,1,1,0,0
20625,0.687500,0.800000,0.687500,0.800000,1,1,0,0
20630,0.687667,0.800000,0.687667,0.800000,1,1,0,0
20635,0.687833,0.800000,0.687833,0.800000,1,1,0,0
20640,0.688000,0.800000,0.688000,0.800000,1,1,0,0
20645,0.688167,0.800000,0.688167,0.800000,1,1,0,0
20650,0.688333,0.800000,0.688333,0.800000,1,1,0,0
20655,0.688500,0.800000,0.688500,0.800000,1,1,0,0
20660,0.688667,0.800000,0.688667,0.800000,1,1,0,0
20665,0.688833,0.800000,0.688833,0.800000,1,1,0,0
20670,0.689000,0.800000,0.689000,0.800000,1,1,0,0
20675,0.689167,0.800000,0.689167,0.800000,1,1,0,0
20680,0.689333,0.800000,0.689333,0.800000,1,1,0,0
20685,0.689500,0.800000,0.689500,0.800000,1,1,0,0
20690,0.689667,0.800000,0.689667,0.800000,1,1,0,0
20695,0.689833,0.800000,0.689833,0.800000,1,1,0,0
20700,0.690000,0.800000,0.690000,0.800000,1,1,0,0
20705,0.690167,0.800000,0.690167,0.800000,1,1,0,0
20710,0.690333,0.800000,0.690333,0.800000,1,1,0,0
20715,0.690500,0.800000,0.690500,0.800000,1,1,0,0
20720,0.690667,0.800000,0.690667,0.800000,1,1,0,0
20725,0.690833,0.800000,0.690833,0.800000,1,1,0,0
20730,0.691000,0.800000,0.691000,0.800000,1,1,0,0
20735,0.691167,0.800000,0.691167,0.800000,1,1,0,0
20740,0.691333,0.800000,0.691333,0.800000,1,1,0,0
20745,0.691500,0.800000,0.691500,0.800000,1,1,0,0
20750,0.691667,0.800000,0.691667,0.800000,1,1,0,0
20755,0.691833,0.800000,0.691833,0.800000,1,1,0,0
20760,0.692000,0.800000,0.692000,0.800000,1,1,0,0
20765,0.692167,0.800000,0.692167,0.800000,1,1,0,0
20770,0.692333,0.800000,0.692333,0.800000,1,1,0,0
20775,0.692500,0.800000,0.692500,0.800000,1,1,0,0
20780,0.692667,0.800000,0.692667,0.800000,1,1,0,0
20785,0.692833,0.800000,0.692833,0.800000,1,1,0,0
20790,0.693000,0.800000,0.693000,0.800000,1,1,0,0
20795,0.693167,0.800000,0.693167,0.800000,1,1,0,0
20800,0.693333,0.800000,0.693333,0.800000,1,1,0,0
20805,0.693500,0.800000,0.693500,0.800000,1,1,0,0
20810,0.693667,0.800000,0.693667,0.800000,1,1,0,0
20815,0.693833,0.800000,0.693833,0.800000,1,1,0,0
20820,0.694000,0.800000,0.694000,0.800000,1,1,0,0
20825,0.694167,0.800000,0.694167,0.800000,1,1,0,0
20830,0.694333,0.800000,0.694333,0.800000,1,1,0,0
20835,0.694500,0.800000,0.694500,0.800000,1,1,0,0
20840,0.694667,0.800000,0.694667,0.800000,1,1,0,0
20845,0.694833,0.800000,0.694833,0.800000,1,1,0,0
20850,0.695000,0.800000,0.695000,0.800000,1,1,0,0
20855,0.695167,0.800000,0.695167,0.800000,1,1,0,0
20860,0.695333,0.800000,0.695333,0.800000,1,1,0,0
20865,0.695500,0.800000,0.695500,0.800000,1,1,0,0
20870,0.695667,0.800000,0.695667,0.800000,1,1,0,0
20875,0.695833,0.800000,0.695833,0.800000,1,1,0,0
20880,0.696000,0.800000,0.696000,0.800000,1,1,0,0
20885,0.696167,0.800000,0.696167,0.800000,1,1,0,0
20890,0.696333,0.800000,0.696333,0.800000,1,1,0,0
20895,0.696500,0.800000,0.696500,0.800000,1,1,0,0
20900,0.696667,0.800000,0.696667,0.800000,1,1,0,0
20905,0.696833,0.800000,0.696833,0.800000,1,1,0,0
20910,0.697000,0.800000,0.697000,0.800000,1,1,0,0
20915,0.697167,0.800000,0.697167,0.800000,1,1,0,0
20920,0.697333,0.800000,0.697333,0.800000,1,1,0,0
20925,0.697500,0.800000,0.697500,0.800000,1,1,0,0
20930,0.697667,0.800000,0.697667,0.800000,1,1,0,0
20935,0.697833,0.800000,0.697833,0.800000,1,1,0,0
20940,0.698000,0.800000,0.698000,0.800000,1,1,0,0
20945,0.698167,0.800000,0.698167,0.800000,1,1,0,0
20950,0.698333,0.800000,0.698333,0.800000,1,1,0,0
20955,0.698500,0.800000,0.698500,0.800000,1,1,0,0
20960,0.698667,0.800000,0.698667,0.800000,1,1,0,0
20965,0.698833,0.800000,0.698833,0.800000,1,1,0,0
20970,0.699000,0.800000,0.699000,0.800000,1,1,0,0
20975,0.699167,0.800000,0.699167,0.800000,1,1,0,0
20980,0.699333,0.800000,0.699333,0.800000,1,1,0,0
20985,0.699500,0.800000,0.699500,0.800000,1,1,0,0
20990,0.699667,0.800000,0.699667,0.800000,1,1,0,0
20995,0.699833,0.800000,0.699833,0.800000,1,1,0,0
21000,0.385000,0.250000,0.385000,0.250000,1,1,0,0
21005,0.385092,0.250000,0.385092,0.250000,1,1,0,0
21010,0.385183,0.250000,0.385183,0.250000,1,1,0,0
21015,0.385275,0.250000,0.385275,0.250000,1,1,0,0
21020,0.385367,0.250000,0.385367,0.250000,1,1,0,0
21025,0.385458,0.250000,0.385458,0.250000,1,1,0,0
21030,0.385550,0.250000,0.385550,0.250000,1,1,0,0
21035,0.385642,0.250000,0.385642,0.250000,1,1,0,0
21040,0.385733,0.250000,0.385733,0.250000,1,1,0,0
21045,0.385825,0.250000,0.385825,0.250000,1,1,0,0
21050,0.385917,0.250000,0.385917,0.250000,1,1,0,0
21055,0.386008,0.250000,0.386008,0.250000,1,1,0,0
21060,0.386100,0.250000,0.386100,0.250000,1,1,0,0
21065,0.386192,0.250000,0.386192,0.250000,1,1,0,0
21070,0.386283,0.250000,0.386283,0.250000,1,1,0,0
21075,0.386375,0.250000,0.386375,0.250000,1,1,0,0
21080,0.386467,0.250000,0.386467,0.250000,1,1,0,0
21085,0.386558,0.250000,0.386558,0.250000,1,1,0,0
21090,0.386650,0.250000,0.386650,0.250000,1,1,0,0
21095,0.386742,0.250000,0.386742,0.250000,1,1,0,0
21100,0.386833,0.250000,0.386833,0.250000,1,1,0,0
21105,0.386925,0.250000,0.386925,0.250000,1,1,0,0
21110,0.387017,0.250000,0.387017,0.250000,1,1,0,0
21115,0.387108,0.250000,0.387108,0.250000,1,1,0,0
21120,0.387200,0.250000,0.387200,0.250000,1,1,0,0
21125,0.387292,0.250000,0.387292,0.250000,1,1,0,0
21130,0.387383,0.250000,0.387383,0.250000,1,1,0,0
21135,0.387475,0.250000,0.387475,0.250000,1,1,0,0
21140,0.387567,0.250000,0.387567,0.250000,1,1,0,0
21145,0.387658,0.250000,0.387658,0.250000,1,1,0,0
21150,0.387750,0.250000,0.387750,0.250000,1,1,0,0
21155,0.387842,0.250000,0.387842,0.250000,1,1,0,0
21160,0.387933,0.250000,0.387933,0.250000,1,1,0,0
21165,0.388025,0.250000,0.388025,0.250000,1,1,0,0
21170,0.388117,0.250000,0.388117,0.250000,1,1,0,0
21175,0.388208,0.250000,0.388208,0.250000,1,1,0,0
21180,0.388300,0.250000,0.388300,0.250000,1,1,0,0
21185,0.388392,0.250000,0.388392,0.250000,1,1,0,0
21190,0.388483,0.250000,0.388483,0.250000,1,1,0,0
21195,0.388575,0.250000,0.388575,0.250000,1,1,0,0
21200,0.388667,0.250000,0.388667,0.250000,1,1,0,0
21205,0.388758,0.250000,0.388758,0.250000,1,1,0,0
21210,0.388850,0.250000,0.388850,0.250000,1,1,0,0
21215,0.388942,0.250000,0.388942,0.250000,1,1,0,0
21220,0.389033,0.250000,0.389033,0.250000,1,1,0,0
21225,0.389125,0.250000,0.389125,0.250000,1,1,0,0
21230,0.389217,0.250000,0.389217,0.250000,1,1,0,0
21235,0.389308,0.250000,0.389308,0.250000,1,1,0,0
21240,0.389400,0.250000,0.389400,0.250000,1,1,0,0
21245,0.389492,0.250000,0.389492,0.250000,1,1,0,0
21250,0.389583,0.250000,0.389583,0.250000,1,1,0,0
21255,0.389675,0.250000,0.389675,0.250000,1,1,0,0
21260,0.389767,0.250000,0.389767,0.250000,1,1,0,0
21265,0.389858,0.250000,0.389858,0.250000,1,1,0,0
21270,0.389950,0.250000,0.389950,0.250000,1,1,0,0
21275,0.390042,0.250000,0.390042,0.250000,1,1,0,0
21280,0.390133,0.250000,0.390133,0.250000,1,1,0,0
21285,0.390225,0.250000,0.390225,0.250000,1,1,0,0
21290,0.390317,0.250000,0.390317,0.250000,1,1,0,0
21295,0.390408,0.250000,0.390408,0.250000,1,1,0,0
21300,0.390500,0.250000,0.390500,0.250000,1,1,0,0
21305,0.390592,0.250000,0.390592,0.250000,1,1,0,0
21310,0.390683,0.250000,0.390683,0.250000,1,1,0,0
21315,0.390775,0.250000,0.390775,0.250000,1,1,0,0
21320,0.390867,0.250000,0.390867,0.250000,1,1,0,0
21325,0.390958,0.250000,0.390958,0.250000,1,1,0,0
21330,0.391050,0.250000,0.391050,0.250000,1,1,0,0
21335,0.391142,0.250000,0.391142,0.250000,1,1,0,0
21340,0.391233,0.250000,0.391233,0.250000,1,1,0,0
21345,0.391325,0.250000,0.391325,0.250000,1,1,0,0
21350,0.391417,0.250000,0.391417,0.250000,1,1,0,0
21355,0.391508,0.250000,0.391508,0.250000,1,1,0,0
21360,0.391600,0.250000,0.391600,0.250000,1,1,0,0
21365,0.391692,0.250000,0.391692,0.250000,1,1,0,0
21370,0.391783,0.250000,0.391783,0.250000,1,1,0,0
21375,0.391875,0.250000,0.391875,0.250000,1,1,0,0
21380,0.391967,0.250000,0.391967,0.250000,1,1,0,0
21385,0.392058,0.250000,0.392058,0.250000,1,1,0,0
21390,0.392150,0.250000,0.392150,0.250000,1,1,0,0
21395,0.392242,0.250000,0.392242,0.250000,1,1,0,0
21400,0.392333,0.250000,0.392333,0.250000,1,1,0,0
21405,0.392425,0.250000,0.392425,0.250000,1,1,0,0
21410,0.392517,0.250000,0.392517,0.250000,1,1,0,0
21415,0.392608,0.250000,0.392608,0.250000,1,1,0,0
21420,0.392700,0.250000,0.392700,0.250000,1,1,0,0
21425,0.392792,0.250000,0.392792,0.250000,1,1,0,0
21430,0.392883,0.250000,0.392883,0.250000,1,1,0,0
21435,0.392975,0.250000,0.392975,0.250000,1,1,0,0
21440,0.393067,0.250000,0.393067,0.250000,1,1,0,0
21445,0.393158,0.250000,0.393158,0.250000,1,1,0,0
21450,0.393250,0.250000,0.393250,0.250000,1,1,0,0
21455,0.393342,0.250000,0.393342,0.250000,1,1,0,0
21460,0.393433,0.250000,0.393433,0.250000,1,1,0,0
21465,0.393525,0.250000,0.393525,0.250000,1,1,0,0
21470,0.393617,0.250000,0.393617,0.250000,1,1,0,0
21475,0.393708,0.250000,0.393708,0.250000,1,1,0,0
21480,0.393800,0.250000,0.393800,0.250000,1,1,0,0
21485,0.393892,0.250000,0.393892,0.250000,1,1,0,0
21490,0.393983,0.250000,0.393983,0.250000,1,1,0,0
21495,0.394075,0.250000,0.394075,0.250000,1,1,0,0
21500,0.394167,0.250000,0.394167,0.250000,1,1,0,0
21505,0.394258,0.250000,0.394258,0.250000,1,1,0,0
21510,0.394350,0.250000,0.394350,0.250000,1,1,0,0
21515,0.394442,0.250000,0.394442,0.250000,1,1,0,0
21520,0.394533,0.250000,0.394533,0.250000,1,1,0,0
21525,0.394625,0.250000,0.394625,0.250000,1,1,0,0
21530,0.394717,0.250000,0.394717,0.250000,1,1,0,0
21535,0.394808,0.250000,0.394808,0.250000,1,1,0,0
21540,0.394900,0.250000,0.394900,0.250000,1,1,0,0
21545,0.394992,0.250000,0.394992,0.250000,1,1,0,0
21550,0.395083,0.250000,0.395083,0.250000,1,1,0,0
21555,0.395175,0.250000,0.395175,0.250000,1,1,0,0
21560,0.395267,0.250000,0.395267,0.250000,1,1,0,0
21565,0.395358,0.250000,0.395358,0.250000,1,1,0,0
21570,0.395450,0.250000,0.395450,0.250000,1,1,0,0
21575,0.395542,0.250000,0.395542,0.250000,1,1,0,0
21580,0.395633,0.250000,0.395633,0.250000,1,1,0,0
21585,0.395725,0.250000,0.395725,0.250000,1,1,0,0
21590,0.395817,0.250000,0.395817,0.250000,1,1,0,0
21595,0.395908,0.250000,0.395908,0.250000,1,1,0,0
21600,0.396000,0.250000,0.396000,0.250000,1,1,0,0
21605,0.396092,0.250000,0.396092,0.250000,1,1,0,0
21610,0.396183,0.250000,0.396183,0.250000,1,1,0,0
21615,0.396275,0.250000,0.396275,0.250000,1,1,0,0
21620,0.396367,0.250000,0.396367,0.250000,1,1,0,0
21625,0.396458,0.250000,0.396458,0.250000,1,1,0,0
21630,0.396550,0.250000,0.396550,0.250000,1,1,0,0
21635,0.396642,0.250000,0.396642,0.250000,1,1,0,0
21640,0.396733,0.250000,0.396733,0.250000,1,1,0,0
21645,0.396825,0.250000,0.396825,0.250000,1,1,0,0
21650,0.396917,0.250000,0.396917,0.250000,1,1,0,0
21655,0.397008,0.250000,0.397008,0.250000,1,1,0,0
21660,0.397100,0.250000,0.397100,0.250000,1,1,0,0
21665,0.397192,0.250000,0.397192,0.250000,1,1,0,0
21670,0.397283,0.250000,0.397283,0.250000,1,1,0,0
21675,0.397375,0.250000,0.397375,0.250000,1,1,0,0
21680,0.397467,0.250000,0.397467,0.250000,1,1,0,0
21685,0.397558,0.250000,0.397558,0.250000,1,1,0,0
21690,0.397650,0.250000,0.397650,0.250000,1,1,0,0
21695,0.397742,0.250000,0.397742,0.250000,1,1,0,0
21700,0.397833,0.250000,0.397833,0.250000,1,1,0,0
21705,0.397925,0.250000,0.397925,0.250000,1,1,0,0
21710,0.398017,0.250000,0.398017,0.250000,1,1,0,0
21715,0.398108,0.250000,0.398108,0.250000,1,1,0,0
21720,0.398200,0.250000,0.398200,0.250000,1,1,0,0
21725,0.398292,0.250000,0.398292,0.250000,1,1,0,0
21730,0.398383,0.250000,0.398383,0.250000,1,1,0,0
21735,0.398475,0.250000,0.398475,0.250000,1,1,0,0
21740,0.398567,0.250000,0.398567,0.250000,1,1,0,0
21745,0.398658,0.250000,0.398658,0.250000,1,1,0,0
21750,0.398750,0.250000,0.398750,0.250000,1,1,0,0
21755,0.398842,0.250000,0.398842,0.250000,1,1,0,0
21760,0.398933,0.250000,0.398933,0.250000,1,1,0,0
21765,0.399025,0.250000,0.399025,0.250000,1,1,0,0
21770,0.399117,0.250000,0.399117,0.250000,1,1,0,0
21775,0.399208,0.250000,0.399208,0.250000,1,1,0,0
21780,0.399300,0.250000,0.399300,0.250000,1,1,0,0
21785,0.399392,0.250000,0.399392,0.250000,1,1,0,0
21790,0.399483,0.250000,0.399483,0.250000,1,1,0,0
21795,0.399575,0.250000,0.399575,0.250000,1,1,0,0
21800,0.726667,0.250000,0.726667,0.250000,1,1,0,0
21805,0.726833,0.250000,0.726833,0.250000,1,1,0,0
21810,0.727000,0.250000,0.727000,0.250000,1,1,0,0
21815,0.727167,0.250000,0.727167,0.250000,1,1,0,0
21820,0.727333,0.250000,0.727333,0.250000,1,1,0,0
21825,0.727500,0.250000,0.727500,0.250000,1,1,0,0
21830,0.727667,0.250000,0.727667,0.250000,1,1,0,0
21835,0.727833,0.250000,0.727833,0.250000,1,1,0,0
21840,0.728000,0.250000,0.728000,0.250000,1,1,0,0
21845,0.728167,0.250000,0.728167,0.250000,1,1,0,0
21850,0.728333,0.250000,0.728333,0.250000,1,1,0,0
21855,0.728500,0.250000,0.728500,0.250000,1,1,0,0
21860,0.728667,0.250000,0.728667,0.250000,1,1,0,0
21865,0.728833,0.250000,0.728833,0.250000,1,1,0,0
21870,0.729000,0.250000,0.729000,0.250000,1,1,0,0
21875,0.729167,0.250000,0.729167,0.250000,1,1,0,0
21880,0.729333,0.250000,0.729333,0.250000,1,1,0,0
21885,0.729500,0.250000,0.729500,0.250000,1,1,0,0
21890,0.729667,0.250000,0.729667,0.250000,1,1,0,0
21895,0.729833,0.250000,0.729833,0.250000,1,1,0,0
21900,0.730000,0.250000,0.730000,0.250000,1,1,0,0
21905,0.730167,0.250000,0.730167,0.250000,1,1,0,0
21910,0.730333,0.250000,0.730333,0.250000,1,1,0,0
21915,0.730500,0.250000,0.730500,0.250000,1,1,0,0
21920,0.730667,0.250000,0.730667,0.250000,1,1,0,0
21925,0.730833,0.250000,0.730833,0.250000,1,1,0,0
21930,0.731000,0.250000,0.731000,0.250000,1,1,0,0
21935,0.731167,0.250000,0.731167,0.250000,1,1,0,0
21940,0.731333,0.250000,0.731333,0.250000,1,1,0,0
21945,0.731500,0.250000,0.731500,0.250000,1,1,0,0
21950,0.731667,0.250000,0.731667,0.250000,1,1,0,0
21955,0.731833,0.250000,0.731833,0.250000,1,1,0,0
21960,0.732000,0.250000,0.732000,0.250000,1,1,0,0
21965,0.732167,0.250000,0.732167,0.250000,1,1,0,0
21970,0.732333,0.250000,0.732333,0.250000,1,1,0,0
21975,0.732500,0.250000,0.732500,0.250000,1,1,0,0
21980,0.732667,0.250000,0.732667,0.250000,1,1,0,0
21985,0.732833,0.250000,0.732833,0.250000,1,1,0,0
21990,0.733000,0.250000,0.733000,0.250000,1,1,0,0
21995,0.733167,0.250000,0.733167,0.250000,1,1,0,0
22000,0.733333,0.250000,0.733333,0.250000,1,1,0,0
22005,0.733500,0.250000,0.733500,0.250000,1,1,0,0
22010,0.733667,0.250000,0.733667,0.250000,1,1,0,0
22015,0.733833,0.250000,0.733833,0.250000,1,1,0,0
22020,0.734000,0.250000,0.734000,0.250000,1,1,0,0
22025,0.734167,0.250000,0.734167,0.250000,1,1,0,0
22030,0.734333,0.250000,0.734333,0.250000,1,1,0,0
22035,0.734500,0.250000,0.734500,0.250000,1,1,0,0
22040,0.734667,0.250000,0.734667,0.250000,1,1,0,0
22045,0.734833,0.250000,0.734833,0.250000,1,1,0,0
22050,0.735000,0.250000,0.735000,0.250000,1,1,0,0
22055,0.735167,0.250000,0.735167,0.250000,1,1,0,0
22060,0.735333,0.250000,0.735333,0.250000,1,1,0,0
22065,0.735500,0.250000,0.735500,0.250000,1,1,0,0
22070,0.735667,0.250000,0.735667,0.250000,1,1,0,0
22075,0.735833,0.250000,0.735833,0.250000,1,1,0,0
22080,0.736000,0.250000,0.736000,0.250000,1,1,0,0
22085,0.736167,0.250000,0.736167,0.250000,1,1,0,0
22090,0.736333,0.250000,0.736333,0.250000,1,1,0,0
22095,0.736500,0.250000,0.736500,0.250000,1,1,0,0
22100,0.736667,0.250000,0.736667,0.250000,1,1,0,0
22105,0.736833,0.250000,0.736833,0.250000,1,1,0,0
22110,0.737000,0.250000,0.737000,0.250000,1,1,0,0
22115,0.737167,0.250000,0.737167,0.250000,1,1,0,0
22120,0.737333,0.250000,0.737333,0.250000,1,1,0,0
22125,0.737500,0.250000,0.737500,0.250000,1,1,0,0
22130,0.737667,0.250000,0.737667,0.250000,1,1,0,0
22135,0.737833,0.250000,0.737833,0.250000,1,1,0,0
22140,0.738000,0.250000,0.738000,0.250000,1,1,0,0
22145,0.738167,0.250000,0.738167,0.250000,1,1,0,0
22150,0.738333,0.250000,0.738333,0.250000,1,1,0,0
22155,0.738500,0.250000,0.738500,0.250000,1,1,0,0
22160,0.738667,0.250000,0.738667,0.250000,1,1,0,0
22165,0.738833,0.250000,0.738833,0.250000,1,1,0,0
22170,0.739000,0.250000,0.739000,0.250000,1,1,0,0
22175,0.739167,0.250000,0.739167,0.250000,1,1,0,0
22180,0.739333,0.250000,0.739333,0.250000,1,1,0,0
22185,0.739500,0.250000,0.739500,0.250000,1,1,0,0
22190,0.739667,0.250000,0.739667,0.250000,1,1,0,0
22195,0.739833,0.250000,0.739833,0.250000,1,1,0,0
22200,0.740000,0.250000,0.740000,0.250000,1,1,0,0
22205,0.740167,0.250000,0.740167,0.250000,1,1,0,0
22210,0.740333,0.250000,0.740333,0.250000,1,1,0,0
22215,0.740500,0.250000,0.740500,0.250000,1,1,0,0
22220,0.740667,0.250000,0.740667,0.250000,1,1,0,0
22225,0.740833,0.250000,0.740833,0.250000,1,1,0,0
22230,0.741000,0.250000,0.741000,0.250000,1,1,0,0
22235,0.741167,0.250000,0.741167,0.250000,1,1,0,0
22240,0.741333,0.250000,0.741333,0.250000,1,1,0,0
22245,0.741500,0.250000,0.741500,0.250000,1,1,0,0
22250,0.741667,0.250000,0.741667,0.250000,1,1,0,0
22255,0.741833,0.250000,0.741833,0.250000,1,1,0,0
22260,0.742000,0.250000,0.742000,0.250000,1,1,0,0
22265,0.742167,0.250000,0.742167,0.250000,1,1,0,0
22270,0.742333,0.250000,0.742333,0.250000,1,1,0,0
22275,0.742500,0.250000,0.742500,0.250000,1,1,0,0
22280,0.742667,0.250000,0.742667,0.250000,1,1,0,0
22285,0.742833,0.250000,0.742833,0.250000,1,1,0,0
22290,0.743000,0.250000,0.743000,0.250000,1,1,0,0
22295,0.743167,0.250000,0.743167,0.250000,1,1,0,0
22300,0.743333,0.250000,0.743333,0.250000,1,1,0,0
22305,0.743500,0.250000,0.743500,0.250000,1,1,0,0
22310,0.743667,0.250000,0.743667,0.250000,1,1,0,0
22315,0.743833,0.250000,0.743833,0.250000,1,1,0,0
22320,0.744000,0.250000,0.744000,0.250000,1,1,0,0
22325,0.744167,0.250000,0.744167,0.250000,1,1,0,0
22330,0.744333,0.250000,0.744333,0.250000,1,1,0,0
22335,0.744500,0.250000,0.744500,0.250000,1,1,0,0
22340,0.744667,0.250000,0.744667,0.250000,1,1,0,0
22345,0.744833,0.250000,0.744833,0.250000,1,1,0,0
22350,0.745000,0.250000,0.745000,0.250000,1,1,0,0
22355,0.745167,0.250000,0.745167,0.250000,1,1,0,0
22360,0.745333,0.250000,0.745333,0.250000,1,1,0,0
22365,0.745500,0.250000,0.745500,0.250000,1,1,0,0
22370,0.745667,0.250000,0.745667,0.250000,1,1,0,0
22375,0.745833,0.250000,0.745833,0.250000,1,1,0,0
22380,0.746000,0.250000,0.746000,0.250000,1,1,0,0
22385,0.746167,0.250000,0.746167,0.250000,1,1,0,0
22390,0.746333,0.250000,0.746333,0.250000,1,1,0,0
22395,0.746500,0.250000,0.746500,0.250000,1,1,0,0
22400,0.746667,0.250000,0.746667,0.250000,1,1,0,0
22405,0.746833,0.250000,0.746833,0.250000,1,1,0,0
22410,0.747000,0.250000,0.747000,0.250000,1,1,0,0
22415,0.747167,0.250000,0.747167,0.250000,1,1,0,0
22420,0.747333,0.250000,0.747333,0.250000,1,1,0,0
22425,0.747500,0.250000,0.747500,0.250000,1,1,0,0
22430,0.747667,0.250000,0.747667,0.250000,1,1,0,0
22435,0.747833,0.250000,0.747833,0.250000,1,1,0,0
22440,0.748000,0.250000,0.748000,0.250000,1,1,0,0
22445,0.748167,0.250000,0.748167,0.250000,1,1,0,0
22450,0.748333,0.250000,0.748333,0.250000,1,1,0,0
22455,0.748500,0.250000,0.748500,0.250000,1,1,0,0
22460,0.748667,0.250000,0.748667,0.250000,1,1,0,0
22465,0.748833,0.250000,0.748833,0.250000,1,1,0,0
22470,0.749000,0.250000,0.749000,0.250000,1,1,0,0
22475,0.749167,0.250000,0.749167,0.250000,1,1,0,0
22480,0.749333,0.250000,0.749333,0.250000,1,1,0,0
22485,0.749500,0.250000,0.749500,0.250000,1,1,0,0
22490,0.749667,0.250000,0.749667,0.250000,1,1,0,0
22495,0.749833,0.250000,0.749833,0.250000,1,1,0,0
22500,0.750000,0.250000,0.750000,0.250000,1,1,0,0
22505,0.750167,0.250000,0.750167,0.250000,1,1,0,0
22510,0.750333,0.250000,0.750333,0.250000,1,1,0,0
22515,0.750500,0.250000,0.750500,0.250000,1,1,0,0
22520,0.750667,0.250000,0.750667,0.250000,1,1,0,0
22525,0.750833,0.250000,0.750833,0.250000,1,1,0,0
22530,0.751000,0.250000,0.751000,0.250000,1,1,0,0
22535,0.751167,0.250000,0.751167,0.250000,1,1,0,0
22540,0.751333,0.250000,0.751333,0.250000,1,1,0,0
22545,0.751500,0.250000,0.751500,0.250000,1,1,0,0
22550,0.751667,0.250000,0.751667,0.250000,1,1,0,0
22555,0.751833,0.250000,0.751833,0.250000,1,1,0,0
22560,0.752000,0.250000,0.752000,0.250000,1,1,0,0
22565,0.752167,0.250000,0.752167,0.250000,1,1,0,0
22570,0.752333,0.250000,0.752333,0.250000,1,1,0,0
22575,0.752500,0.250000,0.752500,0.250000,1,1,0,0
22580,0.752667,0.250000,0.752667,0.250000,1,1,0,0
22585,0.752833,0.250000,0.752833,0.250000,1,1,0,0
22590,0.753000,0.250000,0.753000,0.250000,1,1,0,0
22595,0.753167,0.250000,0.753167,0.250000,1,1,0,0
22600,0.753333,0.250000,0.753333,0.250000,1,1,0,0
22605,0.753500,0.250000,0.753500,0.250000,1,1,0,0
22610,0.753667,0.250000,0.753667,0.250000,1,1,0,0
22615,0.753833,0.250000,0.753833,0.250000,1,1,0,0
22620,0.754000,0.250000,0.754000,0.250000,1,1,0,0
22625,0.754167,0.250000,0.754167,0.250000,1,1,0,0
22630,0.754333,0.250000,0.754333,0.250000,1,1,0,0
22635,0.754500,0.250000,0.754500,0.250000,1,1,0,0
22640,0.754667,0.250000,0.754667,0.250000,1,1,0,0
22645,0.754833,0.250000,0.754833,0.250000,1,1,0,0
22650,0.755000,0.250000,0.755000,0.250000,1,1,0,0
22655,0.755167,0.250000,0.755167,0.250000,1,1,0,0
22660,0.755333,0.250000,0.755333,0.250000,1,1,0,0
22665,0.755500,0.250000,0.755500,0.250000,1,1,0,0
22670,0.755667,0.250000,0.755667,0.250000,1,1,0,0
22675,0.755833,0.250000,0.755833,0.250000,1,1,0,0
22680,0.756000,0.250000,0.756000,0.250000,1,1,0,0
22685,0.756167,0.250000,0.756167,0.250000,1,1,0,0
22690,0.756333,0.250000,0.756333,0.250000,1,1,0,0
22695,0.756500,0.250000,0.756500,0.250000,1,1,0,0
22700,0.756667,0.250000,0.756667,0.250000,1,1,0,0
22705,0.756833,0.250000,0.756833,0.250000,1,1,0,0
22710,0.757000,0.250000,0.757000,0.250000,1,1,0,0
22715,0.757167,0.250000,0.757167,0.250000,1,1,0,0
22720,0.757333,0.250000,0.757333,0.250000,1,1,0,0
22725,0.757500,0.250000,0.757500,0.250000,1,1,0,0
22730,0.757667,0.250000,0.757667,0.250000,1,1,0,0
22735,0.757833,0.250000,0.757833,0.250000,1,1,0,0
22740,0.758000,0.250000,0.758000,0.250000,1,1,0,0
22745,0.758167,0.250000,0.758167,0.250000,1,1,0,0
22750,0.758333,0.250000,0.758333,0.250000,1,1,0,0
22755,0.758500,0.250000,0.758500,0.250000,1,1,0,0
22760,0.758667,0.250000,0.758667,0.250000,1,1,0,0
22765,0.758833,0.250000,0.758833,0.250000,1,1,0,0
22770,0.759000,0.250000,0.759000,0.250000,1,1,0,0
22775,0.759167,0.250000,0.759167,0.250000,1,1,0,0
22780,0.759333,0.250000,0.759333,0.250000,1,1,0,0
22785,0.759500,0.250000,0.759500,0.250000,1,1,0,0
22790,0.759667,0.250000,0.759667,0.250000,1,1,0,0
22795,0.759833,0.250000,0.759833,0.250000,1,1,0,0
22800,0.760000,0.250000,0.760000,0.250000,1,1,0,0
22805,0.760167,0.250000,0.760167,0.250000,1,1,0,0
22810,0.760333,0.250000,0.760333,0.250000,1,1,0,0
22815,0.760500,0.250000,0.760500,0.250000,1,1,0,0
22820,0.760667,0.250000,0.760667,0.250000,1,1,0,0
22825,0.760833,0.250000,0.760833,0.250000,1,1,0,0
22830,0.761000,0.250000,0.761000,0.250000,1,1,0,0
22835,0.761167,0.250000,0.761167,0.250000,1,1,0,0
22840,0.761333,0.250000,0.761333,0.250000,1,1,0,0
22845,0.761500,0.250000,0.761500,0.250000,1,1,0,0
22850,0.761667,0.250000,0.761667,0.250000,1,1,0,0
22855,0.761833,0.250000,0.761833,0.250000,1,1,0,0
22860,0.762000,0.250000,0.762000,0.250000,1,1,0,0
22865,0.762167,0.250000,0.762167,0.250000,1,1,0,0
22870,0.762333,0.250000,0.762333,0.250000,1,1,0,0
22875,0.762500,0.250000,0.762500,0.250000,1,1,0,0
22880,0.762667,0.250000,0.762667,0.250000,1,1,0,0
22885,0.762833,0.250000,0.762833,0.250000,1,1,0,0
22890,0.763000,0.250000,0.763000,0.250000,1,1,0,0
22895,0.763167,0.250000,0.763167,0.250000,1,1,0,0
22900,0.763333,0.250000,0.763333,0.250000,1,1,0,0
22905,0.763500,0.250000,0.763500,0.250000,1,1,0,0
22910,0.763667,0.250000,0.763667,0.250000,1,1,0,0
22915,0.763833,0.250000,0.763833,0.250000,1,1,0,0
22920,0.764000,0.250000,0.764000,0.250000,1,1,0,0
22925,0.764167,0.250000,0.764167,0.250000,1,1,0,0
22930,0.764333,0.250000,0.764333,0.250000,1,1,0,0
22935,0.764500,0.250000,0.764500,0.250000,1,1,0,0
22940,0.764667,0.250000,0.764667,0.250000,1,1,0,0
22945,0.764833,0.250000,0.764833,0.250000,1,1,0,0
22950,0.765000,0.250000,0.765000,0.250000,1,1,0,0
22955,0.765167,0.250000,0.765167,0.250000,1,1,0,0
22960,0.765333,0.250000,0.765333,0.250000,1,1,0,0
22965,0.765500,0.250000,0.765500,0.250000,1,1,0,0
22970,0.765667,0.250000,0.765667,0.250000,1,1,0,0
22975,0.765833,0.250000,0.765833,0.250000,1,1,0,0
22980,0.766000,0.250000,0.766000,0.250000,1,1,0,0
22985,0.766167,0.250000,0.766167,0.250000,1,1,0,0
22990,0.766333,0.250000,0.766333,0.250000,1,1,0,0
22995,0.766500,0.250000,0.766500,0.250000,1,1,0,0
23000,0.766667,0.250000,0.766667,0.250000,1,1,0,0
23005,0.766833,0.250000,0.766833,0.250000,1,1,0,0
23010,0.767000,0.250000,0.767000,0.250000,1,1,0,0
23015,0.767167,0.250000,0.767167,0.250000,1,1,0,0
23020,0.767333,0.250000,0.767333,0.250000,1,1,0,0
23025,0.767500,0.250000,0.767500,0.250000,1,1,0,0
23030,0.767667,0.250000,0.767667,0.250000,1,1,0,0
23035,0.767833,0.250000,0.767833,0.250000,1,1,0,0
23040,0.768000,0.250000,0.768000,0.250000,1,1,0,0
23045,0.768167,0.250000,0.768167,0.250000,1,1,0,0
23050,0.768333,0.250000,0.768333,0.250000,1,1,0,0
23055,0.768500,0.250000,0.768500,0.250000,1,1,0,0
23060,0.768667,0.250000,0.768667,0.250000,1,1,0,0
23065,0.768833,0.250000,0.768833,0.250000,1,1,0,0
23070,0.769000,0.250000,0.769000,0.250000,1,1,0,0
23075,0.769167,0.250000,0.769167,0.250000,1,1,0,0
23080,0.769333,0.250000,0.769333,0.250000,1,1,0,0
23085,0.769500,0.250000,0.769500,0.250000,1,1,0,0
23090,0.769667,0.250000,0.769667,0.250000,1,1,0,0
23095,0.769833,0.250000,0.769833,0.250000,1,1,0,0
23100,0.770000,0.250000,0.770000,0.250000,1,1,0,0
23105,0.770167,0.250000,0.770167,0.250000,1,1,0,0
23110,0.770333,0.250000,0.770333,0.250000,1,1,0,0
23115,0.770500,0.250000,0.770500,0.250000,1,1,0,0
23120,0.770667,0.250000,0.770667,0.250000,1,1,0,0
23125,0.770833,0.250000,0.770833,0.250000,1,1,0,0
23130,0.771000,0.250000,0.771000,0.250000,1,1,0,0
23135,0.771167,0.250000,0.771167,0.250000,1,1,0,0
23140,0.771333,0.250000,0.771333,0.250000,1,1,0,0
23145,0.771500,0.250000,0.771500,0.250000,1,1,0,0
23150,0.771667,0.250000,0.771667,0.250000,1,1,0,0
23155,0.771833,0.250000,0.771833,0.250000,1,1,0,0
23160,0.772000,0.250000,0.772000,0.250000,1,1,0,0
23165,0.772167,0.250000,0.772167,0.250000,1,1,0,0
23170,0.772333,0.250000,0.772333,0.250000,1,1,0,0
23175,0.772500,0.250000,0.772500,0.250000,1,1,0,0
23180,0.772667,0.250000,0.772667,0.250000,1,1,0,0
23185,0.772833,0.250000,0.772833,0.250000,1,1,0,0
23190,0.773000,0.250000,0.773000,0.250000,1,1,0,0
23195,0.773167,0.250000,0.773167,0.250000,1,1,0,0
23200,0.773333,0.250000,0.773333,0.250000,1,1,0,0
23205,0.773500,0.250000,0.773500,0.250000,1,1,0,0
23210,0.773667,0.250000,0.773667,0.250000,1,1,0,0
23215,0.773833,0.250000,0.773833,0.250000,1,1,0,0
23220,0.774000,0.250000,0.774000,0.250000,1,1,0,0
23225,0.774167,0.250000,0.774167,0.250000,1,1,0,0
23230,0.774333,0.250000,0.774333,0.250000,1,1,0,0
23235,0.774500,0.250000,0.774500,0.250000,1,1,0,0
23240,0.774667,0.250000,0.774667,0.250000,1,1,0,0
23245,0.774833,0.250000,0.774833,0.250000,1,1,0,0
23250,0.775000,0.250000,0.775000,0.250000,1,1,0,0
23255,0.775167,0.250000,0.775167,0.250000,1,1,0,0
23260,0.775333,0.250000,0.775333,0.250000,1,1,0,0
23265,0.775500,0.250000,0.775500,0.250000,1,1,0,0
23270,0.775667,0.250000,0.775667,0.250000,1,1,0,0
23275,0.775833,0.250000,0.775833,0.250000,1,1,0,0
23280,0.776000,0.250000,0.776000,0.250000,1,1,0,0
23285,0.776167,0.250000,0.776167,0.250000,1,1,0,0
23290,0.776333,0.250000,0.776333,0.250000,1,1,0,0
23295,0.776500,0.250000,0.776500,0.250000,1,1,0,0
23300,0.776667,0.250000,0.776667,0.250000,1,1,0,0
23305,0.776833,0.250000,0.776833,0.250000,1,1,0,0
23310,0.777000,0.250000,0.777000,0.250000,1,1,0,0
23315,0.777167,0.250000,0.777167,0.250000,1,1,0,0
23320,0.777333,0.250000,0.777333,0.250000,1,1,0,0
23325,0.777500,0.250000,0.777500,0.250000,1,1,0,0
23330,0.777667,0.250000,0.777667,0.250000,1,1,0,0
23335,0.777833,0.250000,0.777833,0.250000,1,1,0,0
23340,0.778000,0.250000,0.778000,0.250000,1,1,0,0
23345,0.778167,0.250000,0.778167,0.250000,1,1,0,0
23350,0.778333,0.250000,0.778333,0.250000,1,1,0,0
23355,0.778500,0.250000,0.778500,0.250000,1,1,0,0
23360,0.778667,0.250000,0.778667,0.250000,1,1,0,0
23365,0.778833,0.250000,0.778833,0.250000,1,1,0,0
23370,0.779000,0.250000,0.779000,0.250000,1,1,0,0
23375,0.779167,0.250000,0.779167,0.250000,1,1,0,0
23380,0.779333,0.250000,0.779333,0.250000,1,1,0,0
23385,0.779500,0.250000,0.779500,0.250000,1,1,0,0
23390,0.779667,0.250000,0.779667,0.250000,1,1,0,0
23395,0.779833,0.250000,0.779833,0.250000,1,1,0,0
23400,0.780000,0.250000,0.780000,0.250000,1,1,0,0
23405,0.780167,0.250000,0.780167,0.250000,1,1,0,0
23410,0.780333,0.250000,0.780333,0.250000,1,1,0,0
23415,0.780500,0.250000,0.780500,0.250000,1,1,0,0
23420,0.780667,0.250000,0.780667,0.250000,1,1,0,0
23425,0.780833,0.250000,0.780833,0.250000,1,1,0,0
23430,0.781000,0.250000,0.781000,0.250000,1,1,0,0
23435,0.781167,0.250000,0.781167,0.250000,1,1,0,0
23440,0.781333,0.250000,0.781333,0.250000,1,1,0,0
23445,0.781500,0.250000,0.781500,0.250000,1,1,0,0
23450,0.781667,0.250000,0.781667,0.250000,1,1,0,0
23455,0.781833,0.250000,0.781833,0.250000,1,1,0,0
23460,0.782000,0.250000,0.782000,0.250000,1,1,0,0
23465,0.782167,0.250000,0.782167,0.250000,1,1,0,0
23470,0.782333,0.250000,0.782333,0.250000,1,1,0,0
23475,0.782500,0.250000,0.782500,0.250000,1,1,0,0
23480,0.782667,0.250000,0.782667,0.250000,1,1,0,0
23485,0.782833,0.250000,0.782833,0.250000,1,1,0,0
23490,0.783000,0.250000,0.783000,0.250000,1,1,0,0
23495,0.783167,0.250000,0.783167,0.250000,1,1,0,0
23500,0.783333,0.250000,0.783333,0.250000,1,1,0,0
23505,0.783500,0.250000,0.783500,0.250000,1,1,0,0
23510,0.783667,0.250000,0.783667,0.250000,1,1,0,0
23515,0.783833,0.250000,0.783833,0.250000,1,1,0,0
23520,0.784000,0.250000,0.784000,0.250000,1,1,0,0
23525,0.784167,0.250000,0.784167,0.250000,1,1,0,0
23530,0.784333,0.250000,0.784333,0.250000,1,1,0,0
23535,0.784500,0.250000,0.784500,0.250000,1,1,0,0
23540,0.784667,0.250000,0.784667,0.250000,1,1,0,0
23545,0.784833,0.250000,0.784833,0.250000,1,1,0,0
23550,0.785000,0.250000,0.785000,0.250000,1,1,0,0
23555,0.785167,0.250000,0.785167,0.250000,1,1,0,0
23560,0.785333,0.250000,0.785333,0.250000,1,1,0,0
23565,0.785500,0.250000,0.785500,0.250000,1,1,0,0
23570,0.785667,0.250000,0.785667,0.250000,1,1,0,0
23575,0.785833,0.250000,0.785833,0.250000,1,1,0,0
23580,0.786000,0.250000,0.786000,0.250000,1,1,0,0
23585,0.786167,0.250000,0.786167,0.250000,1,1,0,0
23590,0.786333,0.250000,0.786333,0.250000,1,1,0,0
23595,0.786500,0.250000,0.786500,0.250000,1,1,0,0
23600,0.786667,0.250000,0.786667,0.250000,1,1,0,0
23605,0.786833,0.250000,0.786833,0.250000,1,1,0,0
23610,0.787000,0.250000,0.787000,0.250000,1,1,0,0
23615,0.787167,0.250000,0.787167,0.250000,1,1,0,0
23620,0.787333,0.250000,0.787333,0.250000,1,1,0,0
23625,0.787500,0.250000,0.787500,0.250000,1,1,0,0
23630,0.787667,0.250000,0.787667,0.250000,1,1,0,0
23635,0.787833,0.250000,0.787833,0.250000,1,1,0,0
23640,0.788000,0.250000,0.788000,0.250000,1,1,0,0
23645,0.788167,0.250000,0.788167,0.250000,1,1,0,0
23650,0.788333,0.250000,0.788333,0.250000,1,1,0,0
23655,0.788500,0.250000,0.788500,0.250000,1,1,0,0
23660,0.788667,0.250000,0.788667,0.250000,1,1,0,0
23665,0.788833,0.250000,0.788833,0.250000,1,1,0,0
23670,0.789000,0.250000,0.789000,0.250000,1,1,0,0
23675,0.789167,0.250000,0.789167,0.250000,1,1,0,0
23680,0.789333,0.250000,0.789333,0.250000,1,1,0,0
23685,0.789500,0.250000,0.789500,0.250000,1,1,0,0
23690,0.789667,0.250000,0.789667,0.250000,1,1,0,0
23695,0.789833,0.250000,0.789833,0.250000,1,1,0,0
23700,0.790000,0.250000,0.790000,0.250000,1,1,0,0
23705,0.790167,0.250000,0.790167,0.250000,1,1,0,0
23710,0.790333,0.250000,0.790333,0.250000,1,1,0,0
23715,0.790500,0.250000,0.790500,0.250000,1,1,0,0
23720,0.790667,0.250000,0.790667,0.250000,1,1,0,0
23725,0.790833,0.250000,0.790833,0.250000,1,1,0,0
23730,0.791000,0.250000,0.791000,0.250000,1,1,0,0
23735,0.791167,0.250000,0.791167,0.250000,1,1,0,0
23740,0.791333,0.250000,0.791333,0.250000,1,1,0,0
23745,0.791500,0.250000,0.791500,0.250000,1,1,0,0
23750,0.791667,0.250000,0.791667,0.250000,1,1,0,0
23755,0.791833,0.250000,0.791833,0.250000,1,1,0,0
23760,0.792000,0.250000,0.792000,0.250000,1,1,0,0
23765,0.792167,0.250000,0.792167,0.250000,1,1,0,0
23770,0.792333,0.250000,0.792333,0.250000,1,1,0,0
23775,0.792500,0.250000,0.792500,0.250000,1,1,0,0
23780,0.792667,0.250000,0.792667,0.250000,1,1,0,0
23785,0.792833,0.250000,0.792833,0.250000,1,1,0,0
23790,0.793000,0.250000,0.793000,0.250000,1,1,0,0
23795,0.793167,0.250000,0.793167,0.250000,1,1,0,0
23800,0.793333,0.250000,0.793333,0.250000,1,1,0,0
23805,0.793500,0.250000,0.793500,0.250000,1,1,0,0
23810,0.793667,0.250000,0.793667,0.250000,1,1,0,0
23815,0.793833,0.250000,0.793833,0.250000,1,1,0,0
23820,0.794000,0.250000,0.794000,0.250000,1,1,0,0
23825,0.794167,0.250000,0.794167,0.250000,1,1,0,0
23830,0.794333,0.250000,0.794333,0.250000,1,1,0,0
23835,0.794500,0.250000,0.794500,0.250000,1,1,0,0
23840,0.794667,0.250000,0.794667,0.250000,1,1,0,0
23845,0.794833,0.250000,0.794833,0.250000,1,1,0,0
23850,0.795000,0.250000,0.795000,0.250000,1,1,0,0
23855,0.795167,0.250000,0.795167,0.250000,1,1,0,0
23860,0.795333,0.250000,0.795333,0.250000,1,1,0,0
23865,0.795500,0.250000,0.795500,0.250000,1,1,0,0
23870,0.795667,0.250000,0.795667,0.250000,1,1,0,0
23875,0.795833,0.250000,0.795833,0.250000,1,1,0,0
23880,0.796000,0.250000,0.796000,0.250000,1,1,0,0
23885,0.796167,0.250000,0.796167,0.250000,1,1,0,0
23890,0.796333,0.250000,0.796333,0.250000,1,1,0,0
23895,0.796500,0.250000,0.796500,0.250000,1,1,0,0
23900,0.796667,0.250000,0.796667,0.250000,1,1,0,0
23905,0.796833,0.250000,0.796833,0.250000,1,1,0,0
23910,0.797000,0.250000,0.797000,0.250000,1,1,0,0
23915,0.797167,0.250000,0.797167,0.250000,1,1,0,0
23920,0.797333,0.250000,0.797333,0.250000,1,1,0,0
23925,0.797500,0.250000,0.797500,0.250000,1,1,0,0
23930,0.797667,0.250000,0.797667,0.250000,1,1,0,0
23935,0.797833,0.250000,0.797833,0.250000,1,1,0,0
23940,0.798000,0.250000,0.798000,0.250000,1,1,0,0
23945,0.798167,0.250000,0.798167,0.250000,1,1,0,0
23950,0.798333,0.250000,0.798333,0.250000,1,1,0,0
23955,0.798500,0.250000,0.798500,0.250000,1,1,0,0
23960,0.798667,0.250000,0.798667,0.250000,1,1,0,0
23965,0.798833,0.250000,0.798833,0.250000,1,1,0,0
23970,0.799000,0.250000,0.799000,0.250000,1,1,0,0
23975,0.799167,0.250000,0.799167,0.250000,1,1,0,0
23980,0.799333,0.250000,0.799333,0.250000,1,1,0,0
23985,0.799500,0.250000,0.799500,0.250000,1,1,0,0
23990,0.799667,0.250000,0.799667,0.250000,1,1,0,0
23995,0.799833,0.250000,0.799833,0.250000,1,1,0,0
24000,0.800000,0.250000,0.800000,0.250000,1,1,0,0
24005,0.800167,0.250000,0.800167,0.250000,1,1,0,0
24010,0.800333,0.250000,0.800333,0.250000,1,1,0,0
24015,0.800500,0.250000,0.800500,0.250000,1,1,0,0
24020,0.800667,0.250000,0.800667,0.250000,1,1,0,0
24025,0.800833,0.250000,0.800833,0.250000,1,1,0,0
24030,0.801000,0.250000,0.801000,0.250000,1,1,0,0
24035,0.801167,0.250000,0.801167,0.250000,1,1,0,0
24040,0.801333,0.250000,0.801333,0.250000,1,1,0,0
24045,0.801500,0.250000,0.801500,0.250000,1,1,0,0
24050,0.801667,0.250000,0.801667,0.250000,1,1,0,0
24055,0.801833,0.250000,0.801833,0.250000,1,1,0,0
24060,0.802000,0.250000,0.802000,0.250000,1,1,0,0
24065,0.802167,0.250000,0.802167,0.250000,1,1,0,0
24070,0.802333,0.250000,0.802333,0.250000,1,1,0,0
24075,0.802500,0.250000,0.802500,0.250000,1,1,0,0
24080,0.802667,0.250000,0.802667,0.250000,1,1,0,0
24085,0.802833,0.250000,0.802833,0.250000,1,1,0,0
24090,0.803000,0.250000,0.803000,0.250000,1,1,0,0
24095,0.803167,0.250000,0.803167,0.250000,1,1,0,0
24100,0.803333,0.250000,0.803333,0.250000,1,1,0,0
24105,0.803500,0.250000,0.803500,0.250000,1,1,0,0
24110,0.803667,0.250000,0.803667,0.250000,1,1,0,0
24115,0.803833,0.250000,0.803833,0.250000,1,1,0,0
24120,0.804000,0.250000,0.804000,0.250000,1,1,0,0
24125,0.804167,0.250000,0.804167,0.250000,1,1,0,0
24130,0.804333,0.250000,0.804333,0.250000,1,1,0,0
24135,0.804500,0.250000,0.804500,0.250000,1,1,0,0
24140,0.804667,0.250000,0.804667,0.250000,1,1,0,0
24145,0.804833,0.250000,0.804833,0.250000,1,1,0,0
24150,0.805000,0.250000,0.805000,0.250000,1,1,0,0
24155,0.805167,0.250000,0.805167,0.250000,1,1,0,0
24160,0.805333,0.250000,0.805333,0.250000,1,1,0,0
24165,0.805500,0.250000,0.805500,0.250000,1,1,0,0
24170,0.805667,0.250000,0.805667,0.250000,1,1,0,0
24175,0.805833,0.250000,0.805833,0.250000,1,1,0,0
24180,0.806000,0.250000,0.806000,0.250000,1,1,0,0
24185,0.806167,0.250000,0.806167,0.250000,1,1,0,0
24190,0.806333,0.250000,0.806333,0.250000,1,1,0,0
24195,0.806500,0.250000,0.806500,0.250000,1,1,0,0
24200,0.806667,0.250000,0.806667,0.250000,1,1,0,0
24205,0.806833,0.250000,0.806833,0.250000,1,1,0,0
24210,0.807000,0.250000,0.807000,0.250000,1,1,0,0
24215,0.807167,0.250000,0.807167,0.250000,1,1,0,0
24220,0.807333,0.250000,0.807333,0.250000,1,1,0,0
24225,0.807500,0.250000,0.807500,0.250000,1,1,0,0
24230,0.807667,0.250000,0.807667,0.250000,1,1,0,0
24235,0.807833,0.250000,0.807833,0.250000,1,1,0,0
24240,0.808000,0.250000,0.808000,0.250000,1,1,0,0
24245,0.808167,0.250000,0.808167,0.250000,1,1,0,0
24250,0.808333,0.250000,0.808333,0.250000,1,1,0,0
24255,0.808500,0.250000,0.808500,0.250000,1,1,0,0
24260,0.808667,0.250000,0.808667,0.250000,1,1,0,0
24265,0.808833,0.250000,0.808833,0.250000,1,1,0,0
24270,0.809000,0.250000,0.809000,0.250000,1,1,0,0
24275,0.809167,0.250000,0.809167,0.250000,1,1,0,0
24280,0.809333,0.250000,0.809333,0.250000,1,1,0,0
24285,0.809500,0.250000,0.809500,0.250000,1,1,0,0
24290,0.809667,0.250000,0.809667,0.250000,1,1,0,0
24295,0.809833,0.250000,0.809833,0.250000,1,1,0,0
24300,0.810000,0.250000,0.810000,0.250000,1,1,0,0
24305,0.810167,0.250000,0.810167,0.250000,1,1,0,0
24310,0.810333,0.250000,0.810333,0.250000,1,1,0,0
24315,0.810500,0.250000,0.810500,0.250000,1,1,0,0
24320,0.810667,0.250000,0.810667,0.250000,1,1,0,0
24325,0.810833,0.250000,0.810833,0.250000,1,1,0,0
24330,0.811000,0.250000,0.811000,0.250000,1,1,0,0
24335,0.811167,0.250000,0.811167,0.250000,1,1,0,0
24340,0.811333,0.250000,0.811333,0.250000,1,1,0,0
24345,0.811500,0.250000,0.811500,0.250000,1,1,0,0
24350,0.811667,0.250000,0.811667,0.250000,1,1,0,0
24355,0.811833,0.250000,0.811833,0.250000,1,1,0,0
24360,0.812000,0.250000,0.812000,0.250000,1,1,0,0
24365,0.812167,0.250000,0.812167,0.250000,1,1,0,0
24370,0.812333,0.250000,0.812333,0.250000,1,1,0,0
24375,0.812500,0.250000,0.812500,0.250000,1,1,0,0
24380,0.812667,0.250000,0.812667,0.250000,1,1,0,0
24385,0.812833,0.250000,0.812833,0.250000,1,1,0,0
24390,0.813000,0.250000,0.813000,0.250000,1,1,0,0
24395,0.813167,0.250000,0.813167,0.250000,1,1,0,0
24400,0.813333,0.250000,0.813333,0.250000,1,1,0,0
24405,0.813500,0.250000,0.813500,0.250000,1,1,0,0
24410,0.813667,0.250000,0.813667,0.250000,1,1,0,0
24415,0.813833,0.250000,0.813833,0.250000,1,1,0,0
24420,0.814000,0.250000,0.814000,0.250000,1,1,0,0
24425,0.814167,0.250000,0.814167,0.250000,1,1,0,0
24430,0.814333,0.250000,0.814333,0.250000,1,1,0,0
24435,0.814500,0.250000,0.814500,0.250000,1,1,0,0
24440,0.814667,0.250000,0.814667,0.250000,1,1,0,0
24445,0.814833,0.250000,0.814833,0.250000,1,1,0,0
24450,0.815000,0.250000,0.815000,0.250000,1,1,0,0
24455,0.815167,0.250000,0.815167,0.250000,1,1,0,0
24460,0.815333,0.250000,0.815333,0.250000,1,1,0,0
24465,0.815500,0.250000,0.815500,0.250000,1,1,0,0
24470,0.815667,0.250000,0.815667,0.250000,1,1,0,0
24475,0.815833,0.250000,0.815833,0.250000,1,1,0,0
24480,0.816000,0.250000,0.816000,0.250000,1,1,0,0
24485,0.816167,0.250000,0.816167,0.250000,1,1,0,0
24490,0.816333,0.250000,0.816333,0.250000,1,1,0,0
24495,0.816500,0.250000,0.816500,0.250000,1,1,0,0
24500,0.816667,0.250000,0.816667,0.250000,1,1,0,0
24505,0.816833,0.250000,0.816833,0.250000,1,1,0,0
24510,0.817000,0.250000,0.817000,0.250000,1,1,0,0
24515,0.817167,0.250000,0.817167,0.250000,1,1,0,0
24520,0.817333,0.250000,0.817333,0.250000,1,1,0,0
24525,0.817500,0.250000,0.817500,0.250000,1,1,0,0
24530,0.817667,0.250000,0.817667,0.250000,1,1,0,0
24535,0.817833,0.250000,0.817833,0.250000,1,1,0,0
24540,0.818000,0.250000,0.818000,0.250000,1,1,0,0
24545,0.818167,0.250000,0.818167,0.250000,1,1,0,0
24550,0.818333,0.250000,0.818333,0.250000,1,1,0,0
24555,0.818500,0.250000,0.818500,0.250000,1,1,0,0
24560,0.818667,0.250000,0.818667,0.250000,1,1,0,0
24565,0.818833,0.250000,0.818833,0.250000,1,1,0,0
24570,0.819000,0.250000,0.819000,0.250000,1,1,0,0
24575,0.819167,0.250000,0.819167,0.250000,1,1,0,0
24580,0.819333,0.250000,0.819333,0.250000,1,1,0,0
24585,0.819500,0.250000,0.819500,0.250000,1,1,0,0
24590,0.819667,0.250000,0.819667,0.250000,1,1,0,0
24595,0.819833,0.250000,0.819833,0.250000,1,1,0,0
24600,0.820000,0.250000,0.820000,0.250000,1,1,0,0
24605,0.820167,0.250000,0.820167,0.250000,1,1,0,0
24610,0.820333,0.250000,0.820333,0.250000,1,1,0,0
24615,0.820500,0.250000,0.820500,0.250000,1,1,0,0
24620,0.820667,0.250000,0.820667,0.250000,1,1,0,0
24625,0.820833,0.250000,0.820833,0.250000,1,1,0,0
24630,0.821000,0.250000,0.821000,0.250000,1,1,0,0
24635,0.821167,0.250000,0.821167,0.250000,1,1,0,0
24640,0.821333,0.250000,0.821333,0.250000,1,1,0,0
24645,0.821500,0.250000,0.821500,0.250000,1,1,0,0
24650,0.821667,0.250000,0.821667,0.250000,1,1,0,0
24655,0.821833,0.250000,0.821833,0.250000,1,1,0,0
24660,0.822000,0.250000,0.822000,0.250000,1,1,0,0
24665,0.822167,0.250000,0.822167,0.250000,1,1,0,0
24670,0.822333,0.250000,0.822333,0.250000,1,1,0,0
24675,0.822500,0.250000,0.822500,0.250000,1,1,0,0
24680,0.822667,0.250000,0.822667,0.250000,1,1,0,0
24685,0.822833,0.250000,0.822833,0.250000,1,1,0,0
24690,0.823000,0.250000,0.823000,0.250000,1,1,0,0
24695,0.823167,0.250000,0.823167,0.250000,1,1,0,0
24700,0.823333,0.250000,0.823333,0.250000,1,1,0,0
24705,0.823500,0.250000,0.823500,0.250000,1,1,0,0
24710,0.823667,0.250000,0.823667,0.250000,1,1,0,0
24715,0.823833,0.250000,0.823833,0.250000,1,1,0,0
24720,0.824000,0.250000,0.824000,0.250000,1,1,0,0
24725,0.824167,0.250000,0.824167,0.250000,1,1,0,0
24730,0.824333,0.250000,0.824333,0.250000,1,1,0,0
24735,0.824500,0.250000,0.824500,0.250000,1,1,0,0
24740,0.824667,0.250000,0.824667,0.250000,1,1,0,0
24745,0.824833,0.250000,0.824833,0.250000,1,1,0,0
24750,0.825000,0.250000,0.825000,0.250000,1,1,0,0
24755,0.825167,0.250000,0.825167,0.250000,1,1,0,0
24760,0.825333,0.250000,0.825333,0.250000,1,1,0,0
24765,0.825500,0.250000,0.825500,0.250000,1,1,0,0
24770,0.825667,0.250000,0.825667,0.250000,1,1,0,0
24775,0.825833,0.250000,0.825833,0.250000,1,1,0,0
24780,0.826000,0.250000,0.826000,0.250000,1,1,0,0
24785,0.826167,0.250000,0.826167,0.250000,1,1,0,0
24790,0.826333,0.250000,0.826333,0.250000,1,1,0,0
24795,0.826500,0.250000,0.826500,0.250000,1,1,0,0
24800,0.826667,0.250000,0.826667,0.250000,1,1,0,0
24805,0.826833,0.250000,0.826833,0.250000,1,1,0,0
24810,0.827000,0.250000,0.827000,0.250000,1,1,0,0
24815,0.827167,0.250000,0.827167,0.250000,1,1,0,0
24820,0.827333,0.250000,0.827333,0.250000,1,1,0,0
24825,0.827500,0.250000,0.827500,0.250000,1,1,0,0
24830,0.827667,0.250000,0.827667,0.250000,1,1,0,0
24835,0.827833,0.250000,0.827833,0.250000,1,1,0,0
24840,0.828000,0.250000,0.828000,0.250000,1,1,0,0
24845,0.828167,0.250000,0.828167,0.250000,1,1,0,0
24850,0.828333,0.250000,0.828333,0.250000,1,1,0,0
24855,0.828500,0.250000,0.828500,0.250000,1,1,0,0
24860,0.828667,0.250000,0.828667,0.250000,1,1,0,0
24865,0.828833,0.250000,0.828833,0.250000,1,1,0,0
24870,0.829000,0.250000,0.829000,0.250000,1,1,0,0
24875,0.829167,0.250000,0.829167,0.250000,1,1,0,0
24880,0.829333,0.250000,0.829333,0.250000,1,1,0,0
24885,0.829500,0.250000,0.829500,0.250000,1,1,0,0
24890,0.829667,0.250000,0.829667,0.250000,1,1,0,0
24895,0.829833,0.250000,0.829833,0.250000,1,1,0,0
24900,0.830000,0.250000,0.830000,0.250000,1,1,0,0
24905,0.830167,0.250000,0.830167,0.250000,1,1,0,0
24910,0.830333,0.250000,0.830333,0.250000,1,1,0,0
24915,0.830500,0.250000,0.830500,0.250000,1,1,0,0
24920,0.830667,0.250000,0.830667,0.250000,1,1,0,0
24925,0.830833,0.250000,0.830833,0.250000,1,1,0,0
24930,0.831000,0.250000,0.831000,0.250000,1,1,0,0
24935,0.831167,0.250000,0.831167,0.250000,1,1,0,0
24940,0.831333,0.250000,0.831333,0.250000,1,1,0,0
24945,0.831500,0.250000,0.831500,0.250000,1,1,0,0
24950,0.831667,0.250000,0.831667,0.250000,1,1,0,0
24955,0.831833,0.250000,0.831833,0.250000,1,1,0,0
24960,0.832000,0.250000,0.832000,0.250000,1,1,0,0
24965,0.832167,0.250000,0.832167,0.250000,1,1,0,0
24970,0.832333,0.250000,0.832333,0.250000,1,1,0,0
24975,0.832500,0.250000,0.832500,0.250000,1,1,0,0
24980,0.832667,0.250000,0.832667,0.250000,1,1,0,0
24985,0.832833,0.250000,0.832833,0.250000,1,1,0,0
24990,0.833000,0.250000,0.833000,0.250000,1,1,0,0
24995,0.833167,0.250000,0.833167,0.250000,1,1,0,0
25000,0.833333,0.800000,0.833333,0.800000,1,1,0,0
25005,0.833500,0.800000,0.833500,0.800000,1,1,0,0
25010,0.833667,0.800000,0.833667,0.800000,1,1,0,0
25015,0.833833,0.800000,0.833833,0.800000,1,1,0,0
25020,0.834000,0.800000,0.834000,0.800000,1,1,0,0
25025,0.834167,0.800000,0.834167,0.800000,1,1,0,0
25030,0.834333,0.800000,0.834333,0.800000,1,1,0,0
25035,0.834500,0.800000,0.834500,0.800000,1,1,0,0
25040,0.834667,0.800000,0.834667,0.800000,1,1,0,0
25045,0.834833,0.800000,0.834833,0.800000,1,1,0,0
25050,0.835000,0.800000,0.835000,0.800000,1,1,0,0
25055,0.835167,0.800000,0.835167,0.800000,1,1,0,0
25060,0.835333,0.800000,0.835333,0.800000,1,1,0,0
25065,0.835500,0.800000,0.835500,0.800000,1,1,0,0
25070,0.835667,0.800000,0.835667,0.800000,1,1,0,0
25075,0.835833,0.800000,0.835833,0.800000,1,1,0,0
25080,0.836000,0.800000,0.836000,0.800000,1,1,0,0
25085,0.836167,0.800000,0.836167,0.800000,1,1,0,0
25090,0.836333,0.800000,0.836333,0.800000,1,1,0,0
25095,0.836500,0.800000,0.836500,0.800000,1,1,0,0
25100,0.836667,0.800000,0.836667,0.800000,1,1,0,0
25105,0.836833,0.800000,0.836833,0.800000,1,1,0,0
25110,0.837000,0.800000,0.837000,0.800000,1,1,0,0
25115,0.837167,0.800000,0.837167,0.800000,1,1,0,0
25120,0.837333,0.800000,0.837333,0.800000,1,1,0,0
25125,0.837500,0.800000,0.837500,0.800000,2,1,0,0
25130,0.837667,0.800000,0.837667,0.800000,2,1,0,0
25135,0.837833,0.800000,0.837833,0.800000,2,1,0,0
25140,0.838000,0.800000,0.838000,0.800000,2,1,0,0
25145,0.838167,0.800000,0.838167,0.800000,2,1,0,0
25150,0.838333,0.800000,0.838333,0.800000,2,1,0,0
25155,0.838500,0.800000,0.838500,0.800000,2,1,0,0
25160,0.838667,0.800000,0.838667,0.800000,2,1,0,0
25165,0.838833,0.800000,0.838833,0.800000,2,1,0,0
25170,0.839000,0.800000,0.839000,0.800000,2,1,0,0
25175,0.839167,0.800000,0.839167,0.800000,2,1,0,0
25180,0.839333,0.800000,0.839333,0.800000,2,1,0,0
25185,0.839500,0.800000,0.839500,0.800000,2,1,0,0
25190,0.839667,0.800000,0.839667,0.800000,2,1,0,0
25195,0.839833,0.800000,0.839833,0.800000,2,1,0,0
25200,0.840000,0.800000,0.840000,0.800000,2,1,0,0
25205,0.840167,0.800000,0.840167,0.800000,2,1,0,0
25210,0.840333,0.800000,0.840333,0.800000,2,1,0,0
25215,0.840500,0.800000,0.840500,0.800000,2,1,0,0
25220,0.840667,0.800000,0.840667,0.800000,2,1,0,0
25225,0.840833,0.800000,0.840833,0.800000,2,1,0,0
25230,0.841000,0.800000,0.841000,0.800000,2,1,0,0
25235,0.841167,0.800000,0.841167,0.800000,2,1,0,0
25240,0.841333,0.800000,0.841333,0.800000,2,1,0,0
25245,0.841500,0.800000,0.841500,0.800000,2,1,0,0
25250,0.841667,0.800000,0.841667,0.800000,2,1,0,0
25255,0.841833,0.800000,0.841833,0.800000,2,1,0,0
25260,0.842000,0.800000,0.842000,0.800000,2,1,0,0
25265,0.842167,0.800000,0.842167,0.800000,2,1,0,0
25270,0.842333,0.800000,0.842333,0.800000,2,1,0,0
25275,0.842500,0.800000,0.842500,0.800000,2,1,0,0
25280,0.842667,0.800000,0.842667,0.800000,2,1,0,0
25285,0.842833,0.800000,0.842833,0.800000,2,1,0,0
25290,0.843000,0.800000,0.843000,0.800000,2,1,0,0
25295,0.843167,0.800000,0.843167,0.800000,2,1,0,0
25300,0.843333,0.800000,0.843333,0.800000,2,1,0,0
25305,0.843500,0.800000,0.843500,0.800000,2,1,0,0
25310,0.843667,0.800000,0.843667,0.800000,2,1,0,0
25315,0.843833,0.800000,0.843833,0.800000,2,1,0,0
25320,0.844000,0.800000,0.844000,0.800000,2,1,0,0
25325,0.844167,0.800000,0.844167,0.800000,2,1,0,0
25330,0.844333,0.800000,0.844333,0.800000,2,1,0,0
25335,0.844500,0.800000,0.844500,0.800000,2,1,0,0
25340,0.844667,0.800000,0.844667,0.800000,2,1,0,0
25345,0.844833,0.800000,0.844833,0.800000,2,1,0,0
25350,0.845000,0.800000,0.845000,0.800000,2,1,0,0
25355,0.845167,0.800000,0.845167,0.800000,2,1,0,0
25360,0.845333,0.800000,0.845333,0.800000,2,1,0,0
25365,0.845500,0.800000,0.845500,0.800000,2,1,0,0
25370,0.845667,0.800000,0.845667,0.800000,2,1,0,0
25375,0.845833,0.800000,0.845833,0.800000,2,1,0,0
25380,0.846000,0.800000,0.846000,0.800000,2,1,0,0
25385,0.846167,0.800000,0.846167,0.800000,2,1,0,0
25390,0.846333,0.800000,0.846333,0.800000,2,1,0,0
25395,0.846500,0.800000,0.846500,0.800000,2,1,0,0
25400,0.846667,0.800000,0.846667,0.800000,2,1,0,0
25405,0.846833,0.800000,0.846833,0.800000,2,1,0,0
25410,0.847000,0.800000,0.847000,0.800000,2,1,0,0
25415,0.847167,0.800000,0.847167,0.800000,2,1,0,0
25420,0.847333,0.800000,0.847333,0.800000,2,1,0,0
25425,0.847500,0.800000,0.847500,0.800000,2,1,0,0
25430,0.847667,0.800000,0.847667,0.800000,2,1,0,0
25435,0.847833,0.800000,0.847833,0.800000,2,1,0,0
25440,0.848000,0.800000,0.848000,0.800000,2,1,0,0
25445,0.848167,0.800000,0.848167,0.800000,2,1,0,0
25450,0.848333,0.800000,0.848333,0.800000,2,1,0,0
25455,0.848500,0.800000,0.848500,0.800000,2,1,0,0
25460,0.848667,0.800000,0.848667,0.800000,2,1,0,0
25465,0.848833,0.800000,0.848833,0.800000,2,1,0,0
25470,0.849000,0.800000,0.849000,0.800000,2,1,0,0
25475,0.849167,0.800000,0.849167,0.800000,2,1,0,0
25480,0.849333,0.800000,0.849333,0.800000,2,1,0,0
25485,0.849500,0.800000,0.849500,0.800000,2,1,0,0
25490,0.849667,0.800000,0.849667,0.800000,2,1,0,0
25495,0.849833,0.800000,0.849833,0.800000,2,1,0,0
25500,0.850000,0.800000,0.850000,0.800000,2,1,0,0
25505,0.850167,0.800000,0.850000,0.800000,2,1,0,0
25510,0.850333,0.800000,0.850000,0.800000,2,1,0,0
25515,0.850500,0.800000,0.850000,0.800000,2,1,0,0
25520,0.850667,0.800000,0.850000,0.800000,2,1,0,0
25525,0.850833,0.800000,0.850000,0.800000,2,1,0,0
25530,0.851000,0.800000,0.850000,0.800000,2,1,0,0
25535,0.851167,0.800000,0.850000,0.800000,2,1,0,0
25540,0.851333,0.800000,0.850000,0.800000,2,1,0,0
25545,0.851500,0.800000,0.850000,0.800000,2,1,0,0
25550,0.851667,0.800000,0.850000,0.800000,2,1,0,0
25555,0.851833,0.800000,0.850000,0.800000,2,1,0,0
25560,0.852000,0.800000,0.850000,0.800000,2,1,0,0
25565,0.852167,0.800000,0.850000,0.800000,2,1,0,0
25570,0.852333,0.800000,0.850000,0.800000,2,1,0,0
25575,0.852500,0.800000,0.850000,0.800000,2,1,0,0
25580,0.852667,0.800000,0.850000,0.800000,2,1,0,0
25585,0.852833,0.800000,0.850000,0.800000,2,1,0,0
25590,0.853000,0.800000,0.850000,0.800000,2,1,0,0
25595,0.853167,0.800000,0.850000,0.800000,2,1,0,0
25600,0.853333,0.800000,0.850000,0.800000,2,1,0,0
25605,0.853500,0.800000,0.850000,0.800000,2,1,0,0
25610,0.853667,0.800000,0.850000,0.800000,2,1,0,0
25615,0.853833,0.800000,0.850000,0.800000,2,1,0,0
25620,0.854000,0.800000,0.850000,0.800000,2,1,0,0
25625,0.854167,0.800000,0.850000,0.800000,2,1,0,0
25630,0.854333,0.800000,0.850000,0.800000,2,1,0,0
25635,0.854500,0.800000,0.850000,0.800000,2,1,0,0
25640,0.854667,0.800000,0.850000,0.800000,2,1,0,0
25645,0.854833,0.800000,0.850000,0.800000,2,1,0,0
25650,0.855000,0.800000,0.850000,0.800000,2,1,0,0
25655,0.855167,0.800000,0.850000,0.800000,2,1,0,0
25660,0.855333,0.800000,0.850000,0.800000,2,1,0,0
25665,0.855500,0.800000,0.850000,0.800000,2,1,0,0
25670,0.855667,0.800000,0.850000,0.800000,2,1,0,0
25675,0.855833,0.800000,0.850000,0.800000,2,1,0,0
25680,0.856000,0.800000,0.850000,0.800000,2,1,0,0
25685,0.856167,0.800000,0.850000,0.800000,2,1,0,0
25690,0.856333,0.800000,0.850000,0.800000,2,1,0,0
25695,0.856500,0.800000,0.850000,0.800000,2,1,0,0
25700,0.856667,0.800000,0.850000,0.800000,2,1,0,0
25705,0.856833,0.800000,0.850000,0.800000,2,1,0,0
25710,0.857000,0.800000,0.850000,0.800000,2,1,0,0
25715,0.857167,0.800000,0.850000,0.800000,2,1,0,0
25720,0.857333,0.800000,0.850000,0.800000,2,1,0,0
25725,0.857500,0.800000,0.850000,0.800000,2,1,0,0
25730,0.857667,0.800000,0.850000,0.800000,2,1,0,0
25735,0.857833,0.800000,0.850000,0.800000,2,1,0,0
25740,0.858000,0.800000,0.850000,0.800000,2,1,0,0
25745,0.858167,0.800000,0.850000,0.800000,2,1,0,0
25750,0.858333,0.800000,0.850000,0.800000,2,1,0,0
25755,0.858500,0.800000,0.850000,0.800000,2,1,0,0
25760,0.858667,0.800000,0.850000,0.800000,2,1,0,0
25765,0.858833,0.800000,0.850000,0.800000,2,1,0,0
25770,0.859000,0.800000,0.850000,0.800000,2,1,0,0
25775,0.859167,0.800000,0.850000,0.800000,2,1,0,0
25780,0.859333,0.800000,0.850000,0.800000,2,1,0,0
25785,0.859500,0.800000,0.850000,0.800000,2,1,0,0
25790,0.859667,0.800000,0.850000,0.800000,2,1,0,0
25795,0.859833,0.800000,0.850000,0.800000,2,1,0,0
25800,0.860000,0.800000,0.850000,0.800000,2,1,0,0
25805,0.860167,0.800000,0.850000,0.800000,2,1,0,0
25810,0.860333,0.800000,0.850000,0.800000,2,1,0,0
25815,0.860500,0.800000,0.850000,0.800000,2,1,0,0
25820,0.860667,0.800000,0.850000,0.800000,2,1,0,0
25825,0.860833,0.800000,0.850000,0.800000,2,1,0,0
25830,0.861000,0.800000,0.850000,0.800000,2,1,0,0
25835,0.861167,0.800000,0.850000,0.800000,2,1,0,0
25840,0.861333,0.800000,0.850000,0.800000,2,1,0,0
25845,0.861500,0.800000,0.850000,0.800000,2,1,0,0
25850,0.861667,0.800000,0.850000,0.800000,2,1,0,0
25855,0.861833,0.800000,0.850000,0.800000,2,1,0,0
25860,0.862000,0.800000,0.850000,0.800000,2,1,0,0
25865,0.862167,0.800000,0.850000,0.800000,2,1,0,0
25870,0.862333,0.800000,0.850000,0.800000,2,1,0,0
25875,0.862500,0.800000,0.850000,0.800000,2,1,0,0
25880,0.862667,0.800000,0.850000,0.800000,2,1,0,0
25885,0.862833,0.800000,0.850000,0.800000,2,1,0,0
25890,0.863000,0.800000,0.850000,0.800000,2,1,0,0
25895,0.863167,0.800000,0.850000,0.800000,2,1,0,0
25900,0.863333,0.800000,0.850000,0.800000,2,1,0,0
25905,0.863500,0.800000,0.850000,0.800000,2,1,0,0
25910,0.863667,0.800000,0.850000,0.800000,2,1,0,0
25915,0.863833,0.800000,0.850000,0.800000,2,1,0,0
25920,0.864000,0.800000,0.850000,0.800000,2,1,0,0
25925,0.864167,0.800000,0.850000,0.800000,2,1,0,0
25930,0.864333,0.800000,0.850000,0.800000,2,1,0,0
25935,0.864500,0.800000,0.850000,0.800000,2,1,0,0
25940,0.864667,0.800000,0.850000,0.800000,2,1,0,0
25945,0.864833,0.800000,0.850000,0.800000,2,1,0,0
25950,0.865000,0.800000,0.850000,0.800000,2,1,0,0
25955,0.865167,0.800000,0.850000,0.800000,2,1,0,0
25960,0.865333,0.800000,0.850000,0.800000,2,1,0,0
25965,0.865500,0.800000,0.850000,0.800000,2,1,0,0
25970,0.865667,0.800000,0.850000,0.800000,2,1,0,0
25975,0.865833,0.800000,0.850000,0.800000,2,1,0,0
25980,0.866000,0.800000,0.850000,0.800000,2,1,0,0
25985,0.866167,0.800000,0.850000,0.800000,2,1,0,0
25990,0.866333,0.800000,0.850000,0.800000,2,1,0,0
25995,0.866500,0.800000,0.850000,0.800000,2,1,0,0
26000,0.866667,0.250000,0.850000,0.250000,2,1,0,0
26005,0.866833,0.250000,0.850000,0.250000,2,1,0,0
26010,0.867000,0.250000,0.850000,0.250000,2,1,0,0
26015,0.867167,0.250000,0.850000,0.250000,2,1,0,0
26020,0.867333,0.250000,0.850000,0.250000,2,1,0,0
26025,0.867500,0.250000,0.850000,0.250000,2,1,0,0
26030,0.867667,0.250000,0.850000,0.250000,2,1,0,0
26035,0.867833,0.250000,0.850000,0.250000,2,1,0,0
26040,0.868000,0.250000,0.850000,0.250000,2,1,0,0
26045,0.868167,0.250000,0.850000,0.250000,2,1,0,0
26050,0.868333,0.250000,0.850000,0.250000,2,1,0,0
26055,0.868500,0.250000,0.850000,0.250000,2,1,0,0
26060,0.868667,0.250000,0.850000,0.250000,2,1,0,0
26065,0.868833,0.250000,0.850000,0.250000,2,1,0,0
26070,0.869000,0.250000,0.850000,0.250000,2,1,0,0
26075,0.869167,0.250000,0.850000,0.250000,2,1,0,0
26080,0.869333,0.250000,0.850000,0.250000,2,1,0,0
26085,0.869500,0.250000,0.850000,0.250000,2,1,0,0
26090,0.869667,0.250000,0.850000,0.250000,2,1,0,0
26095,0.869833,0.250000,0.850000,0.250000,2,1,0,0
26100,0.870000,0.250000,0.850000,0.250000,2,1,0,0
26105,0.870167,0.250000,0.850000,0.250000,2,1,0,0
26110,0.870333,0.250000,0.850000,0.250000,2,1,0,0
26115,0.870500,0.250000,0.850000,0.250000,2,1,0,0
26120,0.870667,0.250000,0.850000,0.250000,2,1,0,0
26125,0.870833,0.250000,0.850000,0.250000,2,1,0,0
26130,0.871000,0.250000,0.850000,0.250000,2,1,0,0
26135,0.871167,0.250000,0.850000,0.250000,2,1,0,0
26140,0.871333,0.250000,0.850000,0.250000,2,1,0,0
26145,0.871500,0.250000,0.850000,0.250000,2,1,0,0
26150,0.871667,0.250000,0.850000,0.250000,2,1,0,0
26155,0.871833,0.250000,0.850000,0.250000,2,1,0,0
26160,0.872000,0.250000,0.850000,0.250000,2,1,0,0
26165,0.872167,0.250000,0.850000,0.250000,2,1,0,0
26170,0.872333,0.250000,0.850000,0.250000,2,1,0,0
26175,0.872500,0.250000,0.850000,0.250000,2,1,0,0
26180,0.872667,0.250000,0.850000,0.250000,2,1,0,0
26185,0.872833,0.250000,0.850000,0.250000,2,1,0,0
26190,0.873000,0.250000,0.850000,0.250000,2,1,0,0
26195,0.873167,0.250000,0.850000,0.250000,2,1,0,0
26200,0.873333,0.250000,0.850000,0.250000,2,1,0,0
26205,0.873500,0.250000,0.850000,0.250000,2,1,0,0
26210,0.873667,0.250000,0.850000,0.250000,2,1,0,0
26215,0.873833,0.250000,0.850000,0.250000,2,1,0,0
26220,0.874000,0.250000,0.850000,0.250000,2,1,0,0
26225,0.874167,0.250000,0.850000,0.250000,2,1,0,0
26230,0.874333,0.250000,0.850000,0.250000,2,1,0,0
26235,0.874500,0.250000,0.850000,0.250000,2,1,0,0
26240,0.874667,0.250000,0.850000,0.250000,2,1,0,0
26245,0.874833,0.250000,0.850000,0.250000,2,1,0,0
26250,0.875000,0.250000,0.850000,0.250000,2,1,0,0
26255,0.875167,0.250000,0.850000,0.250000,2,1,0,0
26260,0.875333,0.250000,0.850000,0.250000,2,1,0,0
26265,0.875500,0.250000,0.850000,0.250000,2,1,0,0
26270,0.875667,0.250000,0.850000,0.250000,2,1,0,0
26275,0.875833,0.250000,0.850000,0.250000,2,1,0,0
26280,0.876000,0.250000,0.850000,0.250000,2,1,0,0
26285,0.876167,0.250000,0.850000,0.250000,2,1,0,0
26290,0.876333,0.250000,0.850000,0.250000,2,1,0,0
26295,0.876500,0.250000,0.850000,0.250000,2,1,0,0
26300,0.876667,0.250000,0.850000,0.250000,2,1,0,0
26305,0.876833,0.250000,0.850000,0.250000,2,1,0,0
26310,0.877000,0.250000,0.850000,0.250000,2,1,0,0
26315,0.877167,0.250000,0.850000,0.250000,2,1,0,0
26320,0.877333,0.250000,0.850000,0.250000,2,1,0,0
26325,0.877500,0.250000,0.850000,0.250000,2,1,0,0
26330,0.877667,0.250000,0.850000,0.250000,2,1,0,0
26335,0.877833,0.250000,0.850000,0.250000,2,1,0,0
26340,0.878000,0.250000,0.850000,0.250000,2,1,0,0
26345,0.878167,0.250000,0.850000,0.250000,2,1,0,0
26350,0.878333,0.250000,0.850000,0.250000,2,1,0,0
26355,0.878500,0.250000,0.850000,0.250000,2,1,0,0
26360,0.878667,0.250000,0.850000,0.250000,2,1,0,0
26365,0.878833,0.250000,0.850000,0.250000,2,1,0,0
26370,0.879000,0.250000,0.850000,0.250000,2,1,0,0
26375,0.879167,0.250000,0.850000,0.250000,2,1,0,0
26380,0.879333,0.250000,0.850000,0.250000,2,1,0,0
26385,0.879500,0.250000,0.850000,0.250000,2,1,0,0
26390,0.879667,0.250000,0.850000,0.250000,2,1,0,0
26395,0.879833,0.250000,0.850000,0.250000,2,1,0,0
26400,0.880000,0.250000,0.850000,0.250000,2,1,0,0
26405,0.880167,0.250000,0.850000,0.250000,2,1,0,0
26410,0.880333,0.250000,0.850000,0.250000,2,1,0,0
26415,0.880500,0.250000,0.850000,0.250000,2,1,0,0
26420,0.880667,0.250000,0.850000,0.250000,2,1,0,0
26425,0.880833,0.250000,0.850000,0.250000,2,1,0,0
26430,0.881000,0.250000,0.850000,0.250000,2,1,0,0
26435,0.881167,0.250000,0.850000,0.250000,2,1,0,0
26440,0.881333,0.250000,0.850000,0.250000,2,1,0,0
26445,0.881500,0.250000,0.850000,0.250000,2,1,0,0
26450,0.881667,0.250000,0.850000,0.250000,2,1,0,0
26455,0.881833,0.250000,0.850000,0.250000,2,1,0,0
26460,0.882000,0.250000,0.850000,0.250000,2,1,0,0
26465,0.882167,0.250000,0.850000,0.250000,2,1,0,0
26470,0.882333,0.250000,0.850000,0.250000,2,1,0,0
26475,0.882500,0.250000,0.850000,0.250000,2,1,0,0
26480,0.882667,0.250000,0.850000,0.250000,2,1,0,0
26485,0.882833,0.250000,0.850000,0.250000,2,1,0,0
26490,0.883000,0.250000,0.850000,0.250000,2,1,0,0
26495,0.883167,0.250000,0.850000,0.250000,2,1,0,0
26500,0.883333,0.250000,0.850000,0.250000,2,1,0,0
26505,0.883500,0.250000,0.850000,0.250000,2,1,0,0
26510,0.883667,0.250000,0.850000,0.250000,2,1,0,0
26515,0.883833,0.250000,0.850000,0.250000,2,1,0,0
26520,0.884000,0.250000,0.850000,0.250000,2,1,0,0
26525,0.884167,0.250000,0.850000,0.250000,2,1,0,0
26530,0.884333,0.250000,0.850000,0.250000,2,1,0,0
26535,0.884500,0.250000,0.850000,0.250000,2,1,0,0
26540,0.884667,0.250000,0.850000,0.250000,2,1,0,0
26545,0.884833,0.250000,0.850000,0.250000,2,1,0,0
26550,0.885000,0.250000,0.850000,0.250000,2,1,0,0
26555,0.885167,0.250000,0.850000,0.250000,2,1,0,0
26560,0.885333,0.250000,0.850000,0.250000,2,1,0,0
26565,0.885500,0.250000,0.850000,0.250000,2,1,0,0
26570,0.885667,0.250000,0.850000,0.250000,2,1,0,0
26575,0.885833,0.250000,0.850000,0.250000,2,1,0,0
26580,0.886000,0.250000,0.850000,0.250000,2,1,0,0
26585,0.886167,0.250000,0.850000,0.250000,2,1,0,0
26590,0.886333,0.250000,0.850000,0.250000,2,1,0,0
26595,0.886500,0.250000,0.850000,0.250000,2,1,0,0
26600,0.886667,0.250000,0.850000,0.250000,2,1,0,0
26605,0.886833,0.250000,0.850000,0.250000,2,1,0,0
26610,0.887000,0.250000,0.850000,0.250000,2,1,0,0
26615,0.887167,0.250000,0.850000,0.250000,2,1,0,0
26620,0.887333,0.250000,0.850000,0.250000,2,1,0,0
26625,0.887500,0.250000,0.850000,0.250000,2,1,0,0
26630,0.887667,0.250000,0.850000,0.250000,2,1,0,0
26635,0.887833,0.250000,0.850000,0.250000,2,1,0,0
26640,0.888000,0.250000,0.850000,0.250000,2,1,0,0
26645,0.888167,0.250000,0.850000,0.250000,2,1,0,0
26650,0.888333,0.250000,0.850000,0.250000,2,1,0,0
26655,0.888500,0.250000,0.850000,0.250000,2,1,0,0
26660,0.888667,0.250000,0.850000,0.250000,2,1,0,0
26665,0.888833,0.250000,0.850000,0.250000,2,1,0,0
26670,0.889000,0.250000,0.850000,0.250000,2,1,0,0
26675,0.889167,0.250000,0.850000,0.250000,2,1,0,0
26680,0.889333,0.250000,0.850000,0.250000,2,1,0,0
26685,0.889500,0.250000,0.850000,0.250000,2,1,0,0
26690,0.889667,0.250000,0.850000,0.250000,2,1,0,0
26695,0.889833,0.250000,0.850000,0.250000,2,1,0,0
26700,0.890000,0.250000,0.850000,0.250000,2,1,0,0
26705,0.890167,0.250000,0.850000,0.250000,2,1,0,0
26710,0.890333,0.250000,0.850000,0.250000,2,1,0,0
26715,0.890500,0.250000,0.850000,0.250000,2,1,0,0
26720,0.890667,0.250000,0.850000,0.250000,2,1,0,0
26725,0.890833,0.250000,0.850000,0.250000,2,1,0,0
26730,0.891000,0.250000,0.850000,0.250000,2,1,0,0
26735,0.891167,0.250000,0.850000,0.250000,2,1,0,0
26740,0.891333,0.250000,0.850000,0.250000,2,1,0,0
26745,0.891500,0.250000,0.850000,0.250000,2,1,0,0
26750,0.891667,0.250000,0.850000,0.250000,2,1,0,0
26755,0.891833,0.250000,0.850000,0.250000,2,1,0,0
26760,0.892000,0.250000,0.850000,0.250000,2,1,0,0
26765,0.892167,0.250000,0.850000,0.250000,2,1,0,0
26770,0.892333,0.250000,0.850000,0.250000,2,1,0,0
26775,0.892500,0.250000,0.850000,0.250000,2,1,0,0
26780,0.892667,0.250000,0.850000,0.250000,2,1,0,0
26785,0.892833,0.250000,0.850000,0.250000,2,1,0,0
26790,0.893000,0.250000,0.850000,0.250000,2,1,0,0
26795,0.893167,0.250000,0.850000,0.250000,2,1,0,0
26800,0.893333,0.250000,0.850000,0.250000,2,2,0,0
26805,0.893500,0.250000,0.850000,0.250000,2,2,0,0
26810,0.893667,0.250000,0.850000,0.250000,2,2,0,0
26815,0.893833,0.250000,0.850000,0.250000,2,2,0,0
26820,0.894000,0.250000,0.850000,0.250000,2,2,0,0
26825,0.894167,0.250000,0.850000,0.250000,2,2,0,0
26830,0.894333,0.250000,0.850000,0.250000,2,2,0,0
26835,0.894500,0.250000,0.850000,0.250000,2,2,0,0
26840,0.894667,0.250000,0.850000,0.250000,2,2,0,0
26845,0.894833,0.250000,0.850000,0.250000,2,2,0,0
26850,0.895000,0.250000,0.850000,0.250000,2,2,0,0
26855,0.895167,0.250000,0.850000,0.250000,2,2,0,0
26860,0.895333,0.250000,0.850000,0.250000,2,2,0,0
26865,0.895500,0.250000,0.850000,0.250000,2,2,0,0
26870,0.895667,0.250000,0.850000,0.250000,2,2,0,0
26875,0.895833,0.250000,0.850000,0.250000,2,2,0,0
26880,0.896000,0.250000,0.850000,0.250000,2,2,0,0
26885,0.896167,0.250000,0.850000,0.250000,2,2,0,0
26890,0.896333,0.250000,0.850000,0.250000,2,2,0,0
26895,0.896500,0.250000,0.850000,0.250000,2,2,0,0
26900,0.896667,0.250000,0.850000,0.250000,2,2,0,0
26905,0.896833,0.250000,0.850000,0.250000,2,2,0,0
26910,0.897000,0.250000,0.850000,0.250000,2,2,0,0
26915,0.897167,0.250000,0.850000,0.250000,2,2,0,0
26920,0.897333,0.250000,0.850000,0.250000,2,2,0,0
26925,0.897500,0.250000,0.850000,0.250000,2,2,0,0
26930,0.897667,0.250000,0.850000,0.250000,2,2,0,0
26935,0.897833,0.250000,0.850000,0.250000,2,2,0,0
26940,0.898000,0.250000,0.850000,0.250000,2,2,0,0
26945,0.898167,0.250000,0.850000,0.250000,2,2,0,0
26950,0.898333,0.250000,0.850000,0.250000,2,2,0,0
26955,0.898500,0.250000,0.850000,0.250000,2,2,0,0
26960,0.898667,0.250000,0.850000,0.250000,2,2,0,0
26965,0.898833,0.250000,0.850000,0.250000,2,2,0,0
26970,0.899000,0.250000,0.850000,0.250000,2,2,0,0
26975,0.899167,0.250000,0.850000,0.250000,2,2,0,0
26980,0.899333,0.250000,0.850000,0.250000,2,2,0,0
26985,0.899500,0.250000,0.850000,0.250000,2,2,0,0
26990,0.899667,0.250000,0.850000,0.250000,2,2,0,0
26995,0.899833,0.250000,0.850000,0.250000,2,2,0,0
27000,0.900000,0.250000,0.850000,0.250000,2,2,0,0
27005,0.900167,0.250000,0.850000,0.250000,2,2,0,0
27010,0.900333,0.250000,0.850000,0.250000,2,2,0,0
27015,0.900500,0.250000,0.850000,0.250000,2,2,0,0
27020,0.900667,0.250000,0.850000,0.250000,2,2,0,0
27025,0.900833,0.250000,0.850000,0.250000,2,2,0,0
27030,0.901000,0.250000,0.850000,0.250000,2,2,0,0
27035,0.901167,0.250000,0.850000,0.250000,2,2,0,0
27040,0.901333,0.250000,0.850000,0.250000,2,2,0,0
27045,0.901500,0.250000,0.850000,0.250000,2,2,0,0
27050,0.901667,0.250000,0.850000,0.250000,2,2,0,0
27055,0.901833,0.250000,0.850000,0.250000,2,2,0,0
27060,0.902000,0.250000,0.850000,0.250000,2,2,0,0
27065,0.902167,0.250000,0.850000,0.250000,2,2,0,0
27070,0.902333,0.250000,0.850000,0.250000,2,2,0,0
27075,0.902500,0.250000,0.850000,0.250000,2,2,0,0
27080,0.902667,0.250000,0.850000,0.250000,2,2,0,0
27085,0.902833,0.250000,0.850000,0.250000,2,2,0,0
27090,0.903000,0.250000,0.850000,0.250000,2,2,0,0
27095,0.903167,0.250000,0.850000,0.250000,2,2,0,0
27100,0.903333,0.250000,0.850000,0.250000,2,2,0,0
27105,0.903500,0.250000,0.850000,0.250000,2,2,0,0
27110,0.903667,0.250000,0.850000,0.250000,2,2,0,0
27115,0.903833,0.250000,0.850000,0.250000,2,2,0,0
27120,0.904000,0.250000,0.850000,0.250000,2,2,0,0
27125,0.904167,0.250000,0.850000,0.250000,2,2,0,0
27130,0.904333,0.250000,0.850000,0.250000,2,2,0,0
27135,0.904500,0.250000,0.850000,0.250000,2,2,0,0
27140,0.904667,0.250000,0.850000,0.250000,2,2,0,0
27145,0.904833,0.250000,0.850000,0.250000,2,2,0,0
27150,0.905000,0.250000,0.850000,0.250000,2,2,0,0
27155,0.905167,0.250000,0.850000,0.250000,2,2,0,0
27160,0.905333,0.250000,0.850000,0.250000,2,2,0,0
27165,0.905500,0.250000,0.850000,0.250000,2,2,0,0
27170,0.905667,0.250000,0.850000,0.250000,2,2,0,0
27175,0.905833,0.250000,0.850000,0.250000,2,2,0,0
27180,0.906000,0.250000,0.850000,0.250000,2,2,0,0
27185,0.906167,0.250000,0.850000,0.250000,2,2,0,0
27190,0.906333,0.250000,0.850000,0.250000,2,2,0,0
27195,0.906500,0.250000,0.850000,0.250000,2,2,0,0
27200,0.906667,0.250000,0.850000,0.250000,2,2,0,0
27205,0.906833,0.250000,0.850000,0.250000,2,2,0,0
27210,0.907000,0.250000,0.850000,0.250000,2,2,0,0
27215,0.907167,0.250000,0.850000,0.250000,2,2,0,0
27220,0.907333,0.250000,0.850000,0.250000,2,2,0,0
27225,0.907500,0.250000,0.850000,0.250000,2,2,0,0
27230,0.907667,0.250000,0.850000,0.250000,2,2,0,0
27235,0.907833,0.250000,0.850000,0.250000,2,2,0,0
27240,0.908000,0.250000,0.850000,0.250000,2,2,0,0
27245,0.908167,0.250000,0.850000,0.250000,2,2,0,0
27250,0.908333,0.250000,0.850000,0.250000,2,2,0,0
27255,0.908500,0.250000,0.850000,0.250000,2,2,0,0
27260,0.908667,0.250000,0.850000,0.250000,2,2,0,0
27265,0.908833,0.250000,0.850000,0.250000,2,2,0,0
27270,0.909000,0.250000,0.850000,0.250000,2,2,0,0
27275,0.909167,0.250000,0.850000,0.250000,2,2,0,0
27280,0.909333,0.250000,0.850000,0.250000,2,2,0,0
27285,0.909500,0.250000,0.850000,0.250000,2,2,0,0
27290,0.909667,0.250000,0.850000,0.250000,2,2,0,0
27295,0.909833,0.250000,0.850000,0.250000,2,2,0,0
27300,0.910000,0.250000,0.850000,0.250000,2,2,0,0
27305,0.910167,0.250000,0.850000,0.250000,2,2,0,0
27310,0.910333,0.250000,0.850000,0.250000,2,2,0,0
27315,0.910500,0.250000,0.850000,0.250000,2,2,0,0
27320,0.910667,0.250000,0.850000,0.250000,2,2,0,0
27325,0.910833,0.250000,0.850000,0.250000,2,2,0,0
27330,0.911000,0.250000,0.850000,0.250000,2,2,0,0
27335,0.911167,0.250000,0.850000,0.250000,2,2,0,0
27340,0.911333,0.250000,0.850000,0.250000,2,2,0,0
27345,0.911500,0.250000,0.850000,0.250000,2,2,0,0
27350,0.911667,0.250000,0.850000,0.250000,2,2,0,0
27355,0.911833,0.250000,0.850000,0.250000,2,2,0,0
27360,0.912000,0.250000,0.850000,0.250000,2,2,0,0
27365,0.912167,0.250000,0.850000,0.250000,2,2,0,0
27370,0.912333,0.250000,0.850000,0.250000,2,2,0,0
27375,0.912500,0.250000,0.850000,0.250000,2,2,0,0
27380,0.912667,0.250000,0.850000,0.250000,2,2,0,0
27385,0.912833,0.250000,0.850000,0.250000,2,2,0,0
27390,0.913000,0.250000,0.850000,0.250000,2,2,0,0
27395,0.913167,0.250000,0.850000,0.250000,2,2,0,0
27400,0.913333,0.250000,0.850000,0.250000,2,2,0,0
27405,0.913500,0.250000,0.850000,0.250000,2,2,0,0
27410,0.913667,0.250000,0.850000,0.250000,2,2,0,0
27415,0.913833,0.250000,0.850000,0.250000,2,2,0,0
27420,0.914000,0.250000,0.850000,0.250000,2,2,0,0
27425,0.914167,0.250000,0.850000,0.250000,2,2,0,0
27430,0.914333,0.250000,0.850000,0.250000,2,2,0,0
27435,0.914500,0.250000,0.850000,0.250000,2,2,0,0
27440,0.914667,0.250000,0.850000,0.250000,2,2,0,0
27445,0.914833,0.250000,0.850000,0.250000,2,2,0,0
27450,0.915000,0.250000,0.850000,0.250000,2,2,0,0
27455,0.915167,0.250000,0.850000,0.250000,2,2,0,0
27460,0.915333,0.250000,0.850000,0.250000,2,2,0,0
27465,0.915500,0.250000,0.850000,0.250000,2,2,0,0
27470,0.915667,0.250000,0.850000,0.250000,2,2,0,0
27475,0.915833,0.250000,0.850000,0.250000,2,2,0,0
27480,0.916000,0.250000,0.850000,0.250000,2,2,0,0
27485,0.916167,0.250000,0.850000,0.250000,2,2,0,0
27490,0.916333,0.250000,0.850000,0.250000,2,2,0,0
27495,0.916500,0.250000,0.850000,0.250000,2,2,0,0
27500,0.916667,0.250000,0.850000,0.250000,2,2,0,0
27505,0.916833,0.250000,0.850000,0.250000,2,2,0,0
27510,0.917000,0.250000,0.850000,0.250000,2,2,0,0
27515,0.917167,0.250000,0.850000,0.250000,2,2,0,0
27520,0.917333,0.250000,0.850000,0.250000,2,2,0,0
27525,0.917500,0.250000,0.850000,0.250000,2,2,0,0
27530,0.917667,0.250000,0.850000,0.250000,2,2,0,0
27535,0.917833,0.250000,0.850000,0.250000,2,2,0,0
27540,0.918000,0.250000,0.850000,0.250000,2,2,0,0
27545,0.918167,0.250000,0.850000,0.250000,2,2,0,0
27550,0.918333,0.250000,0.850000,0.250000,2,2,0,0
27555,0.918500,0.250000,0.850000,0.250000,2,2,0,0
27560,0.918667,0.250000,0.850000,0.250000,2,2,0,0
27565,0.918833,0.250000,0.850000,0.250000,2,2,0,0
27570,0.919000,0.250000,0.850000,0.250000,2,2,0,0
27575,0.919167,0.250000,0.850000,0.250000,2,2,0,0
27580,0.919333,0.250000,0.850000,0.250000,2,2,0,0
27585,0.919500,0.250000,0.850000,0.250000,2,2,0,0
27590,0.919667,0.250000,0.850000,0.250000,2,2,0,0
27595,0.919833,0.250000,0.850000,0.250000,2,2,0,0
27600,0.920000,0.250000,0.850000,0.250000,2,2,0,0
27605,0.920167,0.250000,0.850000,0.250000,2,2,0,0
27610,0.920333,0.250000,0.850000,0.250000,2,2,0,0
27615,0.920500,0.250000,0.850000,0.250000,2,2,0,0
27620,0.920667,0.250000,0.850000,0.250000,2,2,0,0
27625,0.920833,0.250000,0.850000,0.250000,2,2,0,0
27630,0.921000,0.250000,0.850000,0.250000,2,2,0,0
27635,0.921167,0.250000,0.850000,0.250000,2,2,0,0
27640,0.921333,0.250000,0.850000,0.250000,2,2,0,0
27645,0.921500,0.250000,0.850000,0.250000,2,2,0,0
27650,0.921667,0.250000,0.850000,0.250000,2,2,0,0
27655,0.921833,0.250000,0.850000,0.250000,2,2,0,0
27660,0.922000,0.250000,0.850000,0.250000,2,2,0,0
27665,0.922167,0.250000,0.850000,0.250000,2,2,0,0
27670,0.922333,0.250000,0.850000,0.250000,2,2,0,0
27675,0.922500,0.250000,0.850000,0.250000,2,2,0,0
27680,0.922667,0.250000,0.850000,0.250000,2,2,0,0
27685,0.922833,0.250000,0.850000,0.250000,2,2,0,0
27690,0.923000,0.250000,0.850000,0.250000,2,2,0,0
27695,0.923167,0.250000,0.850000,0.250000,2,2,0,0
27700,0.923333,0.250000,0.850000,0.250000,2,2,0,0
27705,0.923500,0.250000,0.850000,0.250000,2,2,0,0
27710,0.923667,0.250000,0.850000,0.250000,2,2,0,0
27715,0.923833,0.250000,0.850000,0.250000,2,2,0,0
27720,0.924000,0.250000,0.850000,0.250000,2,2,0,0
27725,0.924167,0.250000,0.850000,0.250000,2,2,0,0
27730,0.924333,0.250000,0.850000,0.250000,2,2,0,0
27735,0.924500,0.250000,0.850000,0.250000,2,2,0,0
27740,0.924667,0.250000,0.850000,0.250000,2,2,0,0
27745,0.924833,0.250000,0.850000,0.250000,2,2,0,0
27750,0.925000,0.250000,0.850000,0.250000,2,2,0,0
27755,0.925167,0.250000,0.850000,0.250000,2,2,0,0
27760,0.925333,0.250000,0.850000,0.250000,2,2,0,0
27765,0.925500,0.250000,0.850000,0.250000,2,2,0,0
27770,0.925667,0.250000,0.850000,0.250000,2,2,0,0
27775,0.925833,0.250000,0.850000,0.250000,2,2,0,0
27780,0.926000,0.250000,0.850000,0.250000,2,2,0,0
27785,0.926167,0.250000,0.850000,0.250000,2,2,0,0
27790,0.926333,0.250000,0.850000,0.250000,2,2,0,0
27795,0.926500,0.250000,0.850000,0.250000,2,2,0,0
27800,0.926667,0.250000,0.850000,0.250000,2,2,0,0
27805,0.926833,0.250000,0.850000,0.250000,2,2,0,0
27810,0.927000,0.250000,0.850000,0.250000,2,2,0,0
27815,0.927167,0.250000,0.850000,0.250000,2,2,0,0
27820,0.927333,0.250000,0.850000,0.250000,2,2,0,0
27825,0.927500,0.250000,0.850000,0.250000,2,2,0,0
27830,0.927667,0.250000,0.850000,0.250000,2,2,0,0
27835,0.927833,0.250000,0.850000,0.250000,2,2,0,0
27840,0.928000,0.250000,0.850000,0.250000,2,2,0,0
27845,0.928167,0.250000,0.850000,0.250000,2,2,0,0
27850,0.928333,0.250000,0.850000,0.250000,2,2,0,0
27855,0.928500,0.250000,0.850000,0.250000,2,2,0,0
27860,0.928667,0.250000,0.850000,0.250000,2,2,0,0
27865,0.928833,0.250000,0.850000,0.250000,2,2,0,0
27870,0.929000,0.250000,0.850000,0.250000,2,2,0,0
27875,0.929167,0.250000,0.850000,0.250000,2,2,0,0
27880,0.929333,0.250000,0.850000,0.250000,2,2,0,0
27885,0.929500,0.250000,0.850000,0.250000,2,2,0,0
27890,0.929667,0.250000,0.850000,0.250000,2,2,0,0
27895,0.929833,0.250000,0.850000,0.250000,2,2,0,0
27900,0.930000,0.250000,0.850000,0.250000,2,2,0,0
27905,0.930167,0.250000,0.850000,0.250000,2,2,0,0
27910,0.930333,0.250000,0.850000,0.250000,2,2,0,0
27915,0.930500,0.250000,0.850000,0.250000,2,2,0,0
27920,0.930667,0.250000,0.850000,0.250000,2,2,0,0
27925,0.930833,0.250000,0.850000,0.250000,2,2,0,0
27930,0.931000,0.250000,0.850000,0.250000,2,2,0,0
27935,0.931167,0.250000,0.850000,0.250000,2,2,0,0
27940,0.931333,0.250000,0.850000,0.250000,2,2,0,0
27945,0.931500,0.250000,0.850000,0.250000,2,2,0,0
27950,0.931667,0.250000,0.850000,0.250000,2,2,0,0
27955,0.931833,0.250000,0.850000,0.250000,2,2,0,0
27960,0.932000,0.250000,0.850000,0.250000,2,2,0,0
27965,0.932167,0.250000,0.850000,0.250000,2,2,0,0
27970,0.932333,0.250000,0.850000,0.250000,2,2,0,0
27975,0.932500,0.250000,0.850000,0.250000,2,2,0,0
27980,0.932667,0.250000,0.850000,0.250000,2,2,0,0
27985,0.932833,0.250000,0.850000,0.250000,2,2,0,0
27990,0.933000,0.250000,0.850000,0.250000,2,2,0,0
27995,0.933167,0.250000,0.850000,0.250000,2,2,0,0
28000,0.513333,0.250000,0.513333,0.250000,2,2,0,0
28005,0.513425,0.250000,0.513425,0.250000,2,2,0,0
28010,0.513517,0.250000,0.513517,0.250000,2,2,0,0
28015,0.513608,0.250000,0.513608,0.250000,2,2,0,0
28020,0.513700,0.250000,0.513700,0.250000,2,2,0,0
28025,0.513792,0.250000,0.513792,0.250000,2,2,0,0
28030,0.513883,0.250000,0.513883,0.250000,2,2,0,0
28035,0.513975,0.250000,0.513975,0.250000,2,2,0,0
28040,0.514067,0.250000,0.514067,0.250000,2,2,0,0
28045,0.514158,0.250000,0.514158,0.250000,2,2,0,0
28050,0.514250,0.250000,0.514250,0.250000,2,2,0,0
28055,0.514342,0.250000,0.514342,0.250000,2,2,0,0
28060,0.514433,0.250000,0.514433,0.250000,2,2,0,0
28065,0.514525,0.250000,0.514525,0.250000,2,2,0,0
28070,0.514617,0.250000,0.514617,0.250000,2,2,0,0
28075,0.514708,0.250000,0.514708,0.250000,2,2,0,0
28080,0.514800,0.250000,0.514800,0.250000,2,2,0,0
28085,0.514892,0.250000,0.514892,0.250000,2,2,0,0
28090,0.514983,0.250000,0.514983,0.250000,2,2,0,0
28095,0.515075,0.250000,0.515075,0.250000,2,2,0,0
28100,0.515167,0.250000,0.515167,0.250000,2,2,0,0
28105,0.515258,0.250000,0.515258,0.250000,2,2,0,0
28110,0.515350,0.250000,0.515350,0.250000,2,2,0,0
28115,0.515442,0.250000,0.515442,0.250000,2,2,0,0
28120,0.515533,0.250000,0.515533,0.250000,2,2,0,0
28125,0.515625,0.250000,0.515625,0.250000,2,2,0,0
28130,0.515717,0.250000,0.515717,0.250000,2,2,0,0
28135,0.515808,0.250000,0.515808,0.250000,2,2,0,0
28140,0.515900,0.250000,0.515900,0.250000,2,2,0,0
28145,0.515992,0.250000,0.515992,0.250000,2,2,0,0
28150,0.516083,0.250000,0.516083,0.250000,2,2,0,0
28155,0.516175,0.250000,0.516175,0.250000,2,2,0,0
28160,0.516267,0.250000,0.516267,0.250000,2,2,0,0
28165,0.516358,0.250000,0.516358,0.250000,2,2,0,0
28170,0.516450,0.250000,0.516450,0.250000,2,2,0,0
28175,0.516542,0.250000,0.516542,0.250000,2,2,0,0
28180,0.516633,0.250000,0.516633,0.250000,2,2,0,0
28185,0.516725,0.250000,0.516725,0.250000,2,2,0,0
28190,0.516817,0.250000,0.516817,0.250000,2,2,0,0
28195,0.516908,0.250000,0.516908,0.250000,2,2,0,0
28200,0.517000,0.250000,0.517000,0.250000,2,2,0,0
28205,0.517092,0.250000,0.517092,0.250000,2,2,0,0
28210,0.517183,0.250000,0.517183,0.250000,2,2,0,0
28215,0.517275,0.250000,0.517275,0.250000,2,2,0,0
28220,0.517367,0.250000,0.517367,0.250000,2,2,0,0
28225,0.517458,0.250000,0.517458,0.250000,2,2,0,0
28230,0.517550,0.250000,0.517550,0.250000,2,2,0,0
28235,0.517642,0.250000,0.517642,0.250000,2,2,0,0
28240,0.517733,0.250000,0.517733,0.250000,2,2,0,0
28245,0.517825,0.250000,0.517825,0.250000,2,2,0,0
28250,0.517917,0.250000,0.517917,0.250000,2,2,0,0
28255,0.518008,0.250000,0.518008,0.250000,2,2,0,0
28260,0.518100,0.250000,0.518100,0.250000,2,2,0,0
28265,0.518192,0.250000,0.518192,0.250000,2,2,0,0
28270,0.518283,0.250000,0.518283,0.250000,2,2,0,0
28275,0.518375,0.250000,0.518375,0.250000,2,2,0,0
28280,0.518467,0.250000,0.518467,0.250000,2,2,0,0
28285,0.518558,0.250000,0.518558,0.250000,2,2,0,0
28290,0.518650,0.250000,0.518650,0.250000,2,2,0,0
28295,0.518742,0.250000,0.518742,0.250000,2,2,0,0
28300,0.518833,0.250000,0.518833,0.250000,2,2,0,0
28305,0.518925,0.250000,0.518925,0.250000,2,2,0,0
28310,0.519017,0.250000,0.519017,0.250000,2,2,0,0
28315,0.519108,0.250000,0.519108,0.250000,2,2,0,0
28320,0.519200,0.250000,0.519200,0.250000,2,2,0,0
28325,0.519292,0.250000,0.519292,0.250000,2,2,0,0
28330,0.519383,0.250000,0.519383,0.250000,2,2,0,0
28335,0.519475,0.250000,0.519475,0.250000,2,2,0,0
28340,0.519567,0.250000,0.519567,0.250000,2,2,0,0
28345,0.519658,0.250000,0.519658,0.250000,2,2,0,0
28350,0.519750,0.250000,0.519750,0.250000,2,2,0,0
28355,0.519842,0.250000,0.519842,0.250000,2,2,0,0
28360,0.519933,0.250000,0.519933,0.250000,2,2,0,0
28365,0.520025,0.250000,0.520025,0.250000,2,2,0,0
28370,0.520117,0.250000,0.520117,0.250000,2,2,0,0
28375,0.520208,0.250000,0.520208,0.250000,2,2,0,0
28380,0.520300,0.250000,0.520300,0.250000,2,2,0,0
28385,0.520392,0.250000,0.520392,0.250000,2,2,0,0
28390,0.520483,0.250000,0.520483,0.250000,2,2,0,0
28395,0.520575,0.250000,0.520575,0.250000,2,2,0,0
28400,0.520667,0.250000,0.520667,0.250000,2,2,0,0
28405,0.520758,0.250000,0.520758,0.250000,2,2,0,0
28410,0.520850,0.250000,0.520850,0.250000,2,2,0,0
28415,0.520942,0.250000,0.520942,0.250000,2,2,0,0
28420,0.521033,0.250000,0.521033,0.250000,2,2,0,0
28425,0.521125,0.250000,0.521125,0.250000,2,2,0,0
28430,0.521217,0.250000,0.521217,0.250000,2,2,0,0
28435,0.521308,0.250000,0.521308,0.250000,2,2,0,0
28440,0.521400,0.250000,0.521400,0.250000,2,2,0,0
28445,0.521492,0.250000,0.521492,0.250000,2,2,0,0
28450,0.521583,0.250000,0.521583,0.250000,2,2,0,0
28455,0.521675,0.250000,0.521675,0.250000,2,2,0,0
28460,0.521767,0.250000,0.521767,0.250000,2,2,0,0
28465,0.521858,0.250000,0.521858,0.250000,2,2,0,0
28470,0.521950,0.250000,0.521950,0.250000,2,2,0,0
28475,0.522042,0.250000,0.522042,0.250000,2,2,0,0
28480,0.522133,0.250000,0.522133,0.250000,2,2,0,0
28485,0.522225,0.250000,0.522225,0.250000,2,2,0,0
28490,0.522317,0.250000,0.522317,0.250000,2,2,0,0
28495,0.522408,0.250000,0.522408,0.250000,2,2,0,0
28500,0.522500,0.250000,0.522500,0.250000,2,2,0,0
28505,0.522592,0.250000,0.522592,0.250000,2,2,0,0
28510,0.522683,0.250000,0.522683,0.250000,2,2,0,0
28515,0.522775,0.250000,0.522775,0.250000,2,2,0,0
28520,0.522867,0.250000,0.522867,0.250000,2,2,0,0
28525,0.522958,0.250000,0.522958,0.250000,2,2,0,0
28530,0.523050,0.250000,0.523050,0.250000,2,2,0,0
28535,0.523142,0.250000,0.523142,0.250000,2,2,0,0
28540,0.523233,0.250000,0.523233,0.250000,2,2,0,0
28545,0.523325,0.250000,0.523325,0.250000,2,2,0,0
28550,0.523417,0.250000,0.523417,0.250000,2,2,0,0
28555,0.523508,0.250000,0.523508,0.250000,2,2,0,0
28560,0.523600,0.250000,0.523600,0.250000,2,2,0,0
28565,0.523692,0.250000,0.523692,0.250000,2,2,0,0
28570,0.523783,0.250000,0.523783,0.250000,2,2,0,0
28575,0.523875,0.250000,0.523875,0.250000,2,2,0,0
28580,0.523967,0.250000,0.523967,0.250000,2,2,0,0
28585,0.524058,0.250000,0.524058,0.250000,2,2,0,0
28590,0.524150,0.250000,0.524150,0.250000,2,2,0,0
28595,0.524242,0.250000,0.524242,0.250000,2,2,0,0
28600,0.524333,0.250000,0.524333,0.250000,2,2,0,0
28605,0.524425,0.250000,0.524425,0.250000,2,2,0,0
28610,0.524517,0.250000,0.524517,0.250000,2,2,0,0
28615,0.524608,0.250000,0.524608,0.250000,2,2,0,0
28620,0.524700,0.250000,0.524700,0.250000,2,2,0,0
28625,0.524792,0.250000,0.524792,0.250000,2,2,0,0
28630,0.524883,0.250000,0.524883,0.250000,2,2,0,0
28635,0.524975,0.250000,0.524975,0.250000,2,2,0,0
28640,0.525067,0.250000,0.525067,0.250000,2,2,0,0
28645,0.525158,0.250000,0.525158,0.250000,2,2,0,0
28650,0.525250,0.250000,0.525250,0.250000,2,2,0,0
28655,0.525342,0.250000,0.525342,0.250000,2,2,0,0
28660,0.525433,0.250000,0.525433,0.250000,2,2,0,0
28665,0.525525,0.250000,0.525525,0.250000,2,2,0,0
28670,0.525617,0.250000,0.525617,0.250000,2,2,0,0
28675,0.525708,0.250000,0.525708,0.250000,2,2,0,0
28680,0.525800,0.250000,0.525800,0.250000,2,2,0,0
28685,0.525892,0.250000,0.525892,0.250000,2,2,0,0
28690,0.525983,0.250000,0.525983,0.250000,2,2,0,0
28695,0.526075,0.250000,0.526075,0.250000,2,2,0,0
28700,0.526167,0.250000,0.526167,0.250000,2,2,0,0
28705,0.526258,0.250000,0.526258,0.250000,2,2,0,0
28710,0.526350,0.250000,0.526350,0.250000,2,2,0,0
28715,0.526442,0.250000,0.526442,0.250000,2,2,0,0
28720,0.526533,0.250000,0.526533,0.250000,2,2,0,0
28725,0.526625,0.250000,0.526625,0.250000,2,2,0,0
28730,0.526717,0.250000,0.526717,0.250000,2,2,0,0
28735,0.526808,0.250000,0.526808,0.250000,2,2,0,0
28740,0.526900,0.250000,0.526900,0.250000,2,2,0,0
28745,0.526992,0.250000,0.526992,0.250000,2,2,0,0
28750,0.527083,0.250000,0.527083,0.250000,2,2,0,0
28755,0.527175,0.250000,0.527175,0.250000,2,2,0,0
28760,0.527267,0.250000,0.527267,0.250000,2,2,0,0
28765,0.527358,0.250000,0.527358,0.250000,2,2,0,0
28770,0.527450,0.250000,0.527450,0.250000,2,2,0,0
28775,0.527542,0.250000,0.527542,0.250000,2,2,0,0
28780,0.527633,0.250000,0.527633,0.250000,2,2,0,0
28785,0.527725,0.250000,0.527725,0.250000,2,2,0,0
28790,0.527817,0.250000,0.527817,0.250000,2,2,0,0
28795,0.527908,0.250000,0.527908,0.250000,2,2,0,0
28800,0.960000,0.250000,0.850000,0.250000,2,2,0,0
28805,0.960167,0.250000,0.850000,0.250000,2,2,0,0
28810,0.960333,0.250000,0.850000,0.250000,2,2,0,0
28815,0.960500,0.250000,0.850000,0.250000,2,2,0,0
28820,0.960667,0.250000,0.850000,0.250000,2,2,0,0
28825,0.960833,0.250000,0.850000,0.250000,2,2,0,0
28830,0.961000,0.250000,0.850000,0.250000,2,2,0,0
28835,0.961167,0.250000,0.850000,0.250000,2,2,0,0
28840,0.961333,0.250000,0.850000,0.250000,2,2,0,0
28845,0.961500,0.250000,0.850000,0.250000,2,2,0,0
28850,0.961667,0.250000,0.850000,0.250000,2,2,0,0
28855,0.961833,0.250000,0.850000,0.250000,2,2,0,0
28860,0.962000,0.250000,0.850000,0.250000,2,2,0,0
28865,0.962167,0.250000,0.850000,0.250000,2,2,0,0
28870,0.962333,0.250000,0.850000,0.250000,2,2,0,0
28875,0.962500,0.250000,0.850000,0.250000,2,2,0,0
28880,0.962667,0.250000,0.850000,0.250000,2,2,0,0
28885,0.962833,0.250000,0.850000,0.250000,2,2,0,0
28890,0.963000,0.250000,0.850000,0.250000,2,2,0,0
28895,0.963167,0.250000,0.850000,0.250000,2,2,0,0
28900,0.963333,0.250000,0.850000,0.250000,2,2,0,0
28905,0.963500,0.250000,0.850000,0.250000,2,2,0,0
28910,0.963667,0.250000,0.850000,0.250000,2,2,0,0
28915,0.963833,0.250000,0.850000,0.250000,2,2,0,0
28920,0.964000,0.250000,0.850000,0.250000,2,2,0,0
28925,0.964167,0.250000,0.850000,0.250000,2,2,0,0
28930,0.964333,0.250000,0.850000,0.250000,2,2,0,0
28935,0.964500,0.250000,0.850000,0.250000,2,2,0,0
28940,0.964667,0.250000,0.850000,0.250000,2,2,0,0
28945,0.964833,0.250000,0.850000,0.250000,2,2,0,0
28950,0.965000,0.250000,0.850000,0.250000,2,2,0,0
28955,0.965167,0.250000,0.850000,0.250000,2,2,0,0
28960,0.965333,0.250000,0.850000,0.250000,2,2,0,0
28965,0.965500,0.250000,0.850000,0.250000,2,2,0,0
28970,0.965667,0.250000,0.850000,0.250000,2,2,0,0
28975,0.965833,0.250000,0.850000,0.250000,2,2,0,0
28980,0.966000,0.250000,0.850000,0.250000,2,2,0,0
28985,0.966167,0.250000,0.850000,0.250000,2,2,0,0
28990,0.966333,0.250000,0.850000,0.250000,2,2,0,0
28995,0.966500,0.250000,0.850000,0.250000,2,2,0,0
29000,0.966667,0.250000,0.850000,0.250000,2,2,0,0
29005,0.966833,0.250000,0.850000,0.250000,2,2,0,0
29010,0.967000,0.250000,0.850000,0.250000,2,2,0,0
29015,0.967167,0.250000,0.850000,0.250000,2,2,0,0
29020,0.967333,0.250000,0.850000,0.250000,2,2,0,0
29025,0.967500,0.250000,0.850000,0.250000,2,2,0,0
29030,0.967667,0.250000,0.850000,0.250000,2,2,0,0
29035,0.967833,0.250000,0.850000,0.250000,2,2,0,0
29040,0.968000,0.250000,0.850000,0.250000,2,2,0,0
29045,0.968167,0.250000,0.850000,0.250000,2,2,0,0
29050,0.968333,0.250000,0.850000,0.250000,2,2,0,0
29055,0.968500,0.250000,0.850000,0.250000,2,2,0,0
29060,0.968667,0.250000,0.850000,0.250000,2,2,0,0
29065,0.968833,0.250000,0.850000,0.250000,2,2,0,0
29070,0.969000,0.250000,0.850000,0.250000,2,2,0,0
29075,0.969167,0.250000,0.850000,0.250000,2,2,0,0
29080,0.969333,0.250000,0.850000,0.250000,2,2,0,0
29085,0.969500,0.250000,0.850000,0.250000,2,2,0,0
29090,0.969667,0.250000,0.850000,0.250000,2,2,0,0
29095,0.969833,0.250000,0.850000,0.250000,2,2,0,0
29100,0.970000,0.250000,0.850000,0.250000,2,2,0,0
29105,0.970167,0.250000,0.850000,0.250000,2,2,0,0
29110,0.970333,0.250000,0.850000,0.250000,2,2,0,0
29115,0.970500,0.250000,0.850000,0.250000,2,2,0,0
29120,0.970667,0.250000,0.850000,0.250000,2,2,0,0
29125,0.970833,0.250000,0.850000,0.250000,2,2,0,0
29130,0.971000,0.250000,0.850000,0.250000,2,2,0,0
29135,0.971167,0.250000,0.850000,0.250000,2,2,0,0
29140,0.971333,0.250000,0.850000,0.250000,2,2,0,0
29145,0.971500,0.250000,0.850000,0.250000,2,2,0,0
29150,0.971667,0.250000,0.850000,0.250000,2,2,0,0
29155,0.971833,0.250000,0.850000,0.250000,2,2,0,0
29160,0.972000,0.250000,0.850000,0.250000,2,2,0,0
29165,0.972167,0.250000,0.850000,0.250000,2,2,0,0
29170,0.972333,0.250000,0.850000,0.250000,2,2,0,0
29175,0.972500,0.250000,0.850000,0.250000,2,2,0,0
29180,0.972667,0.250000,0.850000,0.250000,2,2,0,0
29185,0.972833,0.250000,0.850000,0.250000,2,2,0,0
29190,0.973000,0.250000,0.850000,0.250000,2,2,0,0
29195,0.973167,0.250000,0.850000,0.250000,2,2,0,0
29200,0.973333,0.250000,0.850000,0.250000,2,2,0,0
29205,0.973500,0.250000,0.850000,0.250000,2,2,0,0
29210,0.973667,0.250000,0.850000,0.250000,2,2,0,0
29215,0.973833,0.250000,0.850000,0.250000,2,2,0,0
29220,0.974000,0.250000,0.850000,0.250000,2,2,0,0
29225,0.974167,0.250000,0.850000,0.250000,2,2,0,0
29230,0.974333,0.250000,0.850000,0.250000,2,2,0,0
29235,0.974500,0.250000,0.850000,0.250000,2,2,0,0
29240,0.974667,0.250000,0.850000,0.250000,2,2,0,0
29245,0.974833,0.250000,0.850000,0.250000,2,2,0,0
29250,0.975000,0.250000,0.850000,0.250000,2,2,0,0
29255,0.975167,0.250000,0.850000,0.250000,2,2,0,0
29260,0.975333,0.250000,0.850000,0.250000,2,2,0,0
29265,0.975500,0.250000,0.850000,0.250000,2,2,0,0
29270,0.975667,0.250000,0.850000,0.250000,2,2,0,0
29275,0.975833,0.250000,0.850000,0.250000,2,2,0,0
29280,0.976000,0.250000,0.850000,0.250000,2,2,0,0
29285,0.976167,0.250000,0.850000,0.250000,2,2,0,0
29290,0.976333,0.250000,0.850000,0.250000,2,2,0,0
29295,0.976500,0.250000,0.850000,0.250000,2,2,0,0
29300,0.976667,0.250000,0.850000,0.250000,2,2,0,0
29305,0.976833,0.250000,0.850000,0.250000,2,2,0,0
29310,0.977000,0.250000,0.850000,0.250000,2,2,0,0
29315,0.977167,0.250000,0.850000,0.250000,2,2,0,0
29320,0.977333,0.250000,0.850000,0.250000,2,2,0,0
29325,0.977500,0.250000,0.850000,0.250000,2,2,0,0
29330,0.977667,0.250000,0.850000,0.250000,2,2,0,0
29335,0.977833,0.250000,0.850000,0.250000,2,2,0,0
29340,0.978000,0.250000,0.850000,0.250000,2,2,0,0
29345,0.978167,0.250000,0.850000,0.250000,2,2,0,0
29350,0.978333,0.250000,0.850000,0.250000,2,2,0,0
29355,0.978500,0.250000,0.850000,0.250000,2,2,0,0
29360,0.978667,0.250000,0.850000,0.250000,2,2,0,0
29365,0.978833,0.250000,0.850000,0.250000,2,2,0,0
29370,0.979000,0.250000,0.850000,0.250000,2,2,0,0
29375,0.979167,0.250000,0.850000,0.250000,2,2,0,0
29380,0.979333,0.250000,0.850000,0.250000,2,2,0,0
29385,0.979500,0.250000,0.850000,0.250000,2,2,0,0
29390,0.979667,0.250000,0.850000,0.250000,2,2,0,0
29395,0.979833,0.250000,0.850000,0.250000,2,2,0,0
29400,0.980000,0.250000,0.850000,0.250000,2,2,0,0
29405,0.980167,0.250000,0.850000,0.250000,2,2,0,0
29410,0.980333,0.250000,0.850000,0.250000,2,2,0,0
29415,0.980500,0.250000,0.850000,0.250000,2,2,0,0
29420,0.980667,0.250000,0.850000,0.250000,2,2,0,0
29425,0.980833,0.250000,0.850000,0.250000,2,2,0,0
29430,0.981000,0.250000,0.850000,0.250000,2,2,0,0
29435,0.981167,0.250000,0.850000,0.250000,2,2,0,0
29440,0.981333,0.250000,0.850000,0.250000,2,2,0,0
29445,0.981500,0.250000,0.850000,0.250000,2,2,0,0
29450,0.981667,0.250000,0.850000,0.250000,2,2,0,0
29455,0.981833,0.250000,0.850000,0.250000,2,2,0,0
29460,0.982000,0.250000,0.850000,0.250000,2,2,0,0
29465,0.982167,0.250000,0.850000,0.250000,2,2,0,0
29470,0.982333,0.250000,0.850000,0.250000,2,2,0,0
29475,0.982500,0.250000,0.850000,0.250000,2,2,0,0
29480,0.982667,0.250000,0.850000,0.250000,2,2,0,0
29485,0.982833,0.250000,0.850000,0.250000,2,2,0,0
29490,0.983000,0.250000,0.850000,0.250000,2,2,0,0
29495,0.983167,0.250000,0.850000,0.250000,2,2,0,0
29500,0.983333,0.250000,0.850000,0.250000,2,2,0,0
29505,0.983500,0.250000,0.850000,0.250000,2,2,0,0
29510,0.983667,0.250000,0.850000,0.250000,2,2,0,0
29515,0.983833,0.250000,0.850000,0.250000,2,2,0,0
29520,0.984000,0.250000,0.850000,0.250000,2,2,0,0
29525,0.984167,0.250000,0.850000,0.250000,2,2,0,0
29530,0.984333,0.250000,0.850000,0.250000,2,2,0,0
29535,0.984500,0.250000,0.850000,0.250000,2,2,0,0
29540,0.984667,0.250000,0.850000,0.250000,2,2,0,0
29545,0.984833,0.250000,0.850000,0.250000,2,2,0,0
29550,0.985000,0.250000,0.850000,0.250000,2,2,0,0
29555,0.985167,0.250000,0.850000,0.250000,2,2,0,0
29560,0.985333,0.250000,0.850000,0.250000,2,2,0,0
29565,0.985500,0.250000,0.850000,0.250000,2,2,0,0
29570,0.985667,0.250000,0.850000,0.250000,2,2,0,0
29575,0.985833,0.250000,0.850000,0.250000,2,2,0,0
29580,0.986000,0.250000,0.850000,0.250000,2,2,0,0
29585,0.986167,0.250000,0.850000,0.250000,2,2,0,0
29590,0.986333,0.250000,0.850000,0.250000,2,2,0,0
29595,0.986500,0.250000,0.850000,0.250000,2,2,0,0
29600,0.986667,0.250000,0.850000,0.250000,2,2,0,0
29605,0.986833,0.250000,0.850000,0.250000,2,2,0,0
29610,0.987000,0.250000,0.850000,0.250000,2,2,0,0
29615,0.987167,0.250000,0.850000,0.250000,2,2,0,0
29620,0.987333,0.250000,0.850000,0.250000,2,2,0,0
29625,0.987500,0.250000,0.850000,0.250000,2,2,0,0
29630,0.987667,0.250000,0.850000,0.250000,2,2,0,0
29635,0.987833,0.250000,0.850000,0.250000,2,2,0,0
29640,0.988000,0.250000,0.850000,0.250000,2,2,0,0
29645,0.988167,0.250000,0.850000,0.250000,2,2,0,0
29650,0.988333,0.250000,0.850000,0.250000,2,2,0,0
29655,0.988500,0.250000,0.850000,0.250000,2,2,0,0
29660,0.988667,0.250000,0.850000,0.250000,2,2,0,0
29665,0.988833,0.250000,0.850000,0.250000,2,2,0,0
29670,0.989000,0.250000,0.850000,0.250000,2,2,0,0
29675,0.989167,0.250000,0.850000,0.250000,2,2,0,0
29680,0.989333,0.250000,0.850000,0.250000,2,2,0,0
29685,0.989500,0.250000,0.850000,0.250000,2,2,0,0
29690,0.989667,0.250000,0.850000,0.250000,2,2,0,0
29695,0.989833,0.250000,0.850000,0.250000,2,2,0,0
29700,0.990000,0.250000,0.850000,0.250000,2,2,0,0
29705,0.990167,0.250000,0.850000,0.250000,2,2,0,0
29710,0.990333,0.250000,0.850000,0.250000,2,2,0,0
29715,0.990500,0.250000,0.850000,0.250000,2,2,0,0
29720,0.990667,0.250000,0.850000,0.250000,2,2,0,0
29725,0.990833,0.250000,0.850000,0.250000,2,2,0,0
29730,0.991000,0.250000,0.850000,0.250000,2,2,0,0
29735,0.991167,0.250000,0.850000,0.250000,2,2,0,0
29740,0.991333,0.250000,0.850000,0.250000,2,2,0,0
29745,0.991500,0.250000,0.850000,0.250000,2,2,0,0
29750,0.991667,0.250000,0.850000,0.250000,2,2,0,0
29755,0.991833,0.250000,0.850000,0.250000,2,2,0,0
29760,0.992000,0.250000,0.850000,0.250000,2,2,0,0
29765,0.992167,0.250000,0.850000,0.250000,2,2,0,0
29770,0.992333,0.250000,0.850000,0.250000,2,2,0,0
29775,0.992500,0.250000,0.850000,0.250000,2,2,0,0
29780,0.992667,0.250000,0.850000,0.250000,2,2,0,0
29785,0.992833,0.250000,0.850000,0.250000,2,2,0,0
29790,0.993000,0.250000,0.850000,0.250000,2,2,0,0
29795,0.993167,0.250000,0.850000,0.250000,2,2,0,0
29800,0.993333,0.250000,0.850000,0.250000,2,2,0,0
29805,0.993500,0.250000,0.850000,0.250000,2,2,0,0
29810,0.993667,0.250000,0.850000,0.250000,2,2,0,0
29815,0.993833,0.250000,0.850000,0.250000,2,2,0,0
29820,0.994000,0.250000,0.850000,0.250000,2,2,0,0
29825,0.994167,0.250000,0.850000,0.250000,2,2,0,0
29830,0.994333,0.250000,0.850000,0.250000,2,2,0,0
29835,0.994500,0.250000,0.850000,0.250000,2,2,0,0
29840,0.994667,0.250000,0.850000,0.250000,2,2,0,0
29845,0.994833,0.250000,0.850000,0.250000,2,2,0,0
29850,0.995000,0.250000,0.850000,0.250000,2,2,0,0
29855,0.995167,0.250000,0.850000,0.250000,2,2,0,0
29860,0.995333,0.250000,0.850000,0.250000,2,2,0,0
29865,0.995500,0.250000,0.850000,0.250000,2,2,0,0
29870,0.995667,0.250000,0.850000,0.250000,2,2,0,0
29875,0.995833,0.250000,0.850000,0.250000,2,2,0,0
29880,0.996000,0.250000,0.850000,0.250000,2,2,0,0
29885,0.996167,0.250000,0.850000,0.250000,2,2,0,0
29890,0.996333,0.250000,0.850000,0.250000,2,2,0,0
29895,0.996500,0.250000,0.850000,0.250000,2,2,0,0
29900,0.996667,0.250000,0.850000,0.250000,2,2,0,0
29905,0.996833,0.250000,0.850000,0.250000,2,2,0,0
29910,0.997000,0.250000,0.850000,0.250000,2,2,0,0
29915,0.997167,0.250000,0.850000,0.250000,2,2,0,0
29920,0.997333,0.250000,0.850000,0.250000,2,2,0,0
29925,0.997500,0.250000,0.850000,0.250000,2,2,0,0
29930,0.997667,0.250000,0.850000,0.250000,2,2,0,0
29935,0.997833,0.250000,0.850000,0.250000,2,2,0,0
29940,0.998000,0.250000,0.850000,0.250000,2,2,0,0
29945,0.998167,0.250000,0.850000,0.250000,2,2,0,0
29950,0.998333,0.250000,0.850000,0.250000,2,2,0,0
29955,0.998500,0.250000,0.850000,0.250000,2,2,0,0
29960,0.998667,0.250000,0.850000,0.250000,2,2,0,0
29965,0.998833,0.250000,0.850000,0.250000,2,2,0,0
29970,0.999000,0.250000,0.850000,0.250000,2,2,0,0
29975,0.999167,0.250000,0.850000,0.250000,2,2,0,0
29980,0.999333,0.250000,0.850000,0.250000,2,2,0,0
29985,0.999500,0.250000,0.850000,0.250000,2,2,0,0
29990,0.999667,0.250000,0.850000,0.250000,2,2,0,0
29995,0.999833,0.250000,0.850000,0.250000,2,2,0,0
30000,1.000000,0.800000,0.850000,0.800000,2,2,0,0
30005,1.000000,0.800000,0.850000,0.800000,2,2,0,0
30010,1.000000,0.800000,0.850000,0.800000,2,2,0,0
30015,1.000000,0.800000,0.850000,0.800000,2,2,0,0
30020,1.000000,0.800000,0.850000,0.800000,2,2,0,0
30025,1.000000,0.800000,0.850000,0.800000,2,2,0,0
30030,1.000000,0.800000,0.850000,0.800000,2,2,0,0
30035,1.000000,0.800000,0.850000,0.800000,2,2,0,0
30040,1.000000,0.800000,0.850000,0.800000,2,2,0,0
30045,1.000000,0.800000,0.850000,0.800000,2,2,0,0
30050,1.000000,0.800000,0.850000,0.800000,2,2,0,0
30055,1.000000,0.800000,0.850000,0.800000,2,2,0,0
30060,1.000000,0.800000,0.850000,0.800000,2,2,0,0
30065,1.000000,0.800000,0.850000,0.800000,2,2,0,0
30070,1.000000,0.800000,0.850000,0.800000,2,2,0,0
30075,1.000000,0.800000,0.850000,0.800000,2,2,0,0
30080,1.000000,0.800000,0.850000,0.800000,2,2,0,0
30085,1.000000,0.800000,0.850000,0.800000,2,2,0,0
30090,1.000000,0.800000,0.850000,0.800000,2,2,0,0
30095,1.000000,0.800000,0.850000,0.800000,2,2,0,0
30100,1.000000,0.800000,0.850000,0.800000,2,2,0,0
30105,1.000000,0.800000,0.850000,0.800000,2,2,0,0
30110,1.000000,0.800000,0.850000,0.800000,2,2,0,0
30115,1.000000,0.800000,0.850000,0.800000,2,2,0,0
30120,1.000000,0.800000,0.850000,0.800000,2,2,0,0
30125,1.000000,0.800000,0.850000,0.800000,2,2,0,0
30130,1.000000,0.800000,0.850000,0.800000,2,2,0,0
30135,1.000000,0.800000,0.850000,0.800000,2,2,0,0
30140,1.000000,0.800000,0.850000,0.800000,2,2,0,0
30145,1.000000,0.800000,0.850000,0.800000,2,2,0,0
30150,1.000000,0.800000,0.850000,0.800000,2,2,0,0
30155,1.000000,0.800000,0.850000,0.800000,2,2,0,0
30160,1.000000,0.800000,0.850000,0.800000,2,2,0,0
30165,1.000000,0.800000,0.850000,0.800000,2,2,0,0
30170,1.000000,0.800000,0.850000,0.800000,2,2,0,0
30175,1.000000,0.800000,0.850000,0.800000,2,2,0,0
30180,1.000000,0.800000,0.850000,0.800000,2,2,0,0
30185,1.000000,0.800000,0.850000,0.800000,2,2,0,0
30190,1.000000,0.800000,0.850000,0.800000,2,2,0,0
30195,1.000000,0.800000,0.850000,0.800000,2,2,0,0
30200,1.000000,0.800000,0.850000,0.800000,2,2,0,0
30205,1.000000,0.800000,0.850000,0.800000,2,2,0,0
30210,1.000000,0.800000,0.850000,0.800000,2,2,0,0
30215,1.000000,0.800000,0.850000,0.800000,2,2,0,0
30220,1.000000,0.800000,0.850000,0.800000,2,2,0,0
30225,1.000000,0.800000,0.850000,0.800000,2,2,0,0
30230,1.000000,0.800000,0.850000,0.800000,2,2,0,0
30235,1.000000,0.800000,0.850000,0.800000,2,2,0,0
30240,1.000000,0.800000,0.850000,0.800000,2,2,0,0
30245,1.000000,0.800000,0.850000,0.800000,2,2,0,0
30250,1.000000,0.800000,0.850000,0.800000,2,2,0,0
30255,1.000000,0.800000,0.850000,0.800000,2,2,0,0
30260,1.000000,0.800000,0.850000,0.800000,2,2,0,0
30265,1.000000,0.800000,0.850000,0.800000,2,2,0,0
30270,1.000000,0.800000,0.850000,0.800000,2,2,0,0
30275,1.000000,0.800000,0.850000,0.800000,2,2,0,0
30280,1.000000,0.800000,0.850000,0.800000,2,2,0,0
30285,1.000000,0.800000,0.850000,0.800000,2,2,0,0
30290,1.000000,0.800000,0.850000,0.800000,2,2,0,0
30295,1.000000,0.800000,0.850000,0.800000,2,2,0,0
30300,1.000000,0.800000,0.850000,0.800000,2,2,0,0
30305,1.000000,0.800000,0.850000,0.800000,2,2,0,0
30310,1.000000,0.800000,0.850000,0.800000,2,2,0,0
30315,1.000000,0.800000,0.850000,0.800000,2,2,0,0
30320,1.000000,0.800000,0.850000,0.800000,2,2,0,0
30325,1.000000,0.800000,0.850000,0.800000,2,2,0,0
30330,1.000000,0.800000,0.850000,0.800000,2,2,0,0
30335,1.000000,0.800000,0.850000,0.800000,2,2,0,0
30340,1.000000,0.800000,0.850000,0.800000,2,2,0,0
30345,1.000000,0.800000,0.850000,0.800000,2,2,0,0
30350,1.000000,0.800000,0.850000,0.800000,2,2,0,0
30355,1.000000,0.800000,0.850000,0.800000,2,2,0,0
30360,1.000000,0.800000,0.850000,0.800000,2,2,0,0
30365,1.000000,0.800000,0.850000,0.800000,2,2,0,0
30370,1.000000,0.800000,0.850000,0.800000,2,2,0,0
30375,1.000000,0.800000,0.850000,0.800000,2,2,0,0
30380,1.000000,0.800000,0.850000,0.800000,2,2,0,0
30385,1.000000,0.800000,0.850000,0.800000,2,2,0,0
30390,1.000000,0.800000,0.850000,0.800000,2,2,0,0
30395,1.000000,0.800000,0.850000,0.800000,2,2,0,0
30400,1.000000,0.800000,0.850000,0.800000,2,2,0,0
30405,1.000000,0.800000,0.850000,0.800000,2,2,0,0
30410,1.000000,0.800000,0.850000,0.800000,2,2,0,0
30415,1.000000,0.800000,0.850000,0.800000,2,2,0,0
30420,1.000000,0.800000,0.850000,0.800000,2,2,0,0
30425,1.000000,0.800000,0.850000,0.800000,2,2,0,0
30430,1.000000,0.800000,0.850000,0.800000,2,2,0,0
30435,1.000000,0.800000,0.850000,0.800000,2,2,0,0
30440,1.000000,0.800000,0.850000,0.800000,2,2,0,0
30445,1.000000,0.800000,0.850000,0.800000,2,2,0,0
30450,1.000000,0.800000,0.850000,0.800000,2,2,0,0
30455,1.000000,0.800000,0.850000,0.800000,2,2,0,0
30460,1.000000,0.800000,0.850000,0.800000,2,2,0,0
30465,1.000000,0.800000,0.850000,0.800000,2,2,0,0
30470,1.000000,0.800000,0.850000,0.800000,2,2,0,0
30475,1.000000,0.800000,0.850000,0.800000,2,2,0,0
30480,1.000000,0.800000,0.850000,0.800000,2,2,0,0
30485,1.000000,0.800000,0.850000,0.800000,2,2,0,0
30490,1.000000,0.800000,0.850000,0.800000,2,2,0,0
30495,1.000000,0.800000,0.850000,0.800000,2,2,0,0
30500,1.000000,0.800000,0.850000,0.800000,2,2,0,0
30505,1.000000,0.800000,0.850000,0.800000,2,2,0,0
30510,1.000000,0.800000,0.850000,0.800000,2,2,0,0
30515,1.000000,0.800000,0.850000,0.800000,2,2,0,0
30520,1.000000,0.800000,0.850000,0.800000,2,2,0,0
30525,1.000000,0.800000,0.850000,0.800000,2,2,0,0
30530,1.000000,0.800000,0.850000,0.800000,2,2,0,0
30535,1.000000,0.800000,0.850000,0.800000,2,2,0,0
30540,1.000000,0.800000,0.850000,0.800000,2,2,0,0
30545,1.000000,0.800000,0.850000,0.800000,2,2,0,0
30550,1.000000,0.800000,0.850000,0.800000,2,2,0,0
30555,1.000000,0.800000,0.850000,0.800000,2,2,0,0
30560,1.000000,0.800000,0.850000,0.800000,2,2,0,0
30565,1.000000,0.800000,0.850000,0.800000,2,2,0,0
30570,1.000000,0.800000,0.850000,0.800000,2,2,0,0
30575,1.000000,0.800000,0.850000,0.800000,2,2,0,0
30580,1.000000,0.800000,0.850000,0.800000,2,2,0,0
30585,1.000000,0.800000,0.850000,0.800000,2,2,0,0
30590,1.000000,0.800000,0.850000,0.800000,2,2,0,0
30595,1.000000,0.800000,0.850000,0.800000,2,2,0,0
30600,1.000000,0.800000,0.850000,0.800000,2,2,0,0
30605,1.000000,0.800000,0.850000,0.800000,2,2,0,0
30610,1.000000,0.800000,0.850000,0.800000,2,2,0,0
30615,1.000000,0.800000,0.850000,0.800000,2,2,0,0
30620,1.000000,0.800000,0.850000,0.800000,2,2,0,0
30625,1.000000,0.800000,0.850000,0.800000,2,2,0,0
30630,1.000000,0.800000,0.850000,0.800000,2,2,0,0
30635,1.000000,0.800000,0.850000,0.800000,2,2,0,0
30640,1.000000,0.800000,0.850000,0.800000,2,2,0,0
30645,1.000000,0.800000,0.850000,0.800000,2,2,0,0
30650,1.000000,0.800000,0.850000,0.800000,2,2,0,0
30655,1.000000,0.800000,0.850000,0.800000,2,2,0,0
30660,1.000000,0.800000,0.850000,0.800000,2,2,0,0
30665,1.000000,0.800000,0.850000,0.800000,2,2,0,0
30670,1.000000,0.800000,0.850000,0.800000,2,2,0,0
30675,1.000000,0.800000,0.850000,0.800000,2,2,0,0
30680,1.000000,0.800000,0.850000,0.800000,2,2,0,0
30685,1.000000,0.800000,0.850000,0.800000,2,2,0,0
30690,1.000000,0.800000,0.850000,0.800000,2,2,0,0
30695,1.000000,0.800000,0.850000,0.800000,2,2,0,0
30700,1.000000,0.800000,0.850000,0.800000,2,2,0,0
30705,1.000000,0.800000,0.850000,0.800000,2,2,0,0
30710,1.000000,0.800000,0.850000,0.800000,2,2,0,0
30715,1.000000,0.800000,0.850000,0.800000,2,2,0,0
30720,1.000000,0.800000,0.850000,0.800000,2,2,0,0
30725,1.000000,0.800000,0.850000,0.800000,2,2,0,0
30730,1.000000,0.800000,0.850000,0.800000,2,2,0,0
30735,1.000000,0.800000,0.850000,0.800000,2,2,0,0
30740,1.000000,0.800000,0.850000,0.800000,2,2,0,0
30745,1.000000,0.800000,0.850000,0.800000,2,2,0,0
30750,1.000000,0.800000,0.850000,0.800000,2,2,0,0
30755,1.000000,0.800000,0.850000,0.800000,2,2,0,0
30760,1.000000,0.800000,0.850000,0.800000,2,2,0,0
30765,1.000000,0.800000,0.850000,0.800000,2,2,0,0
30770,1.000000,0.800000,0.850000,0.800000,2,2,0,0
30775,1.000000,0.800000,0.850000,0.800000,2,2,0,0
30780,1.000000,0.800000,0.850000,0.800000,2,2,0,0
30785,1.000000,0.800000,0.850000,0.800000,2,2,0,0
30790,1.000000,0.800000,0.850000,0.800000,2,2,0,0
30795,1.000000,0.800000,0.850000,0.800000,2,2,0,0
30800,1.000000,0.800000,0.850000,0.800000,2,2,0,0
30805,1.000000,0.800000,0.850000,0.800000,2,2,0,0
30810,1.000000,0.800000,0.850000,0.800000,2,2,0,0
30815,1.000000,0.800000,0.850000,0.800000,2,2,0,0
30820,1.000000,0.800000,0.850000,0.800000,2,2,0,0
30825,1.000000,0.800000,0.850000,0.800000,2,2,0,0
30830,1.000000,0.800000,0.850000,0.800000,2,2,0,0
30835,1.000000,0.800000,0.850000,0.800000,2,2,0,0
30840,1.000000,0.800000,0.850000,0.800000,2,2,0,0
30845,1.000000,0.800000,0.850000,0.800000,2,2,0,0
30850,1.000000,0.800000,0.850000,0.800000,2,2,0,0
30855,1.000000,0.800000,0.850000,0.800000,2,2,0,0
30860,1.000000,0.800000,0.850000,0.800000,2,2,0,0
30865,1.000000,0.800000,0.850000,0.800000,2,2,0,0
30870,1.000000,0.800000,0.850000,0.800000,2,2,0,0
30875,1.000000,0.800000,0.850000,0.800000,2,2,0,0
30880,1.000000,0.800000,0.850000,0.800000,2,2,0,0
30885,1.000000,0.800000,0.850000,0.800000,2,2,0,0
30890,1.000000,0.800000,0.850000,0.800000,2,2,0,0
30895,1.000000,0.800000,0.850000,0.800000,2,2,0,0
30900,1.000000,0.800000,0.850000,0.800000,2,2,0,0
30905,1.000000,0.800000,0.850000,0.800000,2,2,0,0
30910,1.000000,0.800000,0.850000,0.800000,2,2,0,0
30915,1.000000,0.800000,0.850000,0.800000,2,2,0,0
30920,1.000000,0.800000,0.850000,0.800000,2,2,0,0
30925,1.000000,0.800000,0.850000,0.800000,2,2,0,0
30930,1.000000,0.800000,0.850000,0.800000,2,2,0,0
30935,1.000000,0.800000,0.850000,0.800000,2,2,0,0
30940,1.000000,0.800000,0.850000,0.800000,2,2,0,0
30945,1.000000,0.800000,0.850000,0.800000,2,2,0,0
30950,1.000000,0.800000,0.850000,0.800000,2,2,0,0
30955,1.000000,0.800000,0.850000,0.800000,2,2,0,0
30960,1.000000,0.800000,0.850000,0.800000,2,2,0,0
30965,1.000000,0.800000,0.850000,0.800000,2,2,0,0
30970,1.000000,0.800000,0.850000,0.800000,2,2,0,0
30975,1.000000,0.800000,0.850000,0.800000,2,2,0,0
30980,1.000000,0.800000,0.850000,0.800000,2,2,0,0
30985,1.000000,0.800000,0.850000,0.800000,2,2,0,0
30990,1.000000,0.800000,0.850000,0.800000,2,2,0,0
30995,1.000000,0.800000,0.850000,0.800000,2,2,0,0
31000,1.000000,0.250000,0.850000,0.250000,2,2,0,0
31005,1.000000,0.250000,0.850000,0.250000,2,2,0,0
31010,1.000000,0.250000,0.850000,0.250000,2,2,0,0
31015,1.000000,0.250000,0.850000,0.250000,2,2,0,0
31020,1.000000,0.250000,0.850000,0.250000,2,2,0,0
31025,1.000000,0.250000,0.850000,0.250000,2,2,0,0
31030,1.000000,0.250000,0.850000,0.250000,2,2,0,0
31035,1.000000,0.250000,0.850000,0.250000,2,2,0,0
31040,1.000000,0.250000,0.850000,0.250000,2,2,0,0
31045,1.000000,0.250000,0.850000,0.250000,2,2,0,0
31050,1.000000,0.250000,0.850000,0.250000,2,2,0,0
31055,1.000000,0.250000,0.850000,0.250000,2,2,0,0
31060,1.000000,0.250000,0.850000,0.250000,2,2,0,0
31065,1.000000,0.250000,0.850000,0.250000,2,2,0,0
31070,1.000000,0.250000,0.850000,0.250000,2,2,0,0
31075,1.000000,0.250000,0.850000,0.250000,2,2,0,0
31080,1.000000,0.250000,0.850000,0.250000,2,2,0,0
31085,1.000000,0.250000,0.850000,0.250000,2,2,0,0
31090,1.000000,0.250000,0.850000,0.250000,2,2,0,0
31095,1.000000,0.250000,0.850000,0.250000,2,2,0,0
31100,1.000000,0.250000,0.850000,0.250000,2,2,0,0
31105,1.000000,0.250000,0.850000,0.250000,2,2,0,0
31110,1.000000,0.250000,0.850000,0.250000,2,2,0,0
31115,1.000000,0.250000,0.850000,0.250000,2,2,0,0
31120,1.000000,0.250000,0.850000,0.250000,2,2,0,0
31125,1.000000,0.250000,0.850000,0.250000,2,2,0,0
31130,1.000000,0.250000,0.850000,0.250000,2,2,0,0
31135,1.000000,0.250000,0.850000,0.250000,2,2,0,0
31140,1.000000,0.250000,0.850000,0.250000,2,2,0,0
31145,1.000000,0.250000,0.850000,0.250000,2,2,0,0
31150,1.000000,0.250000,0.850000,0.250000,2,2,0,0
31155,1.000000,0.250000,0.850000,0.250000,2,2,0,0
31160,1.000000,0.250000,0.850000,0.250000,2,2,0,0
31165,1.000000,0.250000,0.850000,0.250000,2,2,0,0
31170,1.000000,0.250000,0.850000,0.250000,2,2,0,0
31175,1.000000,0.250000,0.850000,0.250000,2,2,0,0
31180,1.000000,0.250000,0.850000,0.250000,2,2,0,0
31185,1.000000,0.250000,0.850000,0.250000,2,2,0,0
31190,1.000000,0.250000,0.850000,0.250000,2,2,0,0
31195,1.000000,0.250000,0.850000,0.250000,2,2,0,0
31200,1.000000,0.250000,0.850000,0.250000,2,2,0,0
31205,1.000000,0.250000,0.850000,0.250000,2,2,0,0
31210,1.000000,0.250000,0.850000,0.250000,2,2,0,0
31215,1.000000,0.250000,0.850000,0.250000,2,2,0,0
31220,1.000000,0.250000,0.850000,0.250000,2,2,0,0
31225,1.000000,0.250000,0.850000,0.250000,2,2,0,0
31230,1.000000,0.250000,0.850000,0.250000,2,2,0,0
31235,1.000000,0.250000,0.850000,0.250000,2,2,0,0
31240,1.000000,0.250000,0.850000,0.250000,2,2,0,0
31245,1.000000,0.250000,0.850000,0.250000,2,2,0,0
31250,1.000000,0.250000,0.850000,0.250000,2,2,0,0
31255,1.000000,0.250000,0.850000,0.250000,2,2,0,0
31260,1.000000,0.250000,0.850000,0.250000,2,2,0,0
31265,1.000000,0.250000,0.850000,0.250000,2,2,0,0
31270,1.000000,0.250000,0.850000,0.250000,2,2,0,0
31275,1.000000,0.250000,0.850000,0.250000,2,2,0,0
31280,1.000000,0.250000,0.850000,0.250000,2,2,0,0
31285,1.000000,0.250000,0.850000,0.250000,2,2,0,0
31290,1.000000,0.250000,0.850000,0.250000,2,2,0,0
31295,1.000000,0.250000,0.850000,0.250000,2,2,0,0
31300,1.000000,0.250000,0.850000,0.250000,2,2,0,0
31305,1.000000,0.250000,0.850000,0.250000,2,2,0,0
31310,1.000000,0.250000,0.850000,0.250000,2,2,0,0
31315,1.000000,0.250000,0.850000,0.250000,2,2,0,0
31320,1.000000,0.250000,0.850000,0.250000,3,2,0,0
31325,1.000000,0.250000,0.850000,0.250000,3,2,0,0
31330,1.000000,0.250000,0.850000,0.250000,3,2,0,0
31335,1.000000,0.250000,0.850000,0.250000,3,2,0,0
31340,1.000000,0.250000,0.850000,0.250000,3,2,0,0
31345,1.000000,0.250000,0.850000,0.250000,3,2,0,0
31350,1.000000,0.250000,0.850000,0.250000,3,2,0,0
31355,1.000000,0.250000,0.850000,0.250000,3,2,0,0
31360,1.000000,0.250000,0.850000,0.250000,3,2,0,0
31365,1.000000,0.250000,0.850000,0.250000,3,2,0,0
31370,1.000000,0.250000,0.850000,0.250000,3,2,0,0
31375,1.000000,0.250000,0.850000,0.250000,3,2,0,0
31380,1.000000,0.250000,0.850000,0.250000,3,2,0,0
31385,1.000000,0.250000,0.850000,0.250000,3,2,0,0
31390,1.000000,0.250000,0.850000,0.250000,3,2,0,0
31395,1.000000,0.250000,0.850000,0.250000,3,2,0,0
31400,1.000000,0.250000,0.850000,0.250000,3,2,0,0
31405,1.000000,0.250000,0.850000,0.250000,3,2,0,0
31410,1.000000,0.250000,0.850000,0.250000,3,2,0,0
31415,1.000000,0.250000,0.850000,0.250000,3,2,0,0
31420,1.000000,0.250000,0.850000,0.250000,3,2,0,0
31425,1.000000,0.250000,0.850000,0.250000,3,2,0,0
31430,1.000000,0.250000,0.850000,0.250000,3,2,0,0
31435,1.000000,0.250000,0.850000,0.250000,3,2,0,0
31440,1.000000,0.250000,0.850000,0.250000,3,2,0,0
31445,1.000000,0.250000,0.850000,0.250000,3,2,0,0
31450,1.000000,0.250000,0.850000,0.250000,3,2,0,0
31455,1.000000,0.250000,0.850000,0.250000,3,2,0,0
31460,1.000000,0.250000,0.850000,0.250000,3,2,0,0
31465,1.000000,0.250000,0.850000,0.250000,3,2,0,0
31470,1.000000,0.250000,0.850000,0.250000,3,2,0,0
31475,1.000000,0.250000,0.850000,0.250000,3,2,0,0
31480,1.000000,0.250000,0.850000,0.250000,3,2,0,0
31485,1.000000,0.250000,0.850000,0.250000,3,2,0,0
31490,1.000000,0.250000,0.850000,0.250000,3,2,0,0
31495,1.000000,0.250000,0.850000,0.250000,3,2,0,0
31500,1.000000,0.250000,0.850000,0.250000,3,2,0,0
31505,1.000000,0.250000,0.850000,0.250000,3,2,0,0
31510,1.000000,0.250000,0.850000,0.250000,3,2,0,0
31515,1.000000,0.250000,0.850000,0.250000,3,2,0,0
31520,1.000000,0.250000,0.850000,0.250000,3,2,0,0
31525,1.000000,0.250000,0.850000,0.250000,3,2,0,0
31530,1.000000,0.250000,0.850000,0.250000,3,2,0,0
31535,1.000000,0.250000,0.850000,0.250000,3,2,0,0
31540,1.000000,0.250000,0.850000,0.250000,3,2,0,0
31545,1.000000,0.250000,0.850000,0.250000,3,2,0,0
31550,1.000000,0.250000,0.850000,0.250000,3,2,0,0
31555,1.000000,0.250000,0.850000,0.250000,3,2,0,0
31560,1.000000,0.250000,0.850000,0.250000,3,2,0,0
31565,1.000000,0.250000,0.850000,0.250000,3,2,0,0
31570,1.000000,0.250000,0.850000,0.250000,3,2,0,0
31575,1.000000,0.250000,0.850000,0.250000,3,2,0,0
31580,1.000000,0.250000,0.850000,0.250000,3,2,0,0
31585,1.000000,0.250000,0.850000,0.250000,3,2,0,0
31590,1.000000,0.250000,0.850000,0.250000,3,2,0,0
31595,1.000000,0.250000,0.850000,0.250000,3,2,0,0
31600,1.000000,0.250000,0.850000,0.250000,3,2,0,0
31605,1.000000,0.250000,0.850000,0.250000,3,2,0,0
31610,1.000000,0.250000,0.850000,0.250000,3,2,0,0
31615,1.000000,0.250000,0.850000,0.250000,3,2,0,0
31620,1.000000,0.250000,0.850000,0.250000,3,2,0,0
31625,1.000000,0.250000,0.850000,0.250000,3,2,0,0
31630,1.000000,0.250000,0.850000,0.250000,3,2,0,0
31635,1.000000,0.250000,0.850000,0.250000,3,2,0,0
31640,1.000000,0.250000,0.850000,0.250000,3,2,0,0
31645,1.000000,0.250000,0.850000,0.250000,3,2,0,0
31650,1.000000,0.250000,0.850000,0.250000,3,2,0,0
31655,1.000000,0.250000,0.850000,0.250000,3,2,0,0
31660,1.000000,0.250000,0.850000,0.250000,3,2,0,0
31665,1.000000,0.250000,0.850000,0.250000,3,2,0,0
31670,1.000000,0.250000,0.850000,0.250000,3,2,0,0
31675,1.000000,0.250000,0.850000,0.250000,3,2,0,0
31680,1.000000,0.250000,0.850000,0.250000,3,2,0,0
31685,1.000000,0.250000,0.850000,0.250000,3,2,0,0
31690,1.000000,0.250000,0.850000,0.250000,3,2,0,0
31695,1.000000,0.250000,0.850000,0.250000,3,2,0,0
31700,1.000000,0.250000,0.850000,0.250000,3,2,0,0
31705,1.000000,0.250000,0.850000,0.250000,3,2,0,0
31710,1.000000,0.250000,0.850000,0.250000,3,2,0,0
31715,1.000000,0.250000,0.850000,0.250000,3,2,0,0
31720,1.000000,0.250000,0.850000,0.250000,3,2,0,0
31725,1.000000,0.250000,0.850000,0.250000,3,2,0,0
31730,1.000000,0.250000,0.850000,0.250000,3,2,0,0
31735,1.000000,0.250000,0.850000,0.250000,3,2,0,0
31740,1.000000,0.250000,0.850000,0.250000,3,2,0,0
31745,1.000000,0.250000,0.850000,0.250000,3,2,0,0
31750,1.000000,0.250000,0.850000,0.250000,3,2,0,0
31755,1.000000,0.250000,0.850000,0.250000,3,2,0,0
31760,1.000000,0.250000,0.850000,0.250000,3,2,0,0
31765,1.000000,0.250000,0.850000,0.250000,3,2,0,0
31770,1.000000,0.250000,0.850000,0.250000,3,2,0,0
31775,1.000000,0.250000,0.850000,0.250000,3,2,0,0
31780,1.000000,0.250000,0.850000,0.250000,3,2,0,0
31785,1.000000,0.250000,0.850000,0.250000,3,2,0,0
31790,1.000000,0.250000,0.850000,0.250000,3,2,0,0
31795,1.000000,0.250000,0.850000,0.250000,3,2,0,0
31800,1.000000,0.250000,0.850000,0.250000,3,2,0,0
31805,1.000000,0.250000,0.850000,0.250000,3,2,0,0
31810,1.000000,0.250000,0.850000,0.250000,3,2,0,0
31815,1.000000,0.250000,0.850000,0.250000,3,2,0,0
31820,1.000000,0.250000,0.850000,0.250000,3,2,0,0
31825,1.000000,0.250000,0.850000,0.250000,3,2,0,0
31830,1.000000,0.250000,0.850000,0.250000,3,2,0,0
31835,1.000000,0.250000,0.850000,0.250000,3,2,0,0
31840,1.000000,0.250000,0.850000,0.250000,3,2,0,0
31845,1.000000,0.250000,0.850000,0.250000,3,2,0,0
31850,1.000000,0.250000,0.850000,0.250000,3,2,0,0
31855,1.000000,0.250000,0.850000,0.250000,3,2,0,0
31860,1.000000,0.250000,0.850000,0.250000,3,2,0,0
31865,1.000000,0.250000,0.850000,0.250000,3,2,0,0
31870,1.000000,0.250000,0.850000,0.250000,3,2,0,0
31875,1.000000,0.250000,0.850000,0.250000,3,2,0,0
31880,1.000000,0.250000,0.850000,0.250000,3,2,0,0
31885,1.000000,0.250000,0.850000,0.250000,3,2,0,0
31890,1.000000,0.250000,0.850000,0.250000,3,2,0,0
31895,1.000000,0.250000,0.850000,0.250000,3,2,0,0
31900,1.000000,0.250000,0.850000,0.250000,3,2,0,0
31905,1.000000,0.250000,0.850000,0.250000,3,2,0,0
31910,1.000000,0.250000,0.850000,0.250000,3,2,0,0
31915,1.000000,0.250000,0.850000,0.250000,3,2,0,0
31920,1.000000,0.250000,0.850000,0.250000,3,2,0,0
31925,1.000000,0.250000,0.850000,0.250000,3,2,0,0
31930,1.000000,0.250000,0.850000,0.250000,3,2,0,0
31935,1.000000,0.250000,0.850000,0.250000,3,2,0,0
31940,1.000000,0.250000,0.850000,0.250000,3,2,0,0
31945,1.000000,0.250000,0.850000,0.250000,3,2,0,0
31950,1.000000,0.250000,0.850000,0.250000,3,2,0,0
31955,1.000000,0.250000,0.850000,0.250000,3,2,0,0
31960,1.000000,0.250000,0.850000,0.250000,3,2,0,0
31965,1.000000,0.250000,0.850000,0.250000,3,2,0,0
31970,1.000000,0.250000,0.850000,0.250000,3,2,0,0
31975,1.000000,0.250000,0.850000,0.250000,3,2,0,0
31980,1.000000,0.250000,0.850000,0.250000,3,2,0,0
31985,1.000000,0.250000,0.850000,0.250000,3,2,0,0
31990,1.000000,0.250000,0.850000,0.250000,3,2,0,0
31995,1.000000,0.250000,0.850000,0.250000,3,2,0,0
32000,1.000000,0.250000,0.850000,0.250000,3,2,0,0
32005,1.000000,0.250000,0.850000,0.250000,3,2,0,0
32010,1.000000,0.250000,0.850000,0.250000,3,2,0,0
32015,1.000000,0.250000,0.850000,0.250000,3,2,0,0
32020,1.000000,0.250000,0.850000,0.250000,3,2,0,0
32025,1.000000,0.250000,0.850000,0.250000,3,2,0,0
32030,1.000000,0.250000,0.850000,0.250000,3,2,0,0
32035,1.000000,0.250000,0.850000,0.250000,3,2,0,0
32040,1.000000,0.250000,0.850000,0.250000,3,2,0,0
32045,1.000000,0.250000,0.850000,0.250000,3,2,0,0
32050,1.000000,0.250000,0.850000,0.250000,3,2,0,0
32055,1.000000,0.250000,0.850000,0.250000,3,2,0,0
32060,1.000000,0.250000,0.850000,0.250000,3,2,0,0
32065,1.000000,0.250000,0.850000,0.250000,3,2,0,0
32070,1.000000,0.250000,0.850000,0.250000,3,2,0,0
32075,1.000000,0.250000,0.850000,0.250000,3,2,0,0
32080,1.000000,0.250000,0.850000,0.250000,3,2,0,0
32085,1.000000,0.250000,0.850000,0.250000,3,2,0,0
32090,1.000000,0.250000,0.850000,0.250000,3,2,0,0
32095,1.000000,0.250000,0.850000,0.250000,3,2,0,0
32100,1.000000,0.250000,0.850000,0.250000,3,2,0,0
32105,1.000000,0.250000,0.850000,0.250000,3,2,0,0
32110,1.000000,0.250000,0.850000,0.250000,3,2,0,0
32115,1.000000,0.250000,0.850000,0.250000,3,2,0,0
32120,1.000000,0.250000,0.850000,0.250000,3,2,0,0
32125,1.000000,0.250000,0.850000,0.250000,3,2,0,0
32130,1.000000,0.250000,0.850000,0.250000,3,2,0,0
32135,1.000000,0.250000,0.850000,0.250000,3,2,0,0
32140,1.000000,0.250000,0.850000,0.250000,3,2,0,0
32145,1.000000,0.250000,0.850000,0.250000,3,2,0,0
32150,1.000000,0.250000,0.850000,0.250000,3,2,0,0
32155,1.000000,0.250000,0.850000,0.250000,3,2,0,0
32160,1.000000,0.250000,0.850000,0.250000,3,2,0,0
32165,1.000000,0.250000,0.850000,0.250000,3,2,0,0
32170,1.000000,0.250000,0.850000,0.250000,3,2,0,0
32175,1.000000,0.250000,0.850000,0.250000,3,2,0,0
32180,1.000000,0.250000,0.850000,0.250000,3,2,0,0
32185,1.000000,0.250000,0.850000,0.250000,3,2,0,0
32190,1.000000,0.250000,0.850000,0.250000,3,2,0,0
32195,1.000000,0.250000,0.850000,0.250000,3,2,0,0
32200,1.000000,0.250000,0.850000,0.250000,3,2,0,0
32205,1.000000,0.250000,0.850000,0.250000,3,2,0,0
32210,1.000000,0.250000,0.850000,0.250000,3,2,0,0
32215,1.000000,0.250000,0.850000,0.250000,3,2,0,0
32220,1.000000,0.250000,0.850000,0.250000,3,2,0,0
32225,1.000000,0.250000,0.850000,0.250000,3,2,0,0
32230,1.000000,0.250000,0.850000,0.250000,3,2,0,0
32235,1.000000,0.250000,0.850000,0.250000,3,2,0,0
32240,1.000000,0.250000,0.850000,0.250000,3,2,0,0
32245,1.000000,0.250000,0.850000,0.250000,3,2,0,0
32250,1.000000,0.250000,0.850000,0.250000,3,2,0,0
32255,1.000000,0.250000,0.850000,0.250000,3,2,0,0
32260,1.000000,0.250000,0.850000,0.250000,3,2,0,0
32265,1.000000,0.250000,0.850000,0.250000,3,2,0,0
32270,1.000000,0.250000,0.850000,0.250000,3,2,0,0
32275,1.000000,0.250000,0.850000,0.250000,3,2,0,0
32280,1.000000,0.250000,0.850000,0.250000,3,2,0,0
32285,1.000000,0.250000,0.850000,0.250000,3,2,0,0
32290,1.000000,0.250000,0.850000,0.250000,3,2,0,0
32295,1.000000,0.250000,0.850000,0.250000,3,2,0,0
32300,1.000000,0.250000,0.850000,0.250000,3,2,0,0
32305,1.000000,0.250000,0.850000,0.250000,3,2,0,0
32310,1.000000,0.250000,0.850000,0.250000,3,2,0,0
32315,1.000000,0.250000,0.850000,0.250000,3,2,0,0
32320,1.000000,0.250000,0.850000,0.250000,3,2,0,0
32325,1.000000,0.250000,0.850000,0.250000,3,2,0,0
32330,1.000000,0.250000,0.850000,0.250000,3,2,0,0
32335,1.000000,0.250000,0.850000,0.250000,3,2,0,0
32340,1.000000,0.250000,0.850000,0.250000,3,2,0,0
32345,1.000000,0.250000,0.850000,0.250000,3,2,0,0
32350,1.000000,0.250000,0.850000,0.250000,3,2,0,0
32355,1.000000,0.250000,0.850000,0.250000,3,2,0,0
32360,1.000000,0.250000,0.850000,0.250000,3,2,0,0
32365,1.000000,0.250000,0.850000,0.250000,3,2,0,0
32370,1.000000,0.250000,0.850000,0.250000,3,2,0,0
32375,1.000000,0.250000,0.850000,0.250000,3,2,0,0
32380,1.000000,0.250000,0.850000,0.250000,3,2,0,0
32385,1.000000,0.250000,0.850000,0.250000,3,2,0,0
32390,1.000000,0.250000,0.850000,0.250000,3,2,0,0
32395,1.000000,0.250000,0.850000,0.250000,3,2,0,0
32400,1.000000,0.250000,0.850000,0.250000,3,2,0,0
32405,1.000000,0.250000,0.850000,0.250000,3,2,0,0
32410,1.000000,0.250000,0.850000,0.250000,3,2,0,0
32415,1.000000,0.250000,0.850000,0.250000,3,2,0,0
32420,1.000000,0.250000,0.850000,0.250000,3,2,0,0
32425,1.000000,0.250000,0.850000,0.250000,3,2,0,0
32430,1.000000,0.250000,0.850000,0.250000,3,2,0,0
32435,1.000000,0.250000,0.850000,0.250000,3,2,0,0
32440,1.000000,0.250000,0.850000,0.250000,3,2,0,0
32445,1.000000,0.250000,0.850000,0.250000,3,2,0,0
32450,1.000000,0.250000,0.850000,0.250000,3,2,0,0
32455,1.000000,0.250000,0.850000,0.250000,3,2,0,0
32460,1.000000,0.250000,0.850000,0.250000,3,2,0,0
32465,1.000000,0.250000,0.850000,0.250000,3,2,0,0
32470,1.000000,0.250000,0.850000,0.250000,3,2,0,0
32475,1.000000,0.250000,0.850000,0.250000,3,2,0,0
32480,1.000000,0.250000,0.850000,0.250000,3,2,0,0
32485,1.000000,0.250000,0.850000,0.250000,3,2,0,0
32490,1.000000,0.250000,0.850000,0.250000,3,2,0,0
32495,1.000000,0.250000,0.850000,0.250000,3,2,0,0
32500,1.000000,0.250000,0.850000,0.250000,3,2,0,0
32505,1.000000,0.250000,0.850000,0.250000,3,2,0,0
32510,1.000000,0.250000,0.850000,0.250000,3,2,0,0
32515,1.000000,0.250000,0.850000,0.250000,3,2,0,0
32520,1.000000,0.250000,0.850000,0.250000,3,2,0,0
32525,1.000000,0.250000,0.850000,0.250000,3,2,0,0
32530,1.000000,0.250000,0.850000,0.250000,3,2,0,0
32535,1.000000,0.250000,0.850000,0.250000,3,2,0,0
32540,1.000000,0.250000,0.850000,0.250000,3,2,0,0
32545,1.000000,0.250000,0.850000,0.250000,3,2,0,0
32550,1.000000,0.250000,0.850000,0.250000,3,2,0,0
32555,1.000000,0.250000,0.850000,0.250000,3,2,0,0
32560,1.000000,0.250000,0.850000,0.250000,3,2,0,0
32565,1.000000,0.250000,0.850000,0.250000,3,2,0,0
32570,1.000000,0.250000,0.850000,0.250000,3,2,0,0
32575,1.000000,0.250000,0.850000,0.250000,3,2,0,0
32580,1.000000,0.250000,0.850000,0.250000,3,2,0,0
32585,1.000000,0.250000,0.850000,0.250000,3,2,0,0
32590,1.000000,0.250000,0.850000,0.250000,3,2,0,0
32595,1.000000,0.250000,0.850000,0.250000,3,2,0,0
32600,1.000000,0.250000,0.850000,0.250000,3,2,0,0
32605,1.000000,0.250000,0.850000,0.250000,3,2,0,0
32610,1.000000,0.250000,0.850000,0.250000,3,2,0,0
32615,1.000000,0.250000,0.850000,0.250000,3,2,0,0
32620,1.000000,0.250000,0.850000,0.250000,3,2,0,0
32625,1.000000,0.250000,0.850000,0.250000,3,2,0,0
32630,1.000000,0.250000,0.850000,0.250000,3,2,0,0
32635,1.000000,0.250000,0.850000,0.250000,3,2,0,0
32640,1.000000,0.250000,0.850000,0.250000,3,2,0,0
32645,1.000000,0.250000,0.850000,0.250000,3,2,0,0
32650,1.000000,0.250000,0.850000,0.250000,3,2,0,0
32655,1.000000,0.250000,0.850000,0.250000,3,2,0,0
32660,1.000000,0.250000,0.850000,0.250000,3,2,0,0
32665,1.000000,0.250000,0.850000,0.250000,3,2,0,0
32670,1.000000,0.250000,0.850000,0.250000,3,2,0,0
32675,1.000000,0.250000,0.850000,0.250000,3,2,0,0
32680,1.000000,0.250000,0.850000,0.250000,3,2,0,0
32685,1.000000,0.250000,0.850000,0.250000,3,2,0,0
32690,1.000000,0.250000,0.850000,0.250000,3,2,0,0
32695,1.000000,0.250000,0.850000,0.250000,3,2,0,0
32700,1.000000,0.250000,0.850000,0.250000,3,2,0,0
32705,1.000000,0.250000,0.850000,0.250000,3,2,0,0
32710,1.000000,0.250000,0.850000,0.250000,3,2,0,0
32715,1.000000,0.250000,0.850000,0.250000,3,2,0,0
32720,1.000000,0.250000,0.850000,0.250000,3,2,0,0
32725,1.000000,0.250000,0.850000,0.250000,3,2,0,0
32730,1.000000,0.250000,0.850000,0.250000,3,2,0,0
32735,1.000000,0.250000,0.850000,0.250000,3,2,0,0
32740,1.000000,0.250000,0.850000,0.250000,3,2,0,0
32745,1.000000,0.250000,0.850000,0.250000,3,2,0,0
32750,1.000000,0.250000,0.850000,0.250000,3,2,0,0
32755,1.000000,0.250000,0.850000,0.250000,3,2,0,0
32760,1.000000,0.250000,0.850000,0.250000,3,2,0,0
32765,1.000000,0.250000,0.850000,0.250000,3,2,0,0
32770,1.000000,0.250000,0.850000,0.250000,3,2,0,0
32775,1.000000,0.250000,0.850000,0.250000,3,2,0,0
32780,1.000000,0.250000,0.850000,0.250000,3,2,0,0
32785,1.000000,0.250000,0.850000,0.250000,3,2,0,0
32790,1.000000,0.250000,0.850000,0.250000,3,2,0,0
32795,1.000000,0.250000,0.850000,0.250000,3,2,0,0
32800,1.000000,0.250000,0.850000,0.250000,3,2,0,0
32805,1.000000,0.250000,0.850000,0.250000,3,2,0,0
32810,1.000000,0.250000,0.850000,0.250000,3,2,0,0
32815,1.000000,0.250000,0.850000,0.250000,3,2,0,0
32820,1.000000,0.250000,0.850000,0.250000,3,2,0,0
32825,1.000000,0.250000,0.850000,0.250000,3,2,0,0
32830,1.000000,0.250000,0.850000,0.250000,3,2,0,0
32835,1.000000,0.250000,0.850000,0.250000,3,2,0,0
32840,1.000000,0.250000,0.850000,0.250000,3,2,0,0
32845,1.000000,0.250000,0.850000,0.250000,3,2,0,0
32850,1.000000,0.250000,0.850000,0.250000,3,2,0,0
32855,1.000000,0.250000,0.850000,0.250000,3,2,0,0
32860,1.000000,0.250000,0.850000,0.250000,3,2,0,0
32865,1.000000,0.250000,0.850000,0.250000,3,2,0,0
32870,1.000000,0.250000,0.850000,0.250000,3,2,0,0
32875,1.000000,0.250000,0.850000,0.250000,3,2,0,0
32880,1.000000,0.250000,0.850000,0.250000,3,2,0,0
32885,1.000000,0.250000,0.850000,0.250000,3,2,0,0
32890,1.000000,0.250000,0.850000,0.250000,3,2,0,0
32895,1.000000,0.250000,0.850000,0.250000,3,2,0,0
32900,1.000000,0.250000,0.850000,0.250000,3,2,0,0
32905,1.000000,0.250000,0.850000,0.250000,3,2,0,0
32910,1.000000,0.250000,0.850000,0.250000,3,2,0,0
32915,1.000000,0.250000,0.850000,0.250000,3,2,0,0
32920,1.000000,0.250000,0.850000,0.250000,3,2,0,0
32925,1.000000,0.250000,0.850000,0.250000,3,2,0,0
32930,1.000000,0.250000,0.850000,0.250000,3,2,0,0
32935,1.000000,0.250000,0.850000,0.250000,3,2,0,0
32940,1.000000,0.250000,0.850000,0.250000,3,2,0,0
32945,1.000000,0.250000,0.850000,0.250000,3,2,0,0
32950,1.000000,0.250000,0.850000,0.250000,3,2,0,0
32955,1.000000,0.250000,0.850000,0.250000,3,2,0,0
32960,1.000000,0.250000,0.850000,0.250000,3,2,0,0
32965,1.000000,0.250000,0.850000,0.250000,3,2,0,0
32970,1.000000,0.250000,0.850000,0.250000,3,2,0,0
32975,1.000000,0.250000,0.850000,0.250000,3,2,0,0
32980,1.000000,0.250000,0.850000,0.250000,3,2,0,0
32985,1.000000,0.250000,0.850000,0.250000,3,2,0,0
32990,1.000000,0.250000,0.850000,0.250000,3,2,0,0
32995,1.000000,0.250000,0.850000,0.250000,3,2,0,0
33000,1.000000,0.250000,0.850000,0.250000,3,2,0,0
33005,1.000000,0.250000,0.850000,0.250000,3,2,0,0
33010,1.000000,0.250000,0.850000,0.250000,3,2,0,0
33015,1.000000,0.250000,0.850000,0.250000,3,2,0,0
33020,1.000000,0.250000,0.850000,0.250000,3,2,0,0
33025,1.000000,0.250000,0.850000,0.250000,3,2,0,0
33030,1.000000,0.250000,0.850000,0.250000,3,2,0,0
33035,1.000000,0.250000,0.850000,0.250000,3,2,0,0
33040,1.000000,0.250000,0.850000,0.250000,3,2,0,0
33045,1.000000,0.250000,0.850000,0.250000,3,2,0,0
33050,1.000000,0.250000,0.850000,0.250000,3,2,0,0
33055,1.000000,0.250000,0.850000,0.250000,3,2,0,0
33060,1.000000,0.250000,0.850000,0.250000,3,2,0,0
33065,1.000000,0.250000,0.850000,0.250000,3,2,0,0
33070,1.000000,0.250000,0.850000,0.250000,3,2,0,0
33075,1.000000,0.250000,0.850000,0.250000,3,2,0,0
33080,1.000000,0.250000,0.850000,0.250000,3,2,0,0
33085,1.000000,0.250000,0.850000,0.250000,3,2,0,0
33090,1.000000,0.250000,0.850000,0.250000,3,2,0,0
33095,1.000000,0.250000,0.850000,0.250000,3,2,0,0
33100,1.000000,0.250000,0.850000,0.250000,3,2,0,0
33105,1.000000,0.250000,0.850000,0.250000,3,2,0,0
33110,1.000000,0.250000,0.850000,0.250000,3,2,0,0
33115,1.000000,0.250000,0.850000,0.250000,3,2,0,0
33120,1.000000,0.250000,0.850000,0.250000,3,2,0,0
33125,1.000000,0.250000,0.850000,0.250000,3,2,0,0
33130,1.000000,0.250000,0.850000,0.250000,3,2,0,0
33135,1.000000,0.250000,0.850000,0.250000,3,2,0,0
33140,1.000000,0.250000,0.850000,0.250000,3,2,0,0
33145,1.000000,0.250000,0.850000,0.250000,3,2,0,0
33150,1.000000,0.250000,0.850000,0.250000,3,2,0,0
33155,1.000000,0.250000,0.850000,0.250000,3,2,0,0
33160,1.000000,0.250000,0.850000,0.250000,3,2,0,0
33165,1.000000,0.250000,0.850000,0.250000,3,2,0,0
33170,1.000000,0.250000,0.850000,0.250000,3,2,0,0
33175,1.000000,0.250000,0.850000,0.250000,3,2,0,0
33180,1.000000,0.250000,0.850000,0.250000,3,2,0,0
33185,1.000000,0.250000,0.850000,0.250000,3,2,0,0
33190,1.000000,0.250000,0.850000,0.250000,3,2,0,0
33195,1.000000,0.250000,0.850000,0.250000,3,2,0,0
33200,1.000000,0.250000,0.850000,0.250000,3,2,0,0
33205,1.000000,0.250000,0.850000,0.250000,3,2,0,0
33210,1.000000,0.250000,0.850000,0.250000,3,2,0,0
33215,1.000000,0.250000,0.850000,0.250000,3,2,0,0
33220,1.000000,0.250000,0.850000,0.250000,3,2,0,0
33225,1.000000,0.250000,0.850000,0.250000,3,2,0,0
33230,1.000000,0.250000,0.850000,0.250000,3,2,0,0
33235,1.000000,0.250000,0.850000,0.250000,3,2,0,0
33240,1.000000,0.250000,0.850000,0.250000,3,2,0,0
33245,1.000000,0.250000,0.850000,0.250000,3,2,0,0
33250,1.000000,0.250000,0.850000,0.250000,3,2,0,0
33255,1.000000,0.250000,0.850000,0.250000,3,2,0,0
33260,1.000000,0.250000,0.850000,0.250000,3,2,0,0
33265,1.000000,0.250000,0.850000,0.250000,3,2,0,0
33270,1.000000,0.250000,0.850000,0.250000,3,2,0,0
33275,1.000000,0.250000,0.850000,0.250000,3,2,0,0
33280,1.000000,0.250000,0.850000,0.250000,3,2,0,0
33285,1.000000,0.250000,0.850000,0.250000,3,2,0,0
33290,1.000000,0.250000,0.850000,0.250000,3,2,0,0
33295,1.000000,0.250000,0.850000,0.250000,3,2,0,0
33300,1.000000,0.250000,0.850000,0.250000,3,2,0,0
33305,1.000000,0.250000,0.850000,0.250000,3,2,0,0
33310,1.000000,0.250000,0.850000,0.250000,3,2,0,0
33315,1.000000,0.250000,0.850000,0.250000,3,2,0,0
33320,1.000000,0.250000,0.850000,0.250000,3,2,0,0
33325,1.000000,0.250000,0.850000,0.250000,3,2,0,0
33330,1.000000,0.250000,0.850000,0.250000,3,2,0,0
33335,1.000000,0.250000,0.850000,0.250000,3,2,0,0
33340,1.000000,0.250000,0.850000,0.250000,3,2,0,0
33345,1.000000,0.250000,0.850000,0.250000,3,2,0,0
33350,1.000000,0.250000,0.850000,0.250000,3,2,0,0
33355,1.000000,0.250000,0.850000,0.250000,3,2,0,0
33360,1.000000,0.250000,0.850000,0.250000,3,2,0,0
33365,1.000000,0.250000,0.850000,0.250000,3,2,0,0
33370,1.000000,0.250000,0.850000,0.250000,3,2,0,0
33375,1.000000,0.250000,0.850000,0.250000,3,2,0,0
33380,1.000000,0.250000,0.850000,0.250000,3,2,0,0
33385,1.000000,0.250000,0.850000,0.250000,3,2,0,0
33390,1.000000,0.250000,0.850000,0.250000,3,2,0,0
33395,1.000000,0.250000,0.850000,0.250000,3,2,0,0
33400,1.000000,0.250000,0.850000,0.250000,3,2,0,0
33405,1.000000,0.250000,0.850000,0.250000,3,2,0,0
33410,1.000000,0.250000,0.850000,0.250000,3,2,0,0
33415,1.000000,0.250000,0.850000,0.250000,3,2,0,0
33420,1.000000,0.250000,0.850000,0.250000,3,2,0,0
33425,1.000000,0.250000,0.850000,0.250000,3,2,0,0
33430,1.000000,0.250000,0.850000,0.250000,3,2,0,0
33435,1.000000,0.250000,0.850000,0.250000,3,2,0,0
33440,1.000000,0.250000,0.850000,0.250000,3,2,0,0
33445,1.000000,0.250000,0.850000,0.250000,3,2,0,0
33450,1.000000,0.250000,0.850000,0.250000,3,2,0,0
33455,1.000000,0.250000,0.850000,0.250000,3,2,0,0
33460,1.000000,0.250000,0.850000,0.250000,3,2,0,0
33465,1.000000,0.250000,0.850000,0.250000,3,2,0,0
33470,1.000000,0.250000,0.850000,0.250000,3,2,0,0
33475,1.000000,0.250000,0.850000,0.250000,3,2,0,0
33480,1.000000,0.250000,0.850000,0.250000,3,2,0,0
33485,1.000000,0.250000,0.850000,0.250000,3,2,0,0
33490,1.000000,0.250000,0.850000,0.250000,3,2,0,0
33495,1.000000,0.250000,0.850000,0.250000,3,2,0,0
33500,1.000000,0.250000,0.850000,0.250000,3,2,0,0
33505,1.000000,0.250000,0.850000,0.250000,3,2,0,0
33510,1.000000,0.250000,0.850000,0.250000,3,2,0,0
33515,1.000000,0.250000,0.850000,0.250000,3,2,0,0
33520,1.000000,0.250000,0.850000,0.250000,3,2,0,0
33525,1.000000,0.250000,0.850000,0.250000,3,2,0,0
33530,1.000000,0.250000,0.850000,0.250000,3,2,0,0
33535,1.000000,0.250000,0.850000,0.250000,3,2,0,0
33540,1.000000,0.250000,0.850000,0.250000,3,2,0,0
33545,1.000000,0.250000,0.850000,0.250000,3,2,0,0
33550,1.000000,0.250000,0.850000,0.250000,3,2,0,0
33555,1.000000,0.250000,0.850000,0.250000,3,2,0,0
33560,1.000000,0.250000,0.850000,0.250000,3,2,0,0
33565,1.000000,0.250000,0.850000,0.250000,3,2,0,0
33570,1.000000,0.250000,0.850000,0.250000,3,2,0,0
33575,1.000000,0.250000,0.850000,0.250000,3,2,0,0
33580,1.000000,0.250000,0.850000,0.250000,3,2,0,0
33585,1.000000,0.250000,0.850000,0.250000,3,2,0,0
33590,1.000000,0.250000,0.850000,0.250000,3,2,0,0
33595,1.000000,0.250000,0.850000,0.250000,3,2,0,0
33600,1.000000,0.250000,0.850000,0.250000,3,2,0,0
33605,1.000000,0.250000,0.850000,0.250000,3,2,0,0
33610,1.000000,0.250000,0.850000,0.250000,3,2,0,0
33615,1.000000,0.250000,0.850000,0.250000,3,2,0,0
33620,1.000000,0.250000,0.850000,0.250000,3,2,0,0
33625,1.000000,0.250000,0.850000,0.250000,3,2,0,0
33630,1.000000,0.250000,0.850000,0.250000,3,2,0,0
33635,1.000000,0.250000,0.850000,0.250000,3,2,0,0
33640,1.000000,0.250000,0.850000,0.250000,3,2,0,0
33645,1.000000,0.250000,0.850000,0.250000,3,2,0,0
33650,1.000000,0.250000,0.850000,0.250000,3,2,0,0
33655,1.000000,0.250000,0.850000,0.250000,3,2,0,0
33660,1.000000,0.250000,0.850000,0.250000,3,2,0,0
33665,1.000000,0.250000,0.850000,0.250000,3,2,0,0
33670,1.000000,0.250000,0.850000,0.250000,3,2,0,0
33675,1.000000,0.250000,0.850000,0.250000,3,2,0,0
33680,1.000000,0.250000,0.850000,0.250000,3,2,0,0
33685,1.000000,0.250000,0.850000,0.250000,3,2,0,0
33690,1.000000,0.250000,0.850000,0.250000,3,2,0,0
33695,1.000000,0.250000,0.850000,0.250000,3,2,0,0
33700,1.000000,0.250000,0.850000,0.250000,3,2,0,0
33705,1.000000,0.250000,0.850000,0.250000,3,2,0,0
33710,1.000000,0.250000,0.850000,0.250000,3,2,0,0
33715,1.000000,0.250000,0.850000,0.250000,3,2,0,0
33720,1.000000,0.250000,0.850000,0.250000,3,2,0,0
33725,1.000000,0.250000,0.850000,0.250000,3,2,0,0
33730,1.000000,0.250000,0.850000,0.250000,3,2,0,0
33735,1.000000,0.250000,0.850000,0.250000,3,2,0,0
33740,1.000000,0.250000,0.850000,0.250000,3,2,0,0
33745,1.000000,0.250000,0.850000,0.250000,3,2,0,0
33750,1.000000,0.250000,0.850000,0.250000,3,2,0,0
33755,1.000000,0.250000,0.850000,0.250000,3,2,0,0
33760,1.000000,0.250000,0.850000,0.250000,3,2,0,0
33765,1.000000,0.250000,0.850000,0.250000,3,2,0,0
33770,1.000000,0.250000,0.850000,0.250000,3,2,0,0
33775,1.000000,0.250000,0.850000,0.250000,3,2,0,0
33780,1.000000,0.250000,0.850000,0.250000,3,2,0,0
33785,1.000000,0.250000,0.850000,0.250000,3,2,0,0
33790,1.000000,0.250000,0.850000,0.250000,3,2,0,0
33795,1.000000,0.250000,0.850000,0.250000,3,2,0,0
33800,1.000000,0.250000,0.850000,0.250000,3,2,0,0
33805,1.000000,0.250000,0.850000,0.250000,3,2,0,0
33810,1.000000,0.250000,0.850000,0.250000,3,2,0,0
33815,1.000000,0.250000,0.850000,0.250000,3,2,0,0
33820,1.000000,0.250000,0.850000,0.250000,3,2,0,0
33825,1.000000,0.250000,0.850000,0.250000,3,2,0,0
33830,1.000000,0.250000,0.850000,0.250000,3,2,0,0
33835,1.000000,0.250000,0.850000,0.250000,3,2,0,0
33840,1.000000,0.250000,0.850000,0.250000,3,2,0,0
33845,1.000000,0.250000,0.850000,0.250000,3,2,0,0
33850,1.000000,0.250000,0.850000,0.250000,3,2,0,0
33855,1.000000,0.250000,0.850000,0.250000,3,2,0,0
33860,1.000000,0.250000,0.850000,0.250000,3,2,0,0
33865,1.000000,0.250000,0.850000,0.250000,3,2,0,0
33870,1.000000,0.250000,0.850000,0.250000,3,2,0,0
33875,1.000000,0.250000,0.850000,0.250000,3,2,0,0
33880,1.000000,0.250000,0.850000,0.250000,3,2,0,0
33885,1.000000,0.250000,0.850000,0.250000,3,2,0,0
33890,1.000000,0.250000,0.850000,0.250000,3,2,0,0
33895,1.000000,0.250000,0.850000,0.250000,3,2,0,0
33900,1.000000,0.250000,0.850000,0.250000,3,2,0,0
33905,1.000000,0.250000,0.850000,0.250000,3,2,0,0
33910,1.000000,0.250000,0.850000,0.250000,3,2,0,0
33915,1.000000,0.250000,0.850000,0.250000,3,2,0,0
33920,1.000000,0.250000,0.850000,0.250000,3,2,0,0
33925,1.000000,0.250000,0.850000,0.250000,3,2,0,0
33930,1.000000,0.250000,0.850000,0.250000,3,2,0,0
33935,1.000000,0.250000,0.850000,0.250000,3,2,0,0
33940,1.000000,0.250000,0.850000,0.250000,3,2,0,0
33945,1.000000,0.250000,0.850000,0.250000,3,2,0,0
33950,1.000000,0.250000,0.850000,0.250000,3,2,0,0
33955,1.000000,0.250000,0.850000,0.250000,3,2,0,0
33960,1.000000,0.250000,0.850000,0.250000,3,2,0,0
33965,1.000000,0.250000,0.850000,0.250000,3,2,0,0
33970,1.000000,0.250000,0.850000,0.250000,3,2,0,0
33975,1.000000,0.250000,0.850000,0.250000,3,2,0,0
33980,1.000000,0.250000,0.850000,0.250000,3,2,0,0
33985,1.000000,0.250000,0.850000,0.250000,3,2,0,0
33990,1.000000,0.250000,0.850000,0.250000,3,2,0,0
33995,1.000000,0.250000,0.850000,0.250000,3,2,0,0
34000,1.000000,0.250000,0.850000,0.250000,3,2,0,0
34005,1.000000,0.250000,0.850000,0.250000,3,2,0,0
34010,1.000000,0.250000,0.850000,0.250000,3,2,0,0
34015,1.000000,0.250000,0.850000,0.250000,3,2,0,0
34020,1.000000,0.250000,0.850000,0.250000,3,2,0,0
34025,1.000000,0.250000,0.850000,0.250000,3,2,0,0
34030,1.000000,0.250000,0.850000,0.250000,3,2,0,0
34035,1.000000,0.250000,0.850000,0.250000,3,2,0,0
34040,1.000000,0.250000,0.850000,0.250000,3,2,0,0
34045,1.000000,0.250000,0.850000,0.250000,3,2,0,0
34050,1.000000,0.250000,0.850000,0.250000,3,2,0,0
34055,1.000000,0.250000,0.850000,0.250000,3,2,0,0
34060,1.000000,0.250000,0.850000,0.250000,3,2,0,0
34065,1.000000,0.250000,0.850000,0.250000,3,2,0,0
34070,1.000000,0.250000,0.850000,0.250000,3,2,0,0
34075,1.000000,0.250000,0.850000,0.250000,3,2,0,0
34080,1.000000,0.250000,0.850000,0.250000,3,2,0,0
34085,1.000000,0.250000,0.850000,0.250000,3,2,0,0
34090,1.000000,0.250000,0.850000,0.250000,3,2,0,0
34095,1.000000,0.250000,0.850000,0.250000,3,2,0,0
34100,1.000000,0.250000,0.850000,0.250000,3,2,0,0
34105,1.000000,0.250000,0.850000,0.250000,3,2,0,0
34110,1.000000,0.250000,0.850000,0.250000,3,2,0,0
34115,1.000000,0.250000,0.850000,0.250000,3,2,0,0
34120,1.000000,0.250000,0.850000,0.250000,3,2,0,0
34125,1.000000,0.250000,0.850000,0.250000,3,2,0,0
34130,1.000000,0.250000,0.850000,0.250000,3,2,0,0
34135,1.000000,0.250000,0.850000,0.250000,3,2,0,0
34140,1.000000,0.250000,0.850000,0.250000,3,2,0,0
34145,1.000000,0.250000,0.850000,0.250000,3,2,0,0
34150,1.000000,0.250000,0.850000,0.250000,3,2,0,0
34155,1.000000,0.250000,0.850000,0.250000,3,2,0,0
34160,1.000000,0.250000,0.850000,0.250000,3,2,0,0
34165,1.000000,0.250000,0.850000,0.250000,3,2,0,0
34170,1.000000,0.250000,0.850000,0.250000,3,2,0,0
34175,1.000000,0.250000,0.850000,0.250000,3,2,0,0
34180,1.000000,0.250000,0.850000,0.250000,3,2,0,0
34185,1.000000,0.250000,0.850000,0.250000,3,2,0,0
34190,1.000000,0.250000,0.850000,0.250000,3,2,0,0
34195,1.000000,0.250000,0.850000,0.250000,3,2,0,0
34200,1.000000,0.250000,0.850000,0.250000,3,2,0,0
34205,1.000000,0.250000,0.850000,0.250000,3,2,0,0
34210,1.000000,0.250000,0.850000,0.250000,3,2,0,0
34215,1.000000,0.250000,0.850000,0.250000,3,2,0,0
34220,1.000000,0.250000,0.850000,0.250000,3,2,0,0
34225,1.000000,0.250000,0.850000,0.250000,3,2,0,0
34230,1.000000,0.250000,0.850000,0.250000,3,2,0,0
34235,1.000000,0.250000,0.850000,0.250000,3,2,0,0
34240,1.000000,0.250000,0.850000,0.250000,3,2,0,0
34245,1.000000,0.250000,0.850000,0.250000,3,2,0,0
34250,1.000000,0.250000,0.850000,0.250000,3,2,0,0
34255,1.000000,0.250000,0.850000,0.250000,3,2,0,0
34260,1.000000,0.250000,0.850000,0.250000,3,2,0,0
34265,1.000000,0.250000,0.850000,0.250000,3,2,0,0
34270,1.000000,0.250000,0.850000,0.250000,3,2,0,0
34275,1.000000,0.250000,0.850000,0.250000,3,2,0,0
34280,1.000000,0.250000,0.850000,0.250000,3,2,0,0
34285,1.000000,0.250000,0.850000,0.250000,3,2,0,0
34290,1.000000,0.250000,0.850000,0.250000,3,2,0,0
34295,1.000000,0.250000,0.850000,0.250000,3,2,0,0
34300,1.000000,0.250000,0.850000,0.250000,3,2,0,0
34305,1.000000,0.250000,0.850000,0.250000,3,2,0,0
34310,1.000000,0.250000,0.850000,0.250000,3,2,0,0
34315,1.000000,0.250000,0.850000,0.250000,3,2,0,0
34320,1.000000,0.250000,0.850000,0.250000,3,2,0,0
34325,1.000000,0.250000,0.850000,0.250000,3,2,0,0
34330,1.000000,0.250000,0.850000,0.250000,3,2,0,0
34335,1.000000,0.250000,0.850000,0.250000,3,2,0,0
34340,1.000000,0.250000,0.850000,0.250000,3,2,0,0
34345,1.000000,0.250000,0.850000,0.250000,3,2,0,0
34350,1.000000,0.250000,0.850000,0.250000,3,2,0,0
34355,1.000000,0.250000,0.850000,0.250000,3,2,0,0
34360,1.000000,0.250000,0.850000,0.250000,3,2,0,0
34365,1.000000,0.250000,0.850000,0.250000,3,2,0,0
34370,1.000000,0.250000,0.850000,0.250000,3,2,0,0
34375,1.000000,0.250000,0.850000,0.250000,3,2,0,0
34380,1.000000,0.250000,0.850000,0.250000,3,2,0,0
34385,1.000000,0.250000,0.850000,0.250000,3,2,0,0
34390,1.000000,0.250000,0.850000,0.250000,3,2,0,0
34395,1.000000,0.250000,0.850000,0.250000,3,2,0,0
34400,1.000000,0.250000,0.850000,0.250000,3,2,0,0
34405,1.000000,0.250000,0.850000,0.250000,3,2,0,0
34410,1.000000,0.250000,0.850000,0.250000,3,2,0,0
34415,1.000000,0.250000,0.850000,0.250000,3,2,0,0
34420,1.000000,0.250000,0.850000,0.250000,3,2,0,0
34425,1.000000,0.250000,0.850000,0.250000,3,2,0,0
34430,1.000000,0.250000,0.850000,0.250000,3,2,0,0
34435,1.000000,0.250000,0.850000,0.250000,3,2,0,0
34440,1.000000,0.250000,0.850000,0.250000,3,2,0,0
34445,1.000000,0.250000,0.850000,0.250000,3,2,0,0
34450,1.000000,0.250000,0.850000,0.250000,3,2,0,0
34455,1.000000,0.250000,0.850000,0.250000,3,2,0,0
34460,1.000000,0.250000,0.850000,0.250000,3,2,0,0
34465,1.000000,0.250000,0.850000,0.250000,3,2,0,0
34470,1.000000,0.250000,0.850000,0.250000,3,2,0,0
34475,1.000000,0.250000,0.850000,0.250000,3,2,0,0
34480,1.000000,0.250000,0.850000,0.250000,3,2,0,0
34485,1.000000,0.250000,0.850000,0.250000,3,2,0,0
34490,1.000000,0.250000,0.850000,0.250000,3,2,0,0
34495,1.000000,0.250000,0.850000,0.250000,3,2,0,0
34500,1.000000,0.250000,0.850000,0.250000,3,2,0,0
34505,1.000000,0.250000,0.850000,0.250000,3,2,0,0
34510,1.000000,0.250000,0.850000,0.250000,3,2,0,0
34515,1.000000,0.250000,0.850000,0.250000,3,2,0,0
34520,1.000000,0.250000,0.850000,0.250000,3,2,0,0
34525,1.000000,0.250000,0.850000,0.250000,3,2,0,0
34530,1.000000,0.250000,0.850000,0.250000,3,2,0,0
34535,1.000000,0.250000,0.850000,0.250000,3,2,0,0
34540,1.000000,0.250000,0.850000,0.250000,3,2,0,0
34545,1.000000,0.250000,0.850000,0.250000,3,2,0,0
34550,1.000000,0.250000,0.850000,0.250000,3,2,0,0
34555,1.000000,0.250000,0.850000,0.250000,3,2,0,0
34560,1.000000,0.250000,0.850000,0.250000,3,2,0,0
34565,1.000000,0.250000,0.850000,0.250000,3,2,0,0
34570,1.000000,0.250000,0.850000,0.250000,3,2,0,0
34575,1.000000,0.250000,0.850000,0.250000,3,2,0,0
34580,1.000000,0.250000,0.850000,0.250000,3,2,0,0
34585,1.000000,0.250000,0.850000,0.250000,3,2,0,0
34590,1.000000,0.250000,0.850000,0.250000,3,2,0,0
34595,1.000000,0.250000,0.850000,0.250000,3,2,0,0
34600,1.000000,0.250000,0.850000,0.250000,3,2,0,0
34605,1.000000,0.250000,0.850000,0.250000,3,2,0,0
34610,1.000000,0.250000,0.850000,0.250000,3,2,0,0
34615,1.000000,0.250000,0.850000,0.250000,3,2,0,0
34620,1.000000,0.250000,0.850000,0.250000,3,2,0,0
34625,1.000000,0.250000,0.850000,0.250000,3,2,0,0
34630,1.000000,0.250000,0.850000,0.250000,3,2,0,0
34635,1.000000,0.250000,0.850000,0.250000,3,2,0,0
34640,1.000000,0.250000,0.850000,0.250000,3,2,0,0
34645,1.000000,0.250000,0.850000,0.250000,3,2,0,0
34650,1.000000,0.250000,0.850000,0.250000,3,2,0,0
34655,1.000000,0.250000,0.850000,0.250000,3,2,0,0
34660,1.000000,0.250000,0.850000,0.250000,3,2,0,0
34665,1.000000,0.250000,0.850000,0.250000,3,2,0,0
34670,1.000000,0.250000,0.850000,0.250000,3,2,0,0
34675,1.000000,0.250000,0.850000,0.250000,3,2,0,0
34680,1.000000,0.250000,0.850000,0.250000,3,2,0,0
34685,1.000000,0.250000,0.850000,0.250000,3,2,0,0
34690,1.000000,0.250000,0.850000,0.250000,3,2,0,0
34695,1.000000,0.250000,0.850000,0.250000,3,2,0,0
34700,1.000000,0.250000,0.850000,0.250000,3,2,0,0
34705,1.000000,0.250000,0.850000,0.250000,3,2,0,0
34710,1.000000,0.250000,0.850000,0.250000,3,2,0,0
34715,1.000000,0.250000,0.850000,0.250000,3,2,0,0
34720,1.000000,0.250000,0.850000,0.250000,3,2,0,0
34725,1.000000,0.250000,0.850000,0.250000,3,2,0,0
34730,1.000000,0.250000,0.850000,0.250000,3,2,0,0
34735,1.000000,0.250000,0.850000,0.250000,3,2,0,0
34740,1.000000,0.250000,0.850000,0.250000,3,2,0,0
34745,1.000000,0.250000,0.850000,0.250000,3,2,0,0
34750,1.000000,0.250000,0.850000,0.250000,3,2,0,0
34755,1.000000,0.250000,0.850000,0.250000,3,2,0,0
34760,1.000000,0.250000,0.850000,0.250000,3,2,0,0
34765,1.000000,0.250000,0.850000,0.250000,3,2,0,0
34770,1.000000,0.250000,0.850000,0.250000,3,2,0,0
34775,1.000000,0.250000,0.850000,0.250000,3,2,0,0
34780,1.000000,0.250000,0.850000,0.250000,3,2,0,0
34785,1.000000,0.250000,0.850000,0.250000,3,2,0,0
34790,1.000000,0.250000,0.850000,0.250000,3,2,0,0
34795,1.000000,0.250000,0.850000,0.250000,3,2,0,0
34800,1.000000,0.250000,0.850000,0.250000,3,2,0,0
34805,1.000000,0.250000,0.850000,0.250000,3,2,0,0
34810,1.000000,0.250000,0.850000,0.250000,3,2,0,0
34815,1.000000,0.250000,0.850000,0.250000,3,2,0,0
34820,1.000000,0.250000,0.850000,0.250000,3,2,0,0
34825,1.000000,0.250000,0.850000,0.250000,3,2,0,0
34830,1.000000,0.250000,0.850000,0.250000,3,2,0,0
34835,1.000000,0.250000,0.850000,0.250000,3,2,0,0
34840,1.000000,0.250000,0.850000,0.250000,3,2,0,0
34845,1.000000,0.250000,0.850000,0.250000,3,2,0,0
34850,1.000000,0.250000,0.850000,0.250000,3,2,0,0
34855,1.000000,0.250000,0.850000,0.250000,3,2,0,0
34860,1.000000,0.250000,0.850000,0.250000,3,2,0,0
34865,1.000000,0.250000,0.850000,0.250000,3,2,0,0
34870,1.000000,0.250000,0.850000,0.250000,3,2,0,0
34875,1.000000,0.250000,0.850000,0.250000,3,2,0,0
34880,1.000000,0.250000,0.850000,0.250000,3,2,0,0
34885,1.000000,0.250000,0.850000,0.250000,3,2,0,0
34890,1.000000,0.250000,0.850000,0.250000,3,2,0,0
34895,1.000000,0.250000,0.850000,0.250000,3,2,0,0
34900,1.000000,0.250000,0.850000,0.250000,3,2,0,0
34905,1.000000,0.250000,0.850000,0.250000,3,2,0,0
34910,1.000000,0.250000,0.850000,0.250000,3,2,0,0
34915,1.000000,0.250000,0.850000,0.250000,3,2,0,0
34920,1.000000,0.250000,0.850000,0.250000,3,2,0,0
34925,1.000000,0.250000,0.850000,0.250000,3,2,0,0
34930,1.000000,0.250000,0.850000,0.250000,3,2,0,0
34935,1.000000,0.250000,0.850000,0.250000,3,2,0,0
34940,1.000000,0.250000,0.850000,0.250000,3,2,0,0
34945,1.000000,0.250000,0.850000,0.250000,3,2,0,0
34950,1.000000,0.250000,0.850000,0.250000,3,2,0,0
34955,1.000000,0.250000,0.850000,0.250000,3,2,0,0
34960,1.000000,0.250000,0.850000,0.250000,3,2,0,0
34965,1.000000,0.250000,0.850000,0.250000,3,2,0,0
34970,1.000000,0.250000,0.850000,0.250000,3,2,0,0
34975,1.000000,0.250000,0.850000,0.250000,3,2,0,0
34980,1.000000,0.250000,0.850000,0.250000,3,2,0,0
34985,1.000000,0.250000,0.850000,0.250000,3,2,0,0
34990,1.000000,0.250000,0.850000,0.250000,3,2,0,0
34995,1.000000,0.250000,0.850000,0.250000,3,2,0,0
35000,0.550000,0.800000,0.550000,0.800000,3,2,0,0
35005,0.550000,0.800000,0.550000,0.800000,3,2,0,0
35010,0.550000,0.800000,0.550000,0.800000,3,2,0,0
35015,0.550000,0.800000,0.550000,0.800000,3,2,0,0
35020,0.550000,0.800000,0.550000,0.800000,3,2,0,0
35025,0.550000,0.800000,0.550000,0.800000,3,2,0,0
35030,0.550000,0.800000,0.550000,0.800000,3,2,0,0
35035,0.550000,0.800000,0.550000,0.800000,3,2,0,0
35040,0.550000,0.800000,0.550000,0.800000,3,2,0,0
35045,0.550000,0.800000,0.550000,0.800000,3,2,0,0
35050,0.550000,0.800000,0.550000,0.800000,3,2,0,0
35055,0.550000,0.800000,0.550000,0.800000,3,2,0,0
35060,0.550000,0.800000,0.550000,0.800000,3,2,0,0
35065,0.550000,0.800000,0.550000,0.800000,3,2,0,0
35070,0.550000,0.800000,0.550000,0.800000,3,2,0,0
35075,0.550000,0.800000,0.550000,0.800000,3,2,0,0
35080,0.550000,0.800000,0.550000,0.800000,3,2,0,0
35085,0.550000,0.800000,0.550000,0.800000,3,2,0,0
35090,0.550000,0.800000,0.550000,0.800000,3,2,0,0
35095,0.550000,0.800000,0.550000,0.800000,3,2,0,0
35100,0.550000,0.800000,0.550000,0.800000,3,2,0,0
35105,0.550000,0.800000,0.550000,0.800000,3,2,0,0
35110,0.550000,0.800000,0.550000,0.800000,3,2,0,0
35115,0.550000,0.800000,0.550000,0.800000,3,2,0,0
35120,0.550000,0.800000,0.550000,0.800000,3,2,0,0
35125,0.550000,0.800000,0.550000,0.800000,3,2,0,0
35130,0.550000,0.800000,0.550000,0.800000,3,2,0,0
35135,0.550000,0.800000,0.550000,0.800000,3,2,0,0
35140,0.550000,0.800000,0.550000,0.800000,3,2,0,0
35145,0.550000,0.800000,0.550000,0.800000,3,2,0,0
35150,0.550000,0.800000,0.550000,0.800000,3,2,0,0
35155,0.550000,0.800000,0.550000,0.800000,3,2,0,0
35160,0.550000,0.800000,0.550000,0.800000,3,2,0,0
35165,0.550000,0.800000,0.550000,0.800000,3,2,0,0
35170,0.550000,0.800000,0.550000,0.800000,3,2,0,0
35175,0.550000,0.800000,0.550000,0.800000,3,2,0,0
35180,0.550000,0.800000,0.550000,0.800000,3,2,0,0
35185,0.550000,0.800000,0.550000,0.800000,3,2,0,0
35190,0.550000,0.800000,0.550000,0.800000,3,2,0,0
35195,0.550000,0.800000,0.550000,0.800000,3,2,0,0
35200,0.550000,0.800000,0.550000,0.800000,3,2,0,0
35205,0.550000,0.800000,0.550000,0.800000,3,2,0,0
35210,0.550000,0.800000,0.550000,0.800000,3,2,0,0
35215,0.550000,0.800000,0.550000,0.800000,3,2,0,0
35220,0.550000,0.800000,0.550000,0.800000,3,2,0,0
35225,0.550000,0.800000,0.550000,0.800000,3,2,0,0
35230,0.550000,0.800000,0.550000,0.800000,3,2,0,0
35235,0.550000,0.800000,0.550000,0.800000,3,2,0,0
35240,0.550000,0.800000,0.550000,0.800000,3,2,0,0
35245,0.550000,0.800000,0.550000,0.800000,3,2,0,0
35250,0.550000,0.800000,0.550000,0.800000,3,2,0,0
35255,0.550000,0.800000,0.550000,0.800000,3,2,0,0
35260,0.550000,0.800000,0.550000,0.800000,3,2,0,0
35265,0.550000,0.800000,0.550000,0.800000,3,2,0,0
35270,0.550000,0.800000,0.550000,0.800000,3,2,0,0
35275,0.550000,0.800000,0.550000,0.800000,3,2,0,0
35280,0.550000,0.800000,0.550000,0.800000,3,2,0,0
35285,0.550000,0.800000,0.550000,0.800000,3,2,0,0
35290,0.550000,0.800000,0.550000,0.800000,3,2,0,0
35295,0.550000,0.800000,0.550000,0.800000,3,2,0,0
35300,0.550000,0.800000,0.550000,0.800000,3,2,0,0
35305,0.550000,0.800000,0.550000,0.800000,3,2,0,0
35310,0.550000,0.800000,0.550000,0.800000,3,2,0,0
35315,0.550000,0.800000,0.550000,0.800000,3,2,0,0
35320,0.550000,0.800000,0.550000,0.800000,3,2,0,0
35325,0.550000,0.800000,0.550000,0.800000,3,2,0,0
35330,0.550000,0.800000,0.550000,0.800000,3,2,0,0
35335,0.550000,0.800000,0.550000,0.800000,3,2,0,0
35340,0.550000,0.800000,0.550000,0.800000,3,2,0,0
35345,0.550000,0.800000,0.550000,0.800000,3,2,0,0
35350,0.550000,0.800000,0.550000,0.800000,3,2,0,0
35355,0.550000,0.800000,0.550000,0.800000,3,2,0,0
35360,0.550000,0.800000,0.550000,0.800000,3,2,0,0
35365,0.550000,0.800000,0.550000,0.800000,3,2,0,0
35370,0.550000,0.800000,0.550000,0.800000,3,2,0,0
35375,0.550000,0.800000,0.550000,0.800000,3,2,0,0
35380,0.550000,0.800000,0.550000,0.800000,3,2,0,0
35385,0.550000,0.800000,0.550000,0.800000,3,2,0,0
35390,0.550000,0.800000,0.550000,0.800000,3,2,0,0
35395,0.550000,0.800000,0.550000,0.800000,3,2,0,0
35400,0.550000,0.800000,0.550000,0.800000,3,2,0,0
35405,0.550000,0.800000,0.550000,0.800000,3,2,0,0
35410,0.550000,0.800000,0.550000,0.800000,3,2,0,0
35415,0.550000,0.800000,0.550000,0.800000,3,2,0,0
35420,0.550000,0.800000,0.550000,0.800000,3,2,0,0
35425,0.550000,0.800000,0.550000,0.800000,3,2,0,0
35430,0.550000,0.800000,0.550000,0.800000,3,2,0,0
35435,0.550000,0.800000,0.550000,0.800000,3,2,0,0
35440,0.550000,0.800000,0.550000,0.800000,3,2,0,0
35445,0.550000,0.800000,0.550000,0.800000,3,2,0,0
35450,0.550000,0.800000,0.550000,0.800000,3,2,0,0
35455,0.550000,0.800000,0.550000,0.800000,3,2,0,0
35460,0.550000,0.800000,0.550000,0.800000,3,2,0,0
35465,0.550000,0.800000,0.550000,0.800000,3,2,0,0
35470,0.550000,0.800000,0.550000,0.800000,3,2,0,0
35475,0.550000,0.800000,0.550000,0.800000,3,2,0,0
35480,0.550000,0.800000,0.550000,0.800000,3,2,0,0
35485,0.550000,0.800000,0.550000,0.800000,3,2,0,0
35490,0.550000,0.800000,0.550000,0.800000,3,2,0,0
35495,0.550000,0.800000,0.550000,0.800000,3,2,0,0
35500,0.550000,0.800000,0.550000,0.800000,3,2,0,0
35505,0.550000,0.800000,0.550000,0.800000,3,2,0,0
35510,0.550000,0.800000,0.550000,0.800000,3,2,0,0
35515,0.550000,0.800000,0.550000,0.800000,3,2,0,0
35520,0.550000,0.800000,0.550000,0.800000,3,2,0,0
35525,0.550000,0.800000,0.550000,0.800000,3,2,0,0
35530,0.550000,0.800000,0.550000,0.800000,3,2,0,0
35535,0.550000,0.800000,0.550000,0.800000,3,2,0,0
35540,0.550000,0.800000,0.550000,0.800000,3,2,0,0
35545,0.550000,0.800000,0.550000,0.800000,3,2,0,0
35550,0.550000,0.800000,0.550000,0.800000,3,2,0,0
35555,0.550000,0.800000,0.550000,0.800000,3,2,0,0
35560,0.550000,0.800000,0.550000,0.800000,3,2,0,0
35565,0.550000,0.800000,0.550000,0.800000,3,2,0,0
35570,0.550000,0.800000,0.550000,0.800000,3,2,0,0
35575,0.550000,0.800000,0.550000,0.800000,3,2,0,0
35580,0.550000,0.800000,0.550000,0.800000,3,2,0,0
35585,0.550000,0.800000,0.550000,0.800000,3,2,0,0
35590,0.550000,0.800000,0.550000,0.800000,3,2,0,0
35595,0.550000,0.800000,0.550000,0.800000,3,2,0,0
35600,0.550000,0.800000,0.550000,0.800000,3,2,0,0
35605,0.550000,0.800000,0.550000,0.800000,3,2,0,0
35610,0.550000,0.800000,0.550000,0.800000,3,2,0,0
35615,0.550000,0.800000,0.550000,0.800000,3,2,0,0
35620,0.550000,0.800000,0.550000,0.800000,3,2,0,0
35625,0.550000,0.800000,0.550000,0.800000,3,2,0,0
35630,0.550000,0.800000,0.550000,0.800000,3,2,0,0
35635,0.550000,0.800000,0.550000,0.800000,3,2,0,0
35640,0.550000,0.800000,0.550000,0.800000,3,2,0,0
35645,0.550000,0.800000,0.550000,0.800000,3,2,0,0
35650,0.550000,0.800000,0.550000,0.800000,3,2,0,0
35655,0.550000,0.800000,0.550000,0.800000,3,2,0,0
35660,0.550000,0.800000,0.550000,0.800000,3,2,0,0
35665,0.550000,0.800000,0.550000,0.800000,3,2,0,0
35670,0.550000,0.800000,0.550000,0.800000,3,2,0,0
35675,0.550000,0.800000,0.550000,0.800000,3,2,0,0
35680,0.550000,0.800000,0.550000,0.800000,3,2,0,0
35685,0.550000,0.800000,0.550000,0.800000,3,2,0,0
35690,0.550000,0.800000,0.550000,0.800000,3,2,0,0
35695,0.550000,0.800000,0.550000,0.800000,3,2,0,0
35700,0.550000,0.800000,0.550000,0.800000,3,2,0,0
35705,0.550000,0.800000,0.550000,0.800000,3,2,0,0
35710,0.550000,0.800000,0.550000,0.800000,3,2,0,0
35715,0.550000,0.800000,0.550000,0.800000,3,2,0,0
35720,0.550000,0.800000,0.550000,0.800000,3,2,0,0
35725,0.550000,0.800000,0.550000,0.800000,3,2,0,0
35730,0.550000,0.800000,0.550000,0.800000,3,2,0,0
35735,0.550000,0.800000,0.550000,0.800000,3,2,0,0
35740,0.550000,0.800000,0.550000,0.800000,3,2,0,0
35745,0.550000,0.800000,0.550000,0.800000,3,2,0,0
35750,0.550000,0.800000,0.550000,0.800000,3,2,0,0
35755,0.550000,0.800000,0.550000,0.800000,3,2,0,0
35760,0.550000,0.800000,0.550000,0.800000,3,2,0,0
35765,0.550000,0.800000,0.550000,0.800000,3,2,0,0
35770,0.550000,0.800000,0.550000,0.800000,3,2,0,0
35775,0.550000,0.800000,0.550000,0.800000,3,2,0,0
35780,0.550000,0.800000,0.550000,0.800000,3,2,0,0
35785,0.550000,0.800000,0.550000,0.800000,3,2,0,0
35790,0.550000,0.800000,0.550000,0.800000,3,2,0,0
35795,0.550000,0.800000,0.550000,0.800000,3,2,0,0
35800,1.000000,0.800000,0.850000,0.800000,3,2,0,0
35805,1.000000,0.800000,0.850000,0.800000,3,2,0,0
35810,1.000000,0.800000,0.850000,0.800000,3,2,0,0
35815,1.000000,0.800000,0.850000,0.800000,3,2,0,0
35820,1.000000,0.800000,0.850000,0.800000,3,2,0,0
35825,1.000000,0.800000,0.850000,0.800000,3,2,0,0
35830,1.000000,0.800000,0.850000,0.800000,3,2,0,0
35835,1.000000,0.800000,0.850000,0.800000,3,2,0,0
35840,1.000000,0.800000,0.850000,0.800000,3,2,0,0
35845,1.000000,0.800000,0.850000,0.800000,3,2,0,0
35850,1.000000,0.800000,0.850000,0.800000,3,2,0,0
35855,1.000000,0.800000,0.850000,0.800000,3,2,0,0
35860,1.000000,0.800000,0.850000,0.800000,3,2,0,0
35865,1.000000,0.800000,0.850000,0.800000,3,2,0,0
35870,1.000000,0.800000,0.850000,0.800000,3,2,0,0
35875,1.000000,0.800000,0.850000,0.800000,3,2,0,0
35880,1.000000,0.800000,0.850000,0.800000,3,2,0,0
35885,1.000000,0.800000,0.850000,0.800000,3,2,0,0
35890,1.000000,0.800000,0.850000,0.800000,3,2,0,0
35895,1.000000,0.800000,0.850000,0.800000,3,2,0,0
35900,1.000000,0.800000,0.850000,0.800000,3,2,0,0
35905,1.000000,0.800000,0.850000,0.800000,3,2,0,0
35910,1.000000,0.800000,0.850000,0.800000,3,2,0,0
35915,1.000000,0.800000,0.850000,0.800000,3,2,0,0
35920,1.000000,0.800000,0.850000,0.800000,3,2,0,0
35925,1.000000,0.800000,0.850000,0.800000,3,2,0,0
35930,1.000000,0.800000,0.850000,0.800000,3,2,0,0
35935,1.000000,0.800000,0.850000,0.800000,3,2,0,0
35940,1.000000,0.800000,0.850000,0.800000,3,2,0,0
35945,1.000000,0.800000,0.850000,0.800000,3,2,0,0
35950,1.000000,0.800000,0.850000,0.800000,3,2,0,0
35955,1.000000,0.800000,0.850000,0.800000,3,2,0,0
35960,1.000000,0.800000,0.850000,0.800000,3,2,0,0
35965,1.000000,0.800000,0.850000,0.800000,3,2,0,0
35970,1.000000,0.800000,0.850000,0.800000,3,2,0,0
35975,1.000000,0.800000,0.850000,0.800000,3,2,0,0
35980,1.000000,0.800000,0.850000,0.800000,3,2,0,0
35985,1.000000,0.800000,0.850000,0.800000,3,2,0,0
35990,1.000000,0.800000,0.850000,0.800000,3,2,0,0
35995,1.000000,0.800000,0.850000,0.800000,3,2,0,0
36000,1.000000,0.250000,0.850000,0.250000,3,2,0,0
36005,1.000000,0.250000,0.850000,0.250000,3,2,0,0
36010,1.000000,0.250000,0.850000,0.250000,3,2,0,0
36015,1.000000,0.250000,0.850000,0.250000,3,2,0,0
36020,1.000000,0.250000,0.850000,0.250000,3,2,0,0
36025,1.000000,0.250000,0.850000,0.250000,3,2,0,0
36030,1.000000,0.250000,0.850000,0.250000,3,2,0,0
36035,1.000000,0.250000,0.850000,0.250000,3,2,0,0
36040,1.000000,0.250000,0.850000,0.250000,3,2,0,0
36045,1.000000,0.250000,0.850000,0.250000,3,2,0,0
36050,1.000000,0.250000,0.850000,0.250000,3,2,0,0
36055,1.000000,0.250000,0.850000,0.250000,3,2,0,0
36060,1.000000,0.250000,0.850000,0.250000,3,2,0,0
36065,1.000000,0.250000,0.850000,0.250000,3,2,0,0
36070,1.000000,0.250000,0.850000,0.250000,3,2,0,0
36075,1.000000,0.250000,0.850000,0.250000,3,2,0,0
36080,1.000000,0.250000,0.850000,0.250000,3,2,0,0
36085,1.000000,0.250000,0.850000,0.250000,3,2,0,0
36090,1.000000,0.250000,0.850000,0.250000,3,2,0,0
36095,1.000000,0.250000,0.850000,0.250000,3,2,0,0
36100,1.000000,0.250000,0.850000,0.250000,3,2,0,0
36105,1.000000,0.250000,0.850000,0.250000,3,2,0,0
36110,1.000000,0.250000,0.850000,0.250000,3,2,0,0
36115,1.000000,0.250000,0.850000,0.250000,3,2,0,0
36120,1.000000,0.250000,0.850000,0.250000,3,2,0,0
36125,1.000000,0.250000,0.850000,0.250000,3,2,0,0
36130,1.000000,0.250000,0.850000,0.250000,3,2,0,0
36135,1.000000,0.250000,0.850000,0.250000,3,2,0,0
36140,1.000000,0.250000,0.850000,0.250000,3,2,0,0
36145,1.000000,0.250000,0.850000,0.250000,3,2,0,0
36150,1.000000,0.250000,0.850000,0.250000,3,2,0,0
36155,1.000000,0.250000,0.850000,0.250000,3,2,0,0
36160,1.000000,0.250000,0.850000,0.250000,3,2,0,0
36165,1.000000,0.250000,0.850000,0.250000,3,2,0,0
36170,1.000000,0.250000,0.850000,0.250000,3,2,0,0
36175,1.000000,0.250000,0.850000,0.250000,3,2,0,0
36180,1.000000,0.250000,0.850000,0.250000,3,2,0,0
36185,1.000000,0.250000,0.850000,0.250000,3,2,0,0
36190,1.000000,0.250000,0.850000,0.250000,3,2,0,0
36195,1.000000,0.250000,0.850000,0.250000,3,2,0,0
36200,1.000000,0.250000,0.850000,0.250000,3,2,0,0
36205,1.000000,0.250000,0.850000,0.250000,3,2,0,0
36210,1.000000,0.250000,0.850000,0.250000,3,2,0,0
36215,1.000000,0.250000,0.850000,0.250000,3,2,0,0
36220,1.000000,0.250000,0.850000,0.250000,3,2,0,0
36225,1.000000,0.250000,0.850000,0.250000,3,2,0,0
36230,1.000000,0.250000,0.850000,0.250000,3,2,0,0
36235,1.000000,0.250000,0.850000,0.250000,3,2,0,0
36240,1.000000,0.250000,0.850000,0.250000,3,2,0,0
36245,1.000000,0.250000,0.850000,0.250000,3,2,0,0
36250,1.000000,0.250000,0.850000,0.250000,3,2,0,0
36255,1.000000,0.250000,0.850000,0.250000,3,2,0,0
36260,1.000000,0.250000,0.850000,0.250000,3,2,0,0
36265,1.000000,0.250000,0.850000,0.250000,3,2,0,0
36270,1.000000,0.250000,0.850000,0.250000,3,2,0,0
36275,1.000000,0.250000,0.850000,0.250000,3,2,0,0
36280,1.000000,0.250000,0.850000,0.250000,3,2,0,0
36285,1.000000,0.250000,0.850000,0.250000,3,2,0,0
36290,1.000000,0.250000,0.850000,0.250000,3,2,0,0
36295,1.000000,0.250000,0.850000,0.250000,3,2,0,0
36300,1.000000,0.250000,0.850000,0.250000,3,2,0,0
36305,1.000000,0.250000,0.850000,0.250000,3,2,0,0
36310,1.000000,0.250000,0.850000,0.250000,3,2,0,0
36315,1.000000,0.250000,0.850000,0.250000,3,2,0,0
36320,1.000000,0.250000,0.850000,0.250000,3,2,0,0
36325,1.000000,0.250000,0.850000,0.250000,3,2,0,0
36330,1.000000,0.250000,0.850000,0.250000,3,2,0,0
36335,1.000000,0.250000,0.850000,0.250000,3,2,0,0
36340,1.000000,0.250000,0.850000,0.250000,3,2,0,0
36345,1.000000,0.250000,0.850000,0.250000,3,2,0,0
36350,1.000000,0.250000,0.850000,0.250000,3,2,0,0
36355,1.000000,0.250000,0.850000,0.250000,3,2,0,0
36360,1.000000,0.250000,0.850000,0.250000,3,2,0,0
36365,1.000000,0.250000,0.850000,0.250000,3,2,0,0
36370,1.000000,0.250000,0.850000,0.250000,3,2,0,0
36375,1.000000,0.250000,0.850000,0.250000,3,2,0,0
36380,1.000000,0.250000,0.850000,0.250000,3,2,0,0
36385,1.000000,0.250000,0.850000,0.250000,3,2,0,0
36390,1.000000,0.250000,0.850000,0.250000,3,2,0,0
36395,1.000000,0.250000,0.850000,0.250000,3,2,0,0
36400,1.000000,0.250000,0.850000,0.250000,3,2,0,0
36405,1.000000,0.250000,0.850000,0.250000,3,2,0,0
36410,1.000000,0.250000,0.850000,0.250000,3,2,0,0
36415,1.000000,0.250000,0.850000,0.250000,3,2,0,0
36420,1.000000,0.250000,0.850000,0.250000,3,2,0,0
36425,1.000000,0.250000,0.850000,0.250000,3,2,0,0
36430,1.000000,0.250000,0.850000,0.250000,3,2,0,0
36435,1.000000,0.250000,0.850000,0.250000,3,2,0,0
36440,1.000000,0.250000,0.850000,0.250000,3,2,0,0
36445,1.000000,0.250000,0.850000,0.250000,3,2,0,0
36450,1.000000,0.250000,0.850000,0.250000,3,2,0,0
36455,1.000000,0.250000,0.850000,0.250000,3,2,0,0
36460,1.000000,0.250000,0.850000,0.250000,3,2,0,0
36465,1.000000,0.250000,0.850000,0.250000,3,2,0,0
36470,1.000000,0.250000,0.850000,0.250000,3,2,0,0
36475,1.000000,0.250000,0.850000,0.250000,3,2,0,0
36480,1.000000,0.250000,0.850000,0.250000,3,2,0,0
36485,1.000000,0.250000,0.850000,0.250000,3,2,0,0
36490,1.000000,0.250000,0.850000,0.250000,3,2,0,0
36495,1.000000,0.250000,0.850000,0.250000,3,2,0,0
36500,1.000000,0.250000,0.850000,0.250000,3,2,0,0
36505,1.000000,0.250000,0.850000,0.250000,3,2,0,0
36510,1.000000,0.250000,0.850000,0.250000,3,2,0,0
36515,1.000000,0.250000,0.850000,0.250000,3,2,0,0
36520,1.000000,0.250000,0.850000,0.250000,3,2,0,0
36525,1.000000,0.250000,0.850000,0.250000,3,2,0,0
36530,1.000000,0.250000,0.850000,0.250000,3,2,0,0
36535,1.000000,0.250000,0.850000,0.250000,3,2,0,0
36540,1.000000,0.250000,0.850000,0.250000,3,2,0,0
36545,1.000000,0.250000,0.850000,0.250000,3,2,0,0
36550,1.000000,0.250000,0.850000,0.250000,3,2,0,0
36555,1.000000,0.250000,0.850000,0.250000,3,2,0,0
36560,1.000000,0.250000,0.850000,0.250000,3,2,0,0
36565,1.000000,0.250000,0.850000,0.250000,3,2,0,0
36570,1.000000,0.250000,0.850000,0.250000,3,2,0,0
36575,1.000000,0.250000,0.850000,0.250000,3,2,0,0
36580,1.000000,0.250000,0.850000,0.250000,3,2,0,0
36585,1.000000,0.250000,0.850000,0.250000,3,2,0,0
36590,1.000000,0.250000,0.850000,0.250000,3,2,0,0
36595,1.000000,0.250000,0.850000,0.250000,3,2,0,0
36600,1.000000,0.250000,0.850000,0.250000,3,2,0,0
36605,1.000000,0.250000,0.850000,0.250000,3,2,0,0
36610,1.000000,0.250000,0.850000,0.250000,3,2,0,0
36615,1.000000,0.250000,0.850000,0.250000,3,2,0,0
36620,1.000000,0.250000,0.850000,0.250000,3,2,0,0
36625,1.000000,0.250000,0.850000,0.250000,3,2,0,0
36630,1.000000,0.250000,0.850000,0.250000,3,2,0,0
36635,1.000000,0.250000,0.850000,0.250000,3,2,0,0
36640,1.000000,0.250000,0.850000,0.250000,3,2,0,0
36645,1.000000,0.250000,0.850000,0.250000,3,2,0,0
36650,1.000000,0.250000,0.850000,0.250000,3,2,0,0
36655,1.000000,0.250000,0.850000,0.250000,3,2,0,0
36660,1.000000,0.250000,0.850000,0.250000,3,2,0,0
36665,1.000000,0.250000,0.850000,0.250000,3,2,0,0
36670,1.000000,0.250000,0.850000,0.250000,3,2,0,0
36675,1.000000,0.250000,0.850000,0.250000,3,2,0,0
36680,1.000000,0.250000,0.850000,0.250000,3,2,0,0
36685,1.000000,0.250000,0.850000,0.250000,3,2,0,0
36690,1.000000,0.250000,0.850000,0.250000,3,2,0,0
36695,1.000000,0.250000,0.850000,0.250000,3,2,0,0
36700,1.000000,0.250000,0.850000,0.250000,3,2,0,0
36705,1.000000,0.250000,0.850000,0.250000,3,2,0,0
36710,1.000000,0.250000,0.850000,0.250000,3,2,0,0
36715,1.000000,0.250000,0.850000,0.250000,3,2,0,0
36720,1.000000,0.250000,0.850000,0.250000,3,2,0,0
36725,1.000000,0.250000,0.850000,0.250000,3,2,0,0
36730,1.000000,0.250000,0.850000,0.250000,3,2,0,0
36735,1.000000,0.250000,0.850000,0.250000,3,2,0,0
36740,1.000000,0.250000,0.850000,0.250000,3,2,0,0
36745,1.000000,0.250000,0.850000,0.250000,3,2,0,0
36750,1.000000,0.250000,0.850000,0.250000,3,2,0,0
36755,1.000000,0.250000,0.850000,0.250000,3,2,0,0
36760,1.000000,0.250000,0.850000,0.250000,3,2,0,0
36765,1.000000,0.250000,0.850000,0.250000,3,2,0,0
36770,1.000000,0.250000,0.850000,0.250000,3,2,0,0
36775,1.000000,0.250000,0.850000,0.250000,3,2,0,0
36780,1.000000,0.250000,0.850000,0.250000,3,2,0,0
36785,1.000000,0.250000,0.850000,0.250000,3,2,0,0
36790,1.000000,0.250000,0.850000,0.250000,3,2,0,0
36795,1.000000,0.250000,0.850000,0.250000,3,2,0,0
36800,1.000000,0.250000,0.850000,0.250000,3,2,0,0
36805,1.000000,0.250000,0.850000,0.250000,3,2,0,0
36810,1.000000,0.250000,0.850000,0.250000,3,2,0,0
36815,1.000000,0.250000,0.850000,0.250000,3,2,0,0
36820,1.000000,0.250000,0.850000,0.250000,3,2,0,0
36825,1.000000,0.250000,0.850000,0.250000,3,2,0,0
36830,1.000000,0.250000,0.850000,0.250000,3,2,0,0
36835,1.000000,0.250000,0.850000,0.250000,3,2,0,0
36840,1.000000,0.250000,0.850000,0.250000,3,2,0,0
36845,1.000000,0.250000,0.850000,0.250000,3,2,0,0
36850,1.000000,0.250000,0.850000,0.250000,3,2,0,0
36855,1.000000,0.250000,0.850000,0.250000,3,2,0,0
36860,1.000000,0.250000,0.850000,0.250000,3,2,0,0
36865,1.000000,0.250000,0.850000,0.250000,3,2,0,0
36870,1.000000,0.250000,0.850000,0.250000,3,2,0,0
36875,1.000000,0.250000,0.850000,0.250000,3,2,0,0
36880,1.000000,0.250000,0.850000,0.250000,3,2,0,0
36885,1.000000,0.250000,0.850000,0.250000,3,2,0,0
36890,1.000000,0.250000,0.850000,0.250000,3,2,0,0
36895,1.000000,0.250000,0.850000,0.250000,3,2,0,0
36900,1.000000,0.250000,0.850000,0.250000,3,2,0,0
36905,1.000000,0.250000,0.850000,0.250000,3,2,0,0
36910,1.000000,0.250000,0.850000,0.250000,3,2,0,0
36915,1.000000,0.250000,0.850000,0.250000,3,2,0,0
36920,1.000000,0.250000,0.850000,0.250000,3,2,0,0
36925,1.000000,0.250000,0.850000,0.250000,3,2,0,0
36930,1.000000,0.250000,0.850000,0.250000,3,2,0,0
36935,1.000000,0.250000,0.850000,0.250000,3,2,0,0
36940,1.000000,0.250000,0.850000,0.250000,3,2,0,0
36945,1.000000,0.250000,0.850000,0.250000,3,2,0,0
36950,1.000000,0.250000,0.850000,0.250000,3,2,0,0
36955,1.000000,0.250000,0.850000,0.250000,3,2,0,0
36960,1.000000,0.250000,0.850000,0.250000,3,2,0,0
36965,1.000000,0.250000,0.850000,0.250000,3,2,0,0
36970,1.000000,0.250000,0.850000,0.250000,3,2,0,0
36975,1.000000,0.250000,0.850000,0.250000,3,2,0,0
36980,1.000000,0.250000,0.850000,0.250000,3,2,0,0
36985,1.000000,0.250000,0.850000,0.250000,3,2,0,0
36990,1.000000,0.250000,0.850000,0.250000,3,2,0,0
36995,1.000000,0.250000,0.850000,0.250000,3,2,0,0
37000,1.000000,0.250000,0.850000,0.250000,3,2,0,0
37005,1.000000,0.250000,0.850000,0.250000,3,2,0,0
37010,1.000000,0.250000,0.850000,0.250000,3,2,0,0
37015,1.000000,0.250000,0.850000,0.250000,3,2,0,0
37020,1.000000,0.250000,0.850000,0.250000,3,2,0,0
37025,1.000000,0.250000,0.850000,0.250000,3,2,0,0
37030,1.000000,0.250000,0.850000,0.250000,3,2,0,0
37035,1.000000,0.250000,0.850000,0.250000,3,2,0,0
37040,1.000000,0.250000,0.850000,0.250000,3,2,0,0
37045,1.000000,0.250000,0.850000,0.250000,3,2,0,0
37050,1.000000,0.250000,0.850000,0.250000,3,2,0,0
37055,1.000000,0.250000,0.850000,0.250000,3,2,0,0
37060,1.000000,0.250000,0.850000,0.250000,3,2,0,0
37065,1.000000,0.250000,0.850000,0.250000,3,2,0,0
37070,1.000000,0.250000,0.850000,0.250000,3,2,0,0
37075,1.000000,0.250000,0.850000,0.250000,3,2,0,0
37080,1.000000,0.250000,0.850000,0.250000,3,2,0,0
37085,1.000000,0.250000,0.850000,0.250000,3,2,0,0
37090,1.000000,0.250000,0.850000,0.250000,3,2,0,0
37095,1.000000,0.250000,0.850000,0.250000,3,2,0,0
37100,1.000000,0.250000,0.850000,0.250000,3,2,0,0
37105,1.000000,0.250000,0.850000,0.250000,3,2,0,0
37110,1.000000,0.250000,0.850000,0.250000,3,2,0,0
37115,1.000000,0.250000,0.850000,0.250000,3,2,0,0
37120,1.000000,0.250000,0.850000,0.250000,3,2,0,0
37125,1.000000,0.250000,0.850000,0.250000,3,2,0,0
37130,1.000000,0.250000,0.850000,0.250000,3,2,0,0
37135,1.000000,0.250000,0.850000,0.250000,3,2,0,0
37140,1.000000,0.250000,0.850000,0.250000,3,2,0,0
37145,1.000000,0.250000,0.850000,0.250000,3,2,0,0
37150,1.000000,0.250000,0.850000,0.250000,3,2,0,0
37155,1.000000,0.250000,0.850000,0.250000,3,2,0,0
37160,1.000000,0.250000,0.850000,0.250000,3,2,0,0
37165,1.000000,0.250000,0.850000,0.250000,3,2,0,0
37170,1.000000,0.250000,0.850000,0.250000,3,2,0,0
37175,1.000000,0.250000,0.850000,0.250000,3,2,0,0
37180,1.000000,0.250000,0.850000,0.250000,3,2,0,0
37185,1.000000,0.250000,0.850000,0.250000,3,2,0,0
37190,1.000000,0.250000,0.850000,0.250000,3,2,0,0
37195,1.000000,0.250000,0.850000,0.250000,3,2,0,0
37200,1.000000,0.250000,0.850000,0.250000,3,2,0,0
37205,1.000000,0.250000,0.850000,0.250000,3,2,0,0
37210,1.000000,0.250000,0.850000,0.250000,3,2,0,0
37215,1.000000,0.250000,0.850000,0.250000,3,2,0,0
37220,1.000000,0.250000,0.850000,0.250000,3,2,0,0
37225,1.000000,0.250000,0.850000,0.250000,3,2,0,0
37230,1.000000,0.250000,0.850000,0.250000,3,2,0,0
37235,1.000000,0.250000,0.850000,0.250000,3,2,0,0
37240,1.000000,0.250000,0.850000,0.250000,3,2,0,0
37245,1.000000,0.250000,0.850000,0.250000,3,2,0,0
37250,1.000000,0.250000,0.850000,0.250000,3,2,0,0
37255,1.000000,0.250000,0.850000,0.250000,3,2,0,0
37260,1.000000,0.250000,0.850000,0.250000,3,2,0,0
37265,1.000000,0.250000,0.850000,0.250000,3,2,0,0
37270,1.000000,0.250000,0.850000,0.250000,3,2,0,0
37275,1.000000,0.250000,0.850000,0.250000,3,2,0,0
37280,1.000000,0.250000,0.850000,0.250000,3,2,0,0
37285,1.000000,0.250000,0.850000,0.250000,3,2,0,0
37290,1.000000,0.250000,0.850000,0.250000,3,2,0,0
37295,1.000000,0.250000,0.850000,0.250000,3,2,0,0
37300,1.000000,0.250000,0.850000,0.250000,3,2,0,0
37305,1.000000,0.250000,0.850000,0.250000,3,2,0,0
37310,1.000000,0.250000,0.850000,0.250000,3,2,0,0
37315,1.000000,0.250000,0.850000,0.250000,3,2,0,0
37320,1.000000,0.250000,0.850000,0.250000,3,2,0,0
37325,1.000000,0.250000,0.850000,0.250000,3,2,0,0
37330,1.000000,0.250000,0.850000,0.250000,3,2,0,0
37335,1.000000,0.250000,0.850000,0.250000,3,2,0,0
37340,1.000000,0.250000,0.850000,0.250000,3,2,0,0
37345,1.000000,0.250000,0.850000,0.250000,3,2,0,0
37350,1.000000,0.250000,0.850000,0.250000,3,2,0,0
37355,1.000000,0.250000,0.850000,0.250000,3,2,0,0
37360,1.000000,0.250000,0.850000,0.250000,3,2,0,0
37365,1.000000,0.250000,0.850000,0.250000,3,2,0,0
37370,1.000000,0.250000,0.850000,0.250000,3,2,0,0
37375,1.000000,0.250000,0.850000,0.250000,3,2,0,0
37380,1.000000,0.250000,0.850000,0.250000,3,2,0,0
37385,1.000000,0.250000,0.850000,0.250000,3,2,0,0
37390,1.000000,0.250000,0.850000,0.250000,3,2,0,0
37395,1.000000,0.250000,0.850000,0.250000,3,2,0,0
37400,1.000000,0.250000,0.850000,0.250000,3,2,0,0
37405,1.000000,0.250000,0.850000,0.250000,3,2,0,0
37410,1.000000,0.250000,0.850000,0.250000,3,2,0,0
37415,1.000000,0.250000,0.850000,0.250000,3,2,0,0
37420,1.000000,0.250000,0.850000,0.250000,3,2,0,0
37425,1.000000,0.250000,0.850000,0.250000,3,2,0,0
37430,1.000000,0.250000,0.850000,0.250000,3,2,0,0
37435,1.000000,0.250000,0.850000,0.250000,3,2,0,0
37440,1.000000,0.250000,0.850000,0.250000,3,2,0,0
37445,1.000000,0.250000,0.850000,0.250000,3,2,0,0
37450,1.000000,0.250000,0.850000,0.250000,3,2,0,0
37455,1.000000,0.250000,0.850000,0.250000,3,2,0,0
37460,1.000000,0.250000,0.850000,0.250000,3,2,0,0
37465,1.000000,0.250000,0.850000,0.250000,3,2,0,0
37470,1.000000,0.250000,0.850000,0.250000,3,2,0,0
37475,1.000000,0.250000,0.850000,0.250000,3,2,0,0
37480,1.000000,0.250000,0.850000,0.250000,3,2,0,0
37485,1.000000,0.250000,0.850000,0.250000,4,2,0,0
37490,1.000000,0.250000,0.850000,0.250000,4,2,0,0
37495,1.000000,0.250000,0.850000,0.250000,4,2,0,0
37500,1.000000,0.250000,0.850000,0.250000,4,2,0,0
37505,1.000000,0.250000,0.850000,0.250000,4,2,0,0
37510,1.000000,0.250000,0.850000,0.250000,4,2,0,0
37515,1.000000,0.250000,0.850000,0.250000,4,2,0,0
37520,1.000000,0.250000,0.850000,0.250000,4,2,0,0
37525,1.000000,0.250000,0.850000,0.250000,4,2,0,0
37530,1.000000,0.250000,0.850000,0.250000,4,2,0,0
37535,1.000000,0.250000,0.850000,0.250000,4,2,0,0
37540,1.000000,0.250000,0.850000,0.250000,4,2,0,0
37545,1.000000,0.250000,0.850000,0.250000,4,2,0,0
37550,1.000000,0.250000,0.850000,0.250000,4,2,0,0
37555,1.000000,0.250000,0.850000,0.250000,4,2,0,0
37560,1.000000,0.250000,0.850000,0.250000,4,2,0,0
37565,1.000000,0.250000,0.850000,0.250000,4,2,0,0
37570,1.000000,0.250000,0.850000,0.250000,4,2,0,0
37575,1.000000,0.250000,0.850000,0.250000,4,2,0,0
37580,1.000000,0.250000,0.850000,0.250000,4,2,0,0
37585,1.000000,0.250000,0.850000,0.250000,4,2,0,0
37590,1.000000,0.250000,0.850000,0.250000,4,2,0,0
37595,1.000000,0.250000,0.850000,0.250000,4,2,0,0
37600,1.000000,0.250000,0.850000,0.250000,4,2,0,0
37605,1.000000,0.250000,0.850000,0.250000,4,2,0,0
37610,1.000000,0.250000,0.850000,0.250000,4,2,0,0
37615,1.000000,0.250000,0.850000,0.250000,4,2,0,0
37620,1.000000,0.250000,0.850000,0.250000,4,2,0,0
37625,1.000000,0.250000,0.850000,0.250000,4,2,0,0
37630,1.000000,0.250000,0.850000,0.250000,4,2,0,0
37635,1.000000,0.250000,0.850000,0.250000,4,2,0,0
37640,1.000000,0.250000,0.850000,0.250000,4,2,0,0
37645,1.000000,0.250000,0.850000,0.250000,4,2,0,0
37650,1.000000,0.250000,0.850000,0.250000,4,2,0,0
37655,1.000000,0.250000,0.850000,0.250000,4,2,0,0
37660,1.000000,0.250000,0.850000,0.250000,4,2,0,0
37665,1.000000,0.250000,0.850000,0.250000,4,2,0,0
37670,1.000000,0.250000,0.850000,0.250000,4,2,0,0
37675,1.000000,0.250000,0.850000,0.250000,4,2,0,0
37680,1.000000,0.250000,0.850000,0.250000,4,2,0,0
37685,1.000000,0.250000,0.850000,0.250000,4,2,0,0
37690,1.000000,0.250000,0.850000,0.250000,4,2,0,0
37695,1.000000,0.250000,0.850000,0.250000,4,2,0,0
37700,1.000000,0.250000,0.850000,0.250000,4,2,0,0
37705,1.000000,0.250000,0.850000,0.250000,4,2,0,0
37710,1.000000,0.250000,0.850000,0.250000,4,2,0,0
37715,1.000000,0.250000,0.850000,0.250000,4,2,0,0
37720,1.000000,0.250000,0.850000,0.250000,4,2,0,0
37725,1.000000,0.250000,0.850000,0.250000,4,2,0,0
37730,1.000000,0.250000,0.850000,0.250000,4,2,0,0
37735,1.000000,0.250000,0.850000,0.250000,4,2,0,0
37740,1.000000,0.250000,0.850000,0.250000,4,2,0,0
37745,1.000000,0.250000,0.850000,0.250000,4,2,0,0
37750,1.000000,0.250000,0.850000,0.250000,4,2,0,0
37755,1.000000,0.250000,0.850000,0.250000,4,2,0,0
37760,1.000000,0.250000,0.850000,0.250000,4,2,0,0
37765,1.000000,0.250000,0.850000,0.250000,4,2,0,0
37770,1.000000,0.250000,0.850000,0.250000,4,2,0,0
37775,1.000000,0.250000,0.850000,0.250000,4,2,0,0
37780,1.000000,0.250000,0.850000,0.250000,4,2,0,0
37785,1.000000,0.250000,0.850000,0.250000,4,2,0,0
37790,1.000000,0.250000,0.850000,0.250000,4,2,0,0
37795,1.000000,0.250000,0.850000,0.250000,4,2,0,0
37800,1.000000,0.250000,0.850000,0.250000,4,2,0,0
37805,1.000000,0.250000,0.850000,0.250000,4,2,0,0
37810,1.000000,0.250000,0.850000,0.250000,4,2,0,0
37815,1.000000,0.250000,0.850000,0.250000,4,2,0,0
37820,1.000000,0.250000,0.850000,0.250000,4,2,0,0
37825,1.000000,0.250000,0.850000,0.250000,4,2,0,0
37830,1.000000,0.250000,0.850000,0.250000,4,2,0,0
37835,1.000000,0.250000,0.850000,0.250000,4,2,0,0
37840,1.000000,0.250000,0.850000,0.250000,4,2,0,0
37845,1.000000,0.250000,0.850000,0.250000,4,2,0,0
37850,1.000000,0.250000,0.850000,0.250000,4,2,0,0
37855,1.000000,0.250000,0.850000,0.250000,4,2,0,0
37860,1.000000,0.250000,0.850000,0.250000,4,2,0,0
37865,1.000000,0.250000,0.850000,0.250000,4,2,0,0
37870,1.000000,0.250000,0.850000,0.250000,4,2,0,0
37875,1.000000,0.250000,0.850000,0.250000,4,2,0,0
37880,1.000000,0.250000,0.850000,0.250000,4,2,0,0
37885,1.000000,0.250000,0.850000,0.250000,4,2,0,0
37890,1.000000,0.250000,0.850000,0.250000,4,2,0,0
37895,1.000000,0.250000,0.850000,0.250000,4,2,0,0
37900,1.000000,0.250000,0.850000,0.250000,4,2,0,0
37905,1.000000,0.250000,0.850000,0.250000,4,2,0,0
37910,1.000000,0.250000,0.850000,0.250000,4,2,0,0
37915,1.000000,0.250000,0.850000,0.250000,4,2,0,0
37920,1.000000,0.250000,0.850000,0.250000,4,2,0,0
37925,1.000000,0.250000,0.850000,0.250000,4,2,0,0
37930,1.000000,0.250000,0.850000,0.250000,4,2,0,0
37935,1.000000,0.250000,0.850000,0.250000,4,2,0,0
37940,1.000000,0.250000,0.850000,0.250000,4,2,0,0
37945,1.000000,0.250000,0.850000,0.250000,4,2,0,0
37950,1.000000,0.250000,0.850000,0.250000,4,2,0,0
37955,1.000000,0.250000,0.850000,0.250000,4,2,0,0
37960,1.000000,0.250000,0.850000,0.250000,4,2,0,0
37965,1.000000,0.250000,0.850000,0.250000,4,2,0,0
37970,1.000000,0.250000,0.850000,0.250000,4,2,0,0
37975,1.000000,0.250000,0.850000,0.250000,4,2,0,0
37980,1.000000,0.250000,0.850000,0.250000,4,2,0,0
37985,1.000000,0.250000,0.850000,0.250000,4,2,0,0
37990,1.000000,0.250000,0.850000,0.250000,4,2,0,0
37995,1.000000,0.250000,0.850000,0.250000,4,2,0,0
38000,1.000000,0.250000,0.850000,0.250000,4,2,0,0
38005,1.000000,0.250000,0.850000,0.250000,4,2,0,0
38010,1.000000,0.250000,0.850000,0.250000,4,2,0,0
38015,1.000000,0.250000,0.850000,0.250000,4,2,0,0
38020,1.000000,0.250000,0.850000,0.250000,4,2,0,0
38025,1.000000,0.250000,0.850000,0.250000,4,2,0,0
38030,1.000000,0.250000,0.850000,0.250000,4,2,0,0
38035,1.000000,0.250000,0.850000,0.250000,4,2,0,0
38040,1.000000,0.250000,0.850000,0.250000,4,2,0,0
38045,1.000000,0.250000,0.850000,0.250000,4,2,0,0
38050,1.000000,0.250000,0.850000,0.250000,4,2,0,0
38055,1.000000,0.250000,0.850000,0.250000,4,2,0,0
38060,1.000000,0.250000,0.850000,0.250000,4,2,0,0
38065,1.000000,0.250000,0.850000,0.250000,4,2,0,0
38070,1.000000,0.250000,0.850000,0.250000,4,2,0,0
38075,1.000000,0.250000,0.850000,0.250000,4,2,0,0
38080,1.000000,0.250000,0.850000,0.250000,4,2,0,0
38085,1.000000,0.250000,0.850000,0.250000,4,2,0,0
38090,1.000000,0.250000,0.850000,0.250000,4,2,0,0
38095,1.000000,0.250000,0.850000,0.250000,4,2,0,0
38100,1.000000,0.250000,0.850000,0.250000,4,2,0,0
38105,1.000000,0.250000,0.850000,0.250000,4,2,0,0
38110,1.000000,0.250000,0.850000,0.250000,4,2,0,0
38115,1.000000,0.250000,0.850000,0.250000,4,2,0,0
38120,1.000000,0.250000,0.850000,0.250000,4,2,0,0
38125,1.000000,0.250000,0.850000,0.250000,4,2,0,0
38130,1.000000,0.250000,0.850000,0.250000,4,2,0,0
38135,1.000000,0.250000,0.850000,0.250000,4,2,0,0
38140,1.000000,0.250000,0.850000,0.250000,4,2,0,0
38145,1.000000,0.250000,0.850000,0.250000,4,2,0,0
38150,1.000000,0.250000,0.850000,0.250000,4,2,0,0
38155,1.000000,0.250000,0.850000,0.250000,4,2,0,0
38160,1.000000,0.250000,0.850000,0.250000,4,2,0,0
38165,1.000000,0.250000,0.850000,0.250000,4,2,0,0
38170,1.000000,0.250000,0.850000,0.250000,4,2,0,0
38175,1.000000,0.250000,0.850000,0.250000,4,2,0,0
38180,1.000000,0.250000,0.850000,0.250000,4,2,0,0
38185,1.000000,0.250000,0.850000,0.250000,4,2,0,0
38190,1.000000,0.250000,0.850000,0.250000,4,2,0,0
38195,1.000000,0.250000,0.850000,0.250000,4,2,0,0
38200,1.000000,0.250000,0.850000,0.250000,4,2,0,0
38205,1.000000,0.250000,0.850000,0.250000,4,2,0,0
38210,1.000000,0.250000,0.850000,0.250000,4,2,0,0
38215,1.000000,0.250000,0.850000,0.250000,4,2,0,0
38220,1.000000,0.250000,0.850000,0.250000,4,2,0,0
38225,1.000000,0.250000,0.850000,0.250000,4,2,0,0
38230,1.000000,0.250000,0.850000,0.250000,4,2,0,0
38235,1.000000,0.250000,0.850000,0.250000,4,2,0,0
38240,1.000000,0.250000,0.850000,0.250000,4,2,0,0
38245,1.000000,0.250000,0.850000,0.250000,4,2,0,0
38250,1.000000,0.250000,0.850000,0.250000,4,2,0,0
38255,1.000000,0.250000,0.850000,0.250000,4,2,0,0
38260,1.000000,0.250000,0.850000,0.250000,4,2,0,0
38265,1.000000,0.250000,0.850000,0.250000,4,2,0,0
38270,1.000000,0.250000,0.850000,0.250000,4,2,0,0
38275,1.000000,0.250000,0.850000,0.250000,4,2,0,0
38280,1.000000,0.250000,0.850000,0.250000,4,2,0,0
38285,1.000000,0.250000,0.850000,0.250000,4,2,0,0
38290,1.000000,0.250000,0.850000,0.250000,4,2,0,0
38295,1.000000,0.250000,0.850000,0.250000,4,2,0,0
38300,1.000000,0.250000,0.850000,0.250000,4,2,0,0
38305,1.000000,0.250000,0.850000,0.250000,4,2,0,0
38310,1.000000,0.250000,0.850000,0.250000,4,2,0,0
38315,1.000000,0.250000,0.850000,0.250000,4,2,0,0
38320,1.000000,0.250000,0.850000,0.250000,4,2,0,0
38325,1.000000,0.250000,0.850000,0.250000,4,2,0,0
38330,1.000000,0.250000,0.850000,0.250000,4,2,0,0
38335,1.000000,0.250000,0.850000,0.250000,4,2,0,0
38340,1.000000,0.250000,0.850000,0.250000,4,2,0,0
38345,1.000000,0.250000,0.850000,0.250000,4,2,0,0
38350,1.000000,0.250000,0.850000,0.250000,4,2,0,0
38355,1.000000,0.250000,0.850000,0.250000,4,2,0,0
38360,1.000000,0.250000,0.850000,0.250000,4,2,0,0
38365,1.000000,0.250000,0.850000,0.250000,4,2,0,0
38370,1.000000,0.250000,0.850000,0.250000,4,2,0,0
38375,1.000000,0.250000,0.850000,0.250000,4,2,0,0
38380,1.000000,0.250000,0.850000,0.250000,4,2,0,0
38385,1.000000,0.250000,0.850000,0.250000,4,2,0,0
38390,1.000000,0.250000,0.850000,0.250000,4,2,0,0
38395,1.000000,0.250000,0.850000,0.250000,4,2,0,0
38400,1.000000,0.250000,0.850000,0.250000,4,2,0,0
38405,1.000000,0.250000,0.850000,0.250000,4,2,0,0
38410,1.000000,0.250000,0.850000,0.250000,4,2,0,0
38415,1.000000,0.250000,0.850000,0.250000,4,2,0,0
38420,1.000000,0.250000,0.850000,0.250000,4,2,0,0
38425,1.000000,0.250000,0.850000,0.250000,4,2,0,0
38430,1.000000,0.250000,0.850000,0.250000,4,2,0,0
38435,1.000000,0.250000,0.850000,0.250000,4,2,0,0
38440,1.000000,0.250000,0.850000,0.250000,4,2,0,0
38445,1.000000,0.250000,0.850000,0.250000,4,2,0,0
38450,1.000000,0.250000,0.850000,0.250000,4,2,0,0
38455,1.000000,0.250000,0.850000,0.250000,4,2,0,0
38460,1.000000,0.250000,0.850000,0.250000,4,2,0,0
38465,1.000000,0.250000,0.850000,0.250000,4,2,0,0
38470,1.000000,0.250000,0.850000,0.250000,4,2,0,0
38475,1.000000,0.250000,0.850000,0.250000,4,2,0,0
38480,1.000000,0.250000,0.850000,0.250000,4,2,0,0
38485,1.000000,0.250000,0.850000,0.250000,4,2,0,0
38490,1.000000,0.250000,0.850000,0.250000,4,2,0,0
38495,1.000000,0.250000,0.850000,0.250000,4,2,0,0
38500,1.000000,0.250000,0.850000,0.250000,4,2,0,0
38505,1.000000,0.250000,0.850000,0.250000,4,2,0,0
38510,1.000000,0.250000,0.850000,0.250000,4,2,0,0
38515,1.000000,0.250000,0.850000,0.250000,4,2,0,0
38520,1.000000,0.250000,0.850000,0.250000,4,2,0,0
38525,1.000000,0.250000,0.850000,0.250000,4,2,0,0
38530,1.000000,0.250000,0.850000,0.250000,4,2,0,0
38535,1.000000,0.250000,0.850000,0.250000,4,2,0,0
38540,1.000000,0.250000,0.850000,0.250000,4,2,0,0
38545,1.000000,0.250000,0.850000,0.250000,4,2,0,0
38550,1.000000,0.250000,0.850000,0.250000,4,2,0,0
38555,1.000000,0.250000,0.850000,0.250000,4,2,0,0
38560,1.000000,0.250000,0.850000,0.250000,4,2,0,0
38565,1.000000,0.250000,0.850000,0.250000,4,2,0,0
38570,1.000000,0.250000,0.850000,0.250000,4,2,0,0
38575,1.000000,0.250000,0.850000,0.250000,4,2,0,0
38580,1.000000,0.250000,0.850000,0.250000,4,2,0,0
38585,1.000000,0.250000,0.850000,0.250000,4,2,0,0
38590,1.000000,0.250000,0.850000,0.250000,4,2,0,0
38595,1.000000,0.250000,0.850000,0.250000,4,2,0,0
38600,1.000000,0.250000,0.850000,0.250000,4,2,0,0
38605,1.000000,0.250000,0.850000,0.250000,4,2,0,0
38610,1.000000,0.250000,0.850000,0.250000,4,2,0,0
38615,1.000000,0.250000,0.850000,0.250000,4,2,0,0
38620,1.000000,0.250000,0.850000,0.250000,4,2,0,0
38625,1.000000,0.250000,0.850000,0.250000,4,2,0,0
38630,1.000000,0.250000,0.850000,0.250000,4,2,0,0
38635,1.000000,0.250000,0.850000,0.250000,4,2,0,0
38640,1.000000,0.250000,0.850000,0.250000,4,2,0,0
38645,1.000000,0.250000,0.850000,0.250000,4,2,0,0
38650,1.000000,0.250000,0.850000,0.250000,4,2,0,0
38655,1.000000,0.250000,0.850000,0.250000,4,2,0,0
38660,1.000000,0.250000,0.850000,0.250000,4,2,0,0
38665,1.000000,0.250000,0.850000,0.250000,4,2,0,0
38670,1.000000,0.250000,0.850000,0.250000,4,2,0,0
38675,1.000000,0.250000,0.850000,0.250000,4,2,0,0
38680,1.000000,0.250000,0.850000,0.250000,4,2,0,0
38685,1.000000,0.250000,0.850000,0.250000,4,2,0,0
38690,1.000000,0.250000,0.850000,0.250000,4,2,0,0
38695,1.000000,0.250000,0.850000,0.250000,4,2,0,0
38700,1.000000,0.250000,0.850000,0.250000,4,2,0,0
38705,1.000000,0.250000,0.850000,0.250000,4,2,0,0
38710,1.000000,0.250000,0.850000,0.250000,4,2,0,0
38715,1.000000,0.250000,0.850000,0.250000,4,2,0,0
38720,1.000000,0.250000,0.850000,0.250000,4,2,0,0
38725,1.000000,0.250000,0.850000,0.250000,4,2,0,0
38730,1.000000,0.250000,0.850000,0.250000,4,2,0,0
38735,1.000000,0.250000,0.850000,0.250000,4,2,0,0
38740,1.000000,0.250000,0.850000,0.250000,4,2,0,0
38745,1.000000,0.250000,0.850000,0.250000,4,2,0,0
38750,1.000000,0.250000,0.850000,0.250000,4,2,0,0
38755,1.000000,0.250000,0.850000,0.250000,4,2,0,0
38760,1.000000,0.250000,0.850000,0.250000,4,2,0,0
38765,1.000000,0.250000,0.850000,0.250000,4,2,0,0
38770,1.000000,0.250000,0.850000,0.250000,4,2,0,0
38775,1.000000,0.250000,0.850000,0.250000,4,2,0,0
38780,1.000000,0.250000,0.850000,0.250000,4,2,0,0
38785,1.000000,0.250000,0.850000,0.250000,4,2,0,0
38790,1.000000,0.250000,0.850000,0.250000,4,2,0,0
38795,1.000000,0.250000,0.850000,0.250000,4,2,0,0
38800,1.000000,0.250000,0.850000,0.250000,4,2,0,0
38805,1.000000,0.250000,0.850000,0.250000,4,2,0,0
38810,1.000000,0.250000,0.850000,0.250000,4,2,0,0
38815,1.000000,0.250000,0.850000,0.250000,4,2,0,0
38820,1.000000,0.250000,0.850000,0.250000,4,2,0,0
38825,1.000000,0.250000,0.850000,0.250000,4,2,0,0
38830,1.000000,0.250000,0.850000,0.250000,4,2,0,0
38835,1.000000,0.250000,0.850000,0.250000,4,2,0,0
38840,1.000000,0.250000,0.850000,0.250000,4,2,0,0
38845,1.000000,0.250000,0.850000,0.250000,4,2,0,0
38850,1.000000,0.250000,0.850000,0.250000,4,2,0,0
38855,1.000000,0.250000,0.850000,0.250000,4,2,0,0
38860,1.000000,0.250000,0.850000,0.250000,4,2,0,0
38865,1.000000,0.250000,0.850000,0.250000,4,2,0,0
38870,1.000000,0.250000,0.850000,0.250000,4,2,0,0
38875,1.000000,0.250000,0.850000,0.250000,4,2,0,0
38880,1.000000,0.250000,0.850000,0.250000,4,2,0,0
38885,1.000000,0.250000,0.850000,0.250000,4,2,0,0
38890,1.000000,0.250000,0.850000,0.250000,4,2,0,0
38895,1.000000,0.250000,0.850000,0.250000,4,2,0,0
38900,1.000000,0.250000,0.850000,0.250000,4,2,0,0
38905,1.000000,0.250000,0.850000,0.250000,4,2,0,0
38910,1.000000,0.250000,0.850000,0.250000,4,2,0,0
38915,1.000000,0.250000,0.850000,0.250000,4,2,0,0
38920,1.000000,0.250000,0.850000,0.250000,4,2,0,0
38925,1.000000,0.250000,0.850000,0.250000,4,2,0,0
38930,1.000000,0.250000,0.850000,0.250000,4,2,0,0
38935,1.000000,0.250000,0.850000,0.250000,4,2,0,0
38940,1.000000,0.250000,0.850000,0.250000,4,2,0,0
38945,1.000000,0.250000,0.850000,0.250000,4,2,0,0
38950,1.000000,0.250000,0.850000,0.250000,4,2,0,0
38955,1.000000,0.250000,0.850000,0.250000,4,2,0,0
38960,1.000000,0.250000,0.850000,0.250000,4,2,0,0
38965,1.000000,0.250000,0.850000,0.250000,4,2,0,0
38970,1.000000,0.250000,0.850000,0.250000,4,2,0,0
38975,1.000000,0.250000,0.850000,0.250000,4,2,0,0
38980,1.000000,0.250000,0.850000,0.250000,4,2,0,0
38985,1.000000,0.250000,0.850000,0.250000,4,2,0,0
38990,1.000000,0.250000,0.850000,0.250000,4,2,0,0
38995,1.000000,0.250000,0.850000,0.250000,4,2,0,0
39000,1.000000,0.250000,0.850000,0.250000,4,2,0,0
39005,1.000000,0.250000,0.850000,0.250000,4,2,0,0
39010,1.000000,0.250000,0.850000,0.250000,4,2,0,0
39015,1.000000,0.250000,0.850000,0.250000,4,2,0,0
39020,1.000000,0.250000,0.850000,0.250000,4,2,0,0
39025,1.000000,0.250000,0.850000,0.250000,4,2,0,0
39030,1.000000,0.250000,0.850000,0.250000,4,2,0,0
39035,1.000000,0.250000,0.850000,0.250000,4,2,0,0
39040,1.000000,0.250000,0.850000,0.250000,4,2,0,0
39045,1.000000,0.250000,0.850000,0.250000,4,2,0,0
39050,1.000000,0.250000,0.850000,0.250000,4,2,0,0
39055,1.000000,0.250000,0.850000,0.250000,4,2,0,0
39060,1.000000,0.250000,0.850000,0.250000,4,2,0,0
39065,1.000000,0.250000,0.850000,0.250000,4,2,0,0
39070,1.000000,0.250000,0.850000,0.250000,4,2,0,0
39075,1.000000,0.250000,0.850000,0.250000,4,2,0,0
39080,1.000000,0.250000,0.850000,0.250000,4,2,0,0
39085,1.000000,0.250000,0.850000,0.250000,4,2,0,0
39090,1.000000,0.250000,0.850000,0.250000,4,2,0,0
39095,1.000000,0.250000,0.850000,0.250000,4,2,0,0
39100,1.000000,0.250000,0.850000,0.250000,4,2,0,0
39105,1.000000,0.250000,0.850000,0.250000,4,2,0,0
39110,1.000000,0.250000,0.850000,0.250000,4,2,0,0
39115,1.000000,0.250000,0.850000,0.250000,4,2,0,0
39120,1.000000,0.250000,0.850000,0.250000,4,2,0,0
39125,1.000000,0.250000,0.850000,0.250000,4,2,0,0
39130,1.000000,0.250000,0.850000,0.250000,4,2,0,0
39135,1.000000,0.250000,0.850000,0.250000,4,2,0,0
39140,1.000000,0.250000,0.850000,0.250000,4,2,0,0
39145,1.000000,0.250000,0.850000,0.250000,4,2,0,0
39150,1.000000,0.250000,0.850000,0.250000,4,2,0,0
39155,1.000000,0.250000,0.850000,0.250000,4,2,0,0
39160,1.000000,0.250000,0.850000,0.250000,4,2,0,0
39165,1.000000,0.250000,0.850000,0.250000,4,2,0,0
39170,1.000000,0.250000,0.850000,0.250000,4,2,0,0
39175,1.000000,0.250000,0.850000,0.250000,4,2,0,0
39180,1.000000,0.250000,0.850000,0.250000,4,2,0,0
39185,1.000000,0.250000,0.850000,0.250000,4,2,0,0
39190,1.000000,0.250000,0.850000,0.250000,4,2,0,0
39195,1.000000,0.250000,0.850000,0.250000,4,2,0,0
39200,1.000000,0.250000,0.850000,0.250000,4,2,0,0
39205,1.000000,0.250000,0.850000,0.250000,4,2,0,0
39210,1.000000,0.250000,0.850000,0.250000,4,2,0,0
39215,1.000000,0.250000,0.850000,0.250000,4,2,0,0
39220,1.000000,0.250000,0.850000,0.250000,4,2,0,0
39225,1.000000,0.250000,0.850000,0.250000,4,2,0,0
39230,1.000000,0.250000,0.850000,0.250000,4,2,0,0
39235,1.000000,0.250000,0.850000,0.250000,4,2,0,0
39240,1.000000,0.250000,0.850000,0.250000,4,2,0,0
39245,1.000000,0.250000,0.850000,0.250000,4,2,0,0
39250,1.000000,0.250000,0.850000,0.250000,4,2,0,0
39255,1.000000,0.250000,0.850000,0.250000,4,2,0,0
39260,1.000000,0.250000,0.850000,0.250000,4,2,0,0
39265,1.000000,0.250000,0.850000,0.250000,4,2,0,0
39270,1.000000,0.250000,0.850000,0.250000,4,2,0,0
39275,1.000000,0.250000,0.850000,0.250000,4,2,0,0
39280,1.000000,0.250000,0.850000,0.250000,4,2,0,0
39285,1.000000,0.250000,0.850000,0.250000,4,2,0,0
39290,1.000000,0.250000,0.850000,0.250000,4,2,0,0
39295,1.000000,0.250000,0.850000,0.250000,4,2,0,0
39300,1.000000,0.250000,0.850000,0.250000,4,2,0,0
39305,1.000000,0.250000,0.850000,0.250000,4,2,0,0
39310,1.000000,0.250000,0.850000,0.250000,4,2,0,0
39315,1.000000,0.250000,0.850000,0.250000,4,2,0,0
39320,1.000000,0.250000,0.850000,0.250000,4,2,0,0
39325,1.000000,0.250000,0.850000,0.250000,4,2,0,0
39330,1.000000,0.250000,0.850000,0.250000,4,2,0,0
39335,1.000000,0.250000,0.850000,0.250000,4,2,0,0
39340,1.000000,0.250000,0.850000,0.250000,4,2,0,0
39345,1.000000,0.250000,0.850000,0.250000,4,2,0,0
39350,1.000000,0.250000,0.850000,0.250000,4,2,0,0
39355,1.000000,0.250000,0.850000,0.250000,4,2,0,0
39360,1.000000,0.250000,0.850000,0.250000,4,2,0,0
39365,1.000000,0.250000,0.850000,0.250000,4,2,0,0
39370,1.000000,0.250000,0.850000,0.250000,4,2,0,0
39375,1.000000,0.250000,0.850000,0.250000,4,2,0,0
39380,1.000000,0.250000,0.850000,0.250000,4,2,0,0
39385,1.000000,0.250000,0.850000,0.250000,4,2,0,0
39390,1.000000,0.250000,0.850000,0.250000,4,2,0,0
39395,1.000000,0.250000,0.850000,0.250000,4,2,0,0
39400,1.000000,0.250000,0.850000,0.250000,4,2,0,0
39405,1.000000,0.250000,0.850000,0.250000,4,2,0,0
39410,1.000000,0.250000,0.850000,0.250000,4,2,0,0
39415,1.000000,0.250000,0.850000,0.250000,4,2,0,0
39420,1.000000,0.250000,0.850000,0.250000,4,2,0,0
39425,1.000000,0.250000,0.850000,0.250000,4,2,0,0
39430,1.000000,0.250000,0.850000,0.250000,4,2,0,0
39435,1.000000,0.250000,0.850000,0.250000,4,2,0,0
39440,1.000000,0.250000,0.850000,0.250000,4,2,0,0
39445,1.000000,0.250000,0.850000,0.250000,4,2,0,0
39450,1.000000,0.250000,0.850000,0.250000,4,2,0,0
39455,1.000000,0.250000,0.850000,0.250000,4,2,0,0
39460,1.000000,0.250000,0.850000,0.250000,4,2,0,0
39465,1.000000,0.250000,0.850000,0.250000,4,2,0,0
39470,1.000000,0.250000,0.850000,0.250000,4,2,0,0
39475,1.000000,0.250000,0.850000,0.250000,4,2,0,0
39480,1.000000,0.250000,0.850000,0.250000,4,2,0,0
39485,1.000000,0.250000,0.850000,0.250000,4,2,0,0
39490,1.000000,0.250000,0.850000,0.250000,4,2,0,0
39495,1.000000,0.250000,0.850000,0.250000,4,2,0,0
39500,1.000000,0.250000,0.850000,0.250000,4,2,0,0
39505,1.000000,0.250000,0.850000,0.250000,4,2,0,0
39510,1.000000,0.250000,0.850000,0.250000,4,2,0,0
39515,1.000000,0.250000,0.850000,0.250000,4,2,0,0
39520,1.000000,0.250000,0.850000,0.250000,4,2,0,0
39525,1.000000,0.250000,0.850000,0.250000,4,2,0,0
39530,1.000000,0.250000,0.850000,0.250000,4,2,0,0
39535,1.000000,0.250000,0.850000,0.250000,4,2,0,0
39540,1.000000,0.250000,0.850000,0.250000,4,2,0,0
39545,1.000000,0.250000,0.850000,0.250000,4,2,0,0
39550,1.000000,0.250000,0.850000,0.250000,4,2,0,0
39555,1.000000,0.250000,0.850000,0.250000,4,2,0,0
39560,1.000000,0.250000,0.850000,0.250000,4,2,0,0
39565,1.000000,0.250000,0.850000,0.250000,4,2,0,0
39570,1.000000,0.250000,0.850000,0.250000,4,2,0,0
39575,1.000000,0.250000,0.850000,0.250000,4,2,0,0
39580,1.000000,0.250000,0.850000,0.250000,4,2,0,0
39585,1.000000,0.250000,0.850000,0.250000,4,2,0,0
39590,1.000000,0.250000,0.850000,0.250000,4,2,0,0
39595,1.000000,0.250000,0.850000,0.250000,4,2,0,0
39600,1.000000,0.250000,0.850000,0.250000,4,2,0,0
39605,1.000000,0.250000,0.850000,0.250000,4,2,0,0
39610,1.000000,0.250000,0.850000,0.250000,4,2,0,0
39615,1.000000,0.250000,0.850000,0.250000,4,2,0,0
39620,1.000000,0.250000,0.850000,0.250000,4,2,0,0
39625,1.000000,0.250000,0.850000,0.250000,4,2,0,0
39630,1.000000,0.250000,0.850000,0.250000,4,2,0,0
39635,1.000000,0.250000,0.850000,0.250000,4,2,0,0
39640,1.000000,0.250000,0.850000,0.250000,4,2,0,0
39645,1.000000,0.250000,0.850000,0.250000,4,2,0,0
39650,1.000000,0.250000,0.850000,0.250000,4,2,0,0
39655,1.000000,0.250000,0.850000,0.250000,4,2,0,0
39660,1.000000,0.250000,0.850000,0.250000,4,2,0,0
39665,1.000000,0.250000,0.850000,0.250000,4,2,0,0
39670,1.000000,0.250000,0.850000,0.250000,4,2,0,0
39675,1.000000,0.250000,0.850000,0.250000,4,2,0,0
39680,1.000000,0.250000,0.850000,0.250000,4,2,0,0
39685,1.000000,0.250000,0.850000,0.250000,4,2,0,0
39690,1.000000,0.250000,0.850000,0.250000,4,2,0,0
39695,1.000000,0.250000,0.850000,0.250000,4,2,0,0
39700,1.000000,0.250000,0.850000,0.250000,4,2,0,0
39705,1.000000,0.250000,0.850000,0.250000,4,2,0,0
39710,1.000000,0.250000,0.850000,0.250000,4,2,0,0
39715,1.000000,0.250000,0.850000,0.250000,4,2,0,0
39720,1.000000,0.250000,0.850000,0.250000,4,2,0,0
39725,1.000000,0.250000,0.850000,0.250000,4,2,0,0
39730,1.000000,0.250000,0.850000,0.250000,4,2,0,0
39735,1.000000,0.250000,0.850000,0.250000,4,2,0,0
39740,1.000000,0.250000,0.850000,0.250000,4,2,0,0
39745,1.000000,0.250000,0.850000,0.250000,4,2,0,0
39750,1.000000,0.250000,0.850000,0.250000,4,2,0,0
39755,1.000000,0.250000,0.850000,0.250000,4,2,0,0
39760,1.000000,0.250000,0.850000,0.250000,4,2,0,0
39765,1.000000,0.250000,0.850000,0.250000,4,2,0,0
39770,1.000000,0.250000,0.850000,0.250000,4,2,0,0
39775,1.000000,0.250000,0.850000,0.250000,4,2,0,0
39780,1.000000,0.250000,0.850000,0.250000,4,2,0,0
39785,1.000000,0.250000,0.850000,0.250000,4,2,0,0
39790,1.000000,0.250000,0.850000,0.250000,4,2,0,0
39795,1.000000,0.250000,0.850000,0.250000,4,2,0,0
39800,1.000000,0.250000,0.850000,0.250000,4,2,0,0
39805,1.000000,0.250000,0.850000,0.250000,4,2,0,0
39810,1.000000,0.250000,0.850000,0.250000,4,2,0,0
39815,1.000000,0.250000,0.850000,0.250000,4,2,0,0
39820,1.000000,0.250000,0.850000,0.250000,4,2,0,0
39825,1.000000,0.250000,0.850000,0.250000,4,2,0,0
39830,1.000000,0.250000,0.850000,0.250000,4,2,0,0
39835,1.000000,0.250000,0.850000,0.250000,4,2,0,0
39840,1.000000,0.250000,0.850000,0.250000,4,2,0,0
39845,1.000000,0.250000,0.850000,0.250000,4,2,0,0
39850,1.000000,0.250000,0.850000,0.250000,4,2,0,0
39855,1.000000,0.250000,0.850000,0.250000,4,2,0,0
39860,1.000000,0.250000,0.850000,0.250000,4,2,0,0
39865,1.000000,0.250000,0.850000,0.250000,4,2,0,0
39870,1.000000,0.250000,0.850000,0.250000,4,2,0,0
39875,1.000000,0.250000,0.850000,0.250000,4,2,0,0
39880,1.000000,0.250000,0.850000,0.250000,4,2,0,0
39885,1.000000,0.250000,0.850000,0.250000,4,2,0,0
39890,1.000000,0.250000,0.850000,0.250000,4,2,0,0
39895,1.000000,0.250000,0.850000,0.250000,4,2,0,0
39900,1.000000,0.250000,0.850000,0.250000,4,2,0,0
39905,1.000000,0.250000,0.850000,0.250000,4,2,0,0
39910,1.000000,0.250000,0.850000,0.250000,4,2,0,0
39915,1.000000,0.250000,0.850000,0.250000,4,2,0,0
39920,1.000000,0.250000,0.850000,0.250000,4,2,0,0
39925,1.000000,0.250000,0.850000,0.250000,4,2,0,0
39930,1.000000,0.250000,0.850000,0.250000,4,2,0,0
39935,1.000000,0.250000,0.850000,0.250000,4,2,0,0
39940,1.000000,0.250000,0.850000,0.250000,4,2,0,0
39945,1.000000,0.250000,0.850000,0.250000,4,2,0,0
39950,1.000000,0.250000,0.850000,0.250000,4,2,0,0
39955,1.000000,0.250000,0.850000,0.250000,4,2,0,0
39960,1.000000,0.250000,0.850000,0.250000,4,2,0,0
39965,1.000000,0.250000,0.850000,0.250000,4,2,0,0
39970,1.000000,0.250000,0.850000,0.250000,4,2,0,0
39975,1.000000,0.250000,0.850000,0.250000,4,2,0,0
39980,1.000000,0.250000,0.850000,0.250000,4,2,0,0
39985,1.000000,0.250000,0.850000,0.250000,4,2,0,0
39990,1.000000,0.250000,0.850000,0.250000,4,2,0,0
39995,1.000000,0.250000,0.850000,0.250000,4,2,0,0
40000,1.000000,0.800000,0.850000,0.800000,4,2,0,0
40005,1.000000,0.800000,0.850000,0.800000,4,2,0,0
40010,1.000000,0.800000,0.850000,0.800000,4,2,0,0
40015,1.000000,0.800000,0.850000,0.800000,4,2,0,0
40020,1.000000,0.800000,0.850000,0.800000,4,2,0,0
40025,1.000000,0.800000,0.850000,0.800000,4,2,0,0
40030,1.000000,0.800000,0.850000,0.800000,4,2,0,0
40035,1.000000,0.800000,0.850000,0.800000,4,2,0,0
40040,1.000000,0.800000,0.850000,0.800000,4,2,0,0
40045,1.000000,0.800000,0.850000,0.800000,4,2,0,0
40050,1.000000,0.800000,0.850000,0.800000,4,2,0,0
40055,1.000000,0.800000,0.850000,0.800000,4,2,0,0
40060,1.000000,0.800000,0.850000,0.800000,4,2,0,0
40065,1.000000,0.800000,0.850000,0.800000,4,2,0,0
40070,1.000000,0.800000,0.850000,0.800000,4,2,0,0
40075,1.000000,0.800000,0.850000,0.800000,4,2,0,0
40080,1.000000,0.800000,0.850000,0.800000,4,2,0,0
40085,1.000000,0.800000,0.850000,0.800000,4,2,0,0
40090,1.000000,0.800000,0.850000,0.800000,4,2,0,0
40095,1.000000,0.800000,0.850000,0.800000,4,2,0,0
40100,1.000000,0.800000,0.850000,0.800000,4,2,0,0
40105,1.000000,0.800000,0.850000,0.800000,4,2,0,0
40110,1.000000,0.800000,0.850000,0.800000,4,2,0,0
40115,1.000000,0.800000,0.850000,0.800000,4,2,0,0
40120,1.000000,0.800000,0.850000,0.800000,4,2,0,0
40125,1.000000,0.800000,0.850000,0.800000,4,2,0,0
40130,1.000000,0.800000,0.850000,0.800000,4,2,0,0
40135,1.000000,0.800000,0.850000,0.800000,4,2,0,0
40140,1.000000,0.800000,0.850000,0.800000,4,2,0,0
40145,1.000000,0.800000,0.850000,0.800000,4,2,0,0
40150,1.000000,0.800000,0.850000,0.800000,4,2,0,0
40155,1.000000,0.800000,0.850000,0.800000,4,2,0,0
40160,1.000000,0.800000,0.850000,0.800000,4,2,0,0
40165,1.000000,0.800000,0.850000,0.800000,4,2,0,0
40170,1.000000,0.800000,0.850000,0.800000,4,2,0,0
40175,1.000000,0.800000,0.850000,0.800000,4,2,0,0
40180,1.000000,0.800000,0.850000,0.800000,4,2,0,0
40185,1.000000,0.800000,0.850000,0.800000,4,2,0,0
40190,1.000000,0.800000,0.850000,0.800000,4,2,0,0
40195,1.000000,0.800000,0.850000,0.800000,4,2,0,0
40200,1.000000,0.800000,0.850000,0.800000,4,2,0,0
40205,1.000000,0.800000,0.850000,0.800000,4,2,0,0
40210,1.000000,0.800000,0.850000,0.800000,4,2,0,0
40215,1.000000,0.800000,0.850000,0.800000,4,2,0,0
40220,1.000000,0.800000,0.850000,0.800000,4,2,0,0
40225,1.000000,0.800000,0.850000,0.800000,4,2,0,0
40230,1.000000,0.800000,0.850000,0.800000,4,2,0,0
40235,1.000000,0.800000,0.850000,0.800000,4,2,0,0
40240,1.000000,0.800000,0.850000,0.800000,4,2,0,0
40245,1.000000,0.800000,0.850000,0.800000,4,2,0,0
40250,1.000000,0.800000,0.850000,0.800000,4,2,0,0
40255,1.000000,0.800000,0.850000,0.800000,4,2,0,0
40260,1.000000,0.800000,0.850000,0.800000,4,2,0,0
40265,1.000000,0.800000,0.850000,0.800000,4,2,0,0
40270,1.000000,0.800000,0.850000,0.800000,4,2,0,0
40275,1.000000,0.800000,0.850000,0.800000,4,2,0,0
40280,1.000000,0.800000,0.850000,0.800000,4,2,0,0
40285,1.000000,0.800000,0.850000,0.800000,4,2,0,0
40290,1.000000,0.800000,0.850000,0.800000,4,2,0,0
40295,1.000000,0.800000,0.850000,0.800000,4,2,0,0
40300,1.000000,0.800000,0.850000,0.800000,4,2,0,0
40305,1.000000,0.800000,0.850000,0.800000,4,2,0,0
40310,1.000000,0.800000,0.850000,0.800000,4,2,0,0
40315,1.000000,0.800000,0.850000,0.800000,4,2,0,0
40320,1.000000,0.800000,0.850000,0.800000,4,2,0,0
40325,1.000000,0.800000,0.850000,0.800000,4,2,0,0
40330,1.000000,0.800000,0.850000,0.800000,4,2,0,0
40335,1.000000,0.800000,0.850000,0.800000,4,2,0,0
40340,1.000000,0.800000,0.850000,0.800000,4,2,0,0
40345,1.000000,0.800000,0.850000,0.800000,4,2,0,0
40350,1.000000,0.800000,0.850000,0.800000,4,2,0,0
40355,1.000000,0.800000,0.850000,0.800000,4,2,0,0
40360,1.000000,0.800000,0.850000,0.800000,4,2,0,0
40365,1.000000,0.800000,0.850000,0.800000,4,2,0,0
40370,1.000000,0.800000,0.850000,0.800000,4,2,0,0
40375,1.000000,0.800000,0.850000,0.800000,4,2,0,0
40380,1.000000,0.800000,0.850000,0.800000,4,2,0,0
40385,1.000000,0.800000,0.850000,0.800000,4,2,0,0
40390,1.000000,0.800000,0.850000,0.800000,4,2,0,0
40395,1.000000,0.800000,0.850000,0.800000,4,2,0,0
40400,1.000000,0.800000,0.850000,0.800000,4,2,0,0
40405,1.000000,0.800000,0.850000,0.800000,4,2,0,0
40410,1.000000,0.800000,0.850000,0.800000,4,2,0,0
40415,1.000000,0.800000,0.850000,0.800000,4,2,0,0
40420,1.000000,0.800000,0.850000,0.800000,4,2,0,0
40425,1.000000,0.800000,0.850000,0.800000,4,2,0,0
40430,1.000000,0.800000,0.850000,0.800000,4,2,0,0
40435,1.000000,0.800000,0.850000,0.800000,4,2,0,0
40440,1.000000,0.800000,0.850000,0.800000,4,2,0,0
40445,1.000000,0.800000,0.850000,0.800000,4,2,0,0
40450,1.000000,0.800000,0.850000,0.800000,4,2,0,0
40455,1.000000,0.800000,0.850000,0.800000,4,2,0,0
40460,1.000000,0.800000,0.850000,0.800000,4,2,0,0
40465,1.000000,0.800000,0.850000,0.800000,4,2,0,0
40470,1.000000,0.800000,0.850000,0.800000,4,2,0,0
40475,1.000000,0.800000,0.850000,0.800000,4,2,0,0
40480,1.000000,0.800000,0.850000,0.800000,4,2,0,0
40485,1.000000,0.800000,0.850000,0.800000,4,2,0,0
40490,1.000000,0.800000,0.850000,0.800000,4,2,0,0
40495,1.000000,0.800000,0.850000,0.800000,4,2,0,0
40500,1.000000,0.800000,0.850000,0.800000,4,2,0,0
40505,1.000000,0.800000,0.850000,0.800000,4,2,0,0
40510,1.000000,0.800000,0.850000,0.800000,4,2,0,0
40515,1.000000,0.800000,0.850000,0.800000,4,2,0,0
40520,1.000000,0.800000,0.850000,0.800000,4,2,0,0
40525,1.000000,0.800000,0.850000,0.800000,4,2,0,0
40530,1.000000,0.800000,0.850000,0.800000,4,2,0,0
40535,1.000000,0.800000,0.850000,0.800000,4,2,0,0
40540,1.000000,0.800000,0.850000,0.800000,4,2,0,0
40545,1.000000,0.800000,0.850000,0.800000,4,2,0,0
40550,1.000000,0.800000,0.850000,0.800000,4,2,0,0
40555,1.000000,0.800000,0.850000,0.800000,4,2,0,0
40560,1.000000,0.800000,0.850000,0.800000,4,2,0,0
40565,1.000000,0.800000,0.850000,0.800000,4,2,0,0
40570,1.000000,0.800000,0.850000,0.800000,4,2,0,0
40575,1.000000,0.800000,0.850000,0.800000,4,2,0,0
40580,1.000000,0.800000,0.850000,0.800000,4,2,0,0
40585,1.000000,0.800000,0.850000,0.800000,4,2,0,0
40590,1.000000,0.800000,0.850000,0.800000,4,2,0,0
40595,1.000000,0.800000,0.850000,0.800000,4,2,0,0
40600,1.000000,0.800000,0.850000,0.800000,4,2,0,0
40605,1.000000,0.800000,0.850000,0.800000,4,2,0,0
40610,1.000000,0.800000,0.850000,0.800000,4,2,0,0
40615,1.000000,0.800000,0.850000,0.800000,4,2,0,0
40620,1.000000,0.800000,0.850000,0.800000,4,2,0,0
40625,1.000000,0.800000,0.850000,0.800000,4,2,0,0
40630,1.000000,0.800000,0.850000,0.800000,4,2,0,0
40635,1.000000,0.800000,0.850000,0.800000,4,2,0,0
40640,1.000000,0.800000,0.850000,0.800000,4,2,0,0
40645,1.000000,0.800000,0.850000,0.800000,4,2,0,0
40650,1.000000,0.800000,0.850000,0.800000,4,2,0,0
40655,1.000000,0.800000,0.850000,0.800000,4,2,0,0
40660,1.000000,0.800000,0.850000,0.800000,4,2,0,0
40665,1.000000,0.800000,0.850000,0.800000,4,2,0,0
40670,1.000000,0.800000,0.850000,0.800000,4,2,0,0
40675,1.000000,0.800000,0.850000,0.800000,4,2,0,0
40680,1.000000,0.800000,0.850000,0.800000,4,2,0,0
40685,1.000000,0.800000,0.850000,0.800000,4,2,0,0
40690,1.000000,0.800000,0.850000,0.800000,4,2,0,0
40695,1.000000,0.800000,0.850000,0.800000,4,2,0,0
40700,1.000000,0.800000,0.850000,0.800000,4,2,0,0
40705,1.000000,0.800000,0.850000,0.800000,4,2,0,0
40710,1.000000,0.800000,0.850000,0.800000,4,2,0,0
40715,1.000000,0.800000,0.850000,0.800000,4,2,0,0
40720,1.000000,0.800000,0.850000,0.800000,4,2,0,0
40725,1.000000,0.800000,0.850000,0.800000,4,2,0,0
40730,1.000000,0.800000,0.850000,0.800000,4,2,0,0
40735,1.000000,0.800000,0.850000,0.800000,4,2,0,0
40740,1.000000,0.800000,0.850000,0.800000,4,2,0,0
40745,1.000000,0.800000,0.850000,0.800000,4,2,0,0
40750,1.000000,0.800000,0.850000,0.800000,4,3,0,0
40755,1.000000,0.800000,0.850000,0.800000,4,3,0,0
40760,1.000000,0.800000,0.850000,0.800000,4,3,0,0
40765,1.000000,0.800000,0.850000,0.800000,4,3,0,0
40770,1.000000,0.800000,0.850000,0.800000,4,3,0,0
40775,1.000000,0.800000,0.850000,0.800000,4,3,0,0
40780,1.000000,0.800000,0.850000,0.800000,4,3,0,0
40785,1.000000,0.800000,0.850000,0.800000,4,3,0,0
40790,1.000000,0.800000,0.850000,0.800000,4,3,0,0
40795,1.000000,0.800000,0.850000,0.800000,4,3,0,0
40800,1.000000,0.800000,0.850000,0.800000,4,3,0,0
40805,1.000000,0.800000,0.850000,0.800000,4,3,0,0
40810,1.000000,0.800000,0.850000,0.800000,4,3,0,0
40815,1.000000,0.800000,0.850000,0.800000,4,3,0,0
40820,1.000000,0.800000,0.850000,0.800000,4,3,0,0
40825,1.000000,0.800000,0.850000,0.800000,4,3,0,0
40830,1.000000,0.800000,0.850000,0.800000,4,3,0,0
40835,1.000000,0.800000,0.850000,0.800000,4,3,0,0
40840,1.000000,0.800000,0.850000,0.800000,4,3,0,0
40845,1.000000,0.800000,0.850000,0.800000,4,3,0,0
40850,1.000000,0.800000,0.850000,0.800000,4,3,0,0
40855,1.000000,0.800000,0.850000,0.800000,4,3,0,0
40860,1.000000,0.800000,0.850000,0.800000,4,3,0,0
40865,1.000000,0.800000,0.850000,0.800000,4,3,0,0
40870,1.000000,0.800000,0.850000,0.800000,4,3,0,0
40875,1.000000,0.800000,0.850000,0.800000,4,3,0,0
40880,1.000000,0.800000,0.850000,0.800000,4,3,0,0
40885,1.000000,0.800000,0.850000,0.800000,4,3,0,0
40890,1.000000,0.800000,0.850000,0.800000,4,3,0,0
40895,1.000000,0.800000,0.850000,0.800000,4,3,0,0
40900,1.000000,0.800000,0.850000,0.800000,4,3,0,0
40905,1.000000,0.800000,0.850000,0.800000,4,3,0,0
40910,1.000000,0.800000,0.850000,0.800000,4,3,0,0
40915,1.000000,0.800000,0.850000,0.800000,4,3,0,0
40920,1.000000,0.800000,0.850000,0.800000,4,3,0,0
40925,1.000000,0.800000,0.850000,0.800000,4,3,0,0
40930,1.000000,0.800000,0.850000,0.800000,4,3,0,0
40935,1.000000,0.800000,0.850000,0.800000,4,3,0,0
40940,1.000000,0.800000,0.850000,0.800000,4,3,0,0
40945,1.000000,0.800000,0.850000,0.800000,4,3,0,0
40950,1.000000,0.800000,0.850000,0.800000,4,3,0,0
40955,1.000000,0.800000,0.850000,0.800000,4,3,0,0
40960,1.000000,0.800000,0.850000,0.800000,4,3,0,0
40965,1.000000,0.800000,0.850000,0.800000,4,3,0,0
40970,1.000000,0.800000,0.850000,0.800000,4,3,0,0
40975,1.000000,0.800000,0.850000,0.800000,4,3,0,0
40980,1.000000,0.800000,0.850000,0.800000,4,3,0,0
40985,1.000000,0.800000,0.850000,0.800000,4,3,0,0
40990,1.000000,0.800000,0.850000,0.800000,4,3,0,0
40995,1.000000,0.800000,0.850000,0.800000,4,3,0,0
41000,1.000000,0.250000,0.850000,0.250000,4,3,0,0
41005,1.000000,0.250000,0.850000,0.250000,4,3,0,0
41010,1.000000,0.250000,0.850000,0.250000,4,3,0,0
41015,1.000000,0.250000,0.850000,0.250000,4,3,0,0
41020,1.000000,0.250000,0.850000,0.250000,4,3,0,0
41025,1.000000,0.250000,0.850000,0.250000,4,3,0,0
41030,1.000000,0.250000,0.850000,0.250000,4,3,0,0
41035,1.000000,0.250000,0.850000,0.250000,4,3,0,0
41040,1.000000,0.250000,0.850000,0.250000,4,3,0,0
41045,1.000000,0.250000,0.850000,0.250000,4,3,0,0
41050,1.000000,0.250000,0.850000,0.250000,4,3,0,0
41055,1.000000,0.250000,0.850000,0.250000,4,3,0,0
41060,1.000000,0.250000,0.850000,0.250000,4,3,0,0
41065,1.000000,0.250000,0.850000,0.250000,4,3,0,0
41070,1.000000,0.250000,0.850000,0.250000,4,3,0,0
41075,1.000000,0.250000,0.850000,0.250000,4,3,0,0
41080,1.000000,0.250000,0.850000,0.250000,4,3,0,0
41085,1.000000,0.250000,0.850000,0.250000,4,3,0,0
41090,1.000000,0.250000,0.850000,0.250000,4,3,0,0
41095,1.000000,0.250000,0.850000,0.250000,4,3,0,0
41100,1.000000,0.250000,0.850000,0.250000,4,3,0,0
41105,1.000000,0.250000,0.850000,0.250000,4,3,0,0
41110,1.000000,0.250000,0.850000,0.250000,4,3,0,0
41115,1.000000,0.250000,0.850000,0.250000,4,3,0,0
41120,1.000000,0.250000,0.850000,0.250000,4,3,0,0
41125,1.000000,0.250000,0.850000,0.250000,4,3,0,0
41130,1.000000,0.250000,0.850000,0.250000,4,3,0,0
41135,1.000000,0.250000,0.850000,0.250000,4,3,0,0
41140,1.000000,0.250000,0.850000,0.250000,4,3,0,0
41145,1.000000,0.250000,0.850000,0.250000,4,3,0,0
41150,1.000000,0.250000,0.850000,0.250000,4,3,0,0
41155,1.000000,0.250000,0.850000,0.250000,4,3,0,0
41160,1.000000,0.250000,0.850000,0.250000,4,3,0,0
41165,1.000000,0.250000,0.850000,0.250000,4,3,0,0
41170,1.000000,0.250000,0.850000,0.250000,4,3,0,0
41175,1.000000,0.250000,0.850000,0.250000,4,3,0,0
41180,1.000000,0.250000,0.850000,0.250000,4,3,0,0
41185,1.000000,0.250000,0.850000,0.250000,4,3,0,0
41190,1.000000,0.250000,0.850000,0.250000,4,3,0,0
41195,1.000000,0.250000,0.850000,0.250000,4,3,0,0
41200,1.000000,0.250000,0.850000,0.250000,4,3,0,0
41205,1.000000,0.250000,0.850000,0.250000,4,3,0,0
41210,1.000000,0.250000,0.850000,0.250000,4,3,0,0
41215,1.000000,0.250000,0.850000,0.250000,4,3,0,0
41220,1.000000,0.250000,0.850000,0.250000,4,3,0,0
41225,1.000000,0.250000,0.850000,0.250000,4,3,0,0
41230,1.000000,0.250000,0.850000,0.250000,4,3,0,0
41235,1.000000,0.250000,0.850000,0.250000,4,3,0,0
41240,1.000000,0.250000,0.850000,0.250000,4,3,0,0
41245,1.000000,0.250000,0.850000,0.250000,4,3,0,0
41250,1.000000,0.250000,0.850000,0.250000,4,3,0,0
41255,1.000000,0.250000,0.850000,0.250000,4,3,0,0
41260,1.000000,0.250000,0.850000,0.250000,4,3,0,0
41265,1.000000,0.250000,0.850000,0.250000,4,3,0,0
41270,1.000000,0.250000,0.850000,0.250000,4,3,0,0
41275,1.000000,0.250000,0.850000,0.250000,4,3,0,0
41280,1.000000,0.250000,0.850000,0.250000,4,3,0,0
41285,1.000000,0.250000,0.850000,0.250000,4,3,0,0
41290,1.000000,0.250000,0.850000,0.250000,4,3,0,0
41295,1.000000,0.250000,0.850000,0.250000,4,3,0,0
41300,1.000000,0.250000,0.850000,0.250000,4,3,0,0
41305,1.000000,0.250000,0.850000,0.250000,4,3,0,0
41310,1.000000,0.250000,0.850000,0.250000,4,3,0,0
41315,1.000000,0.250000,0.850000,0.250000,4,3,0,0
41320,1.000000,0.250000,0.850000,0.250000,4,3,0,0
41325,1.000000,0.250000,0.850000,0.250000,4,3,0,0
41330,1.000000,0.250000,0.850000,0.250000,4,3,0,0
41335,1.000000,0.250000,0.850000,0.250000,4,3,0,0
41340,1.000000,0.250000,0.850000,0.250000,4,3,0,0
41345,1.000000,0.250000,0.850000,0.250000,4,3,0,0
41350,1.000000,0.250000,0.850000,0.250000,4,3,0,0
41355,1.000000,0.250000,0.850000,0.250000,4,3,0,0
41360,1.000000,0.250000,0.850000,0.250000,4,3,0,0
41365,1.000000,0.250000,0.850000,0.250000,4,3,0,0
41370,1.000000,0.250000,0.850000,0.250000,4,3,0,0
41375,1.000000,0.250000,0.850000,0.250000,4,3,0,0
41380,1.000000,0.250000,0.850000,0.250000,4,3,0,0
41385,1.000000,0.250000,0.850000,0.250000,4,3,0,0
41390,1.000000,0.250000,0.850000,0.250000,4,3,0,0
41395,1.000000,0.250000,0.850000,0.250000,4,3,0,0
41400,1.000000,0.250000,0.850000,0.250000,4,3,0,0
41405,1.000000,0.250000,0.850000,0.250000,4,3,0,0
41410,1.000000,0.250000,0.850000,0.250000,4,3,0,0
41415,1.000000,0.250000,0.850000,0.250000,4,3,0,0
41420,1.000000,0.250000,0.850000,0.250000,4,3,0,0
41425,1.000000,0.250000,0.850000,0.250000,4,3,0,0
41430,1.000000,0.250000,0.850000,0.250000,4,3,0,0
41435,1.000000,0.250000,0.850000,0.250000,4,3,0,0
41440,1.000000,0.250000,0.850000,0.250000,4,3,0,0
41445,1.000000,0.250000,0.850000,0.250000,4,3,0,0
41450,1.000000,0.250000,0.850000,0.250000,4,3,0,0
41455,1.000000,0.250000,0.850000,0.250000,4,3,0,0
41460,1.000000,0.250000,0.850000,0.250000,4,3,0,0
41465,1.000000,0.250000,0.850000,0.250000,4,3,0,0
41470,1.000000,0.250000,0.850000,0.250000,4,3,0,0
41475,1.000000,0.250000,0.850000,0.250000,4,3,0,0
41480,1.000000,0.250000,0.850000,0.250000,4,3,0,0
41485,1.000000,0.250000,0.850000,0.250000,4,3,0,0
41490,1.000000,0.250000,0.850000,0.250000,4,3,0,0
41495,1.000000,0.250000,0.850000,0.250000,4,3,0,0
41500,1.000000,0.250000,0.850000,0.250000,4,3,0,0
41505,1.000000,0.250000,0.850000,0.250000,4,3,0,0
41510,1.000000,0.250000,0.850000,0.250000,4,3,0,0
41515,1.000000,0.250000,0.850000,0.250000,4,3,0,0
41520,1.000000,0.250000,0.850000,0.250000,4,3,0,0
41525,1.000000,0.250000,0.850000,0.250000,4,3,0,0
41530,1.000000,0.250000,0.850000,0.250000,4,3,0,0
41535,1.000000,0.250000,0.850000,0.250000,4,3,0,0
41540,1.000000,0.250000,0.850000,0.250000,4,3,0,0
41545,1.000000,0.250000,0.850000,0.250000,4,3,0,0
41550,1.000000,0.250000,0.850000,0.250000,4,3,0,0
41555,1.000000,0.250000,0.850000,0.250000,4,3,0,0
41560,1.000000,0.250000,0.850000,0.250000,4,3,0,0
41565,1.000000,0.250000,0.850000,0.250000,4,3,0,0
41570,1.000000,0.250000,0.850000,0.250000,4,3,0,0
41575,1.000000,0.250000,0.850000,0.250000,4,3,0,0
41580,1.000000,0.250000,0.850000,0.250000,4,3,0,0
41585,1.000000,0.250000,0.850000,0.250000,4,3,0,0
41590,1.000000,0.250000,0.850000,0.250000,4,3,0,0
41595,1.000000,0.250000,0.850000,0.250000,4,3,0,0
41600,1.000000,0.250000,0.850000,0.250000,4,3,0,0
41605,1.000000,0.250000,0.850000,0.250000,4,3,0,0
41610,1.000000,0.250000,0.850000,0.250000,4,3,0,0
41615,1.000000,0.250000,0.850000,0.250000,4,3,0,0
41620,1.000000,0.250000,0.850000,0.250000,4,3,0,0
41625,1.000000,0.250000,0.850000,0.250000,4,3,0,0
41630,1.000000,0.250000,0.850000,0.250000,4,3,0,0
41635,1.000000,0.250000,0.850000,0.250000,4,3,0,0
41640,1.000000,0.250000,0.850000,0.250000,4,3,0,0
41645,1.000000,0.250000,0.850000,0.250000,4,3,0,0
41650,1.000000,0.250000,0.850000,0.250000,4,3,0,0
41655,1.000000,0.250000,0.850000,0.250000,4,3,0,0
41660,1.000000,0.250000,0.850000,0.250000,4,3,0,0
41665,1.000000,0.250000,0.850000,0.250000,4,3,0,0
41670,1.000000,0.250000,0.850000,0.250000,4,3,0,0
41675,1.000000,0.250000,0.850000,0.250000,4,3,0,0
41680,1.000000,0.250000,0.850000,0.250000,4,3,0,0
41685,1.000000,0.250000,0.850000,0.250000,4,3,0,0
41690,1.000000,0.250000,0.850000,0.250000,4,3,0,0
41695,1.000000,0.250000,0.850000,0.250000,4,3,0,0
41700,1.000000,0.250000,0.850000,0.250000,4,3,0,0
41705,1.000000,0.250000,0.850000,0.250000,4,3,0,0
41710,1.000000,0.250000,0.850000,0.250000,4,3,0,0
41715,1.000000,0.250000,0.850000,0.250000,4,3,0,0
41720,1.000000,0.250000,0.850000,0.250000,4,3,0,0
41725,1.000000,0.250000,0.850000,0.250000,4,3,0,0
41730,1.000000,0.250000,0.850000,0.250000,4,3,0,0
41735,1.000000,0.250000,0.850000,0.250000,4,3,0,0
41740,1.000000,0.250000,0.850000,0.250000,4,3,0,0
41745,1.000000,0.250000,0.850000,0.250000,4,3,0,0
41750,1.000000,0.250000,0.850000,0.250000,4,3,0,0
41755,1.000000,0.250000,0.850000,0.250000,4,3,0,0
41760,1.000000,0.250000,0.850000,0.250000,4,3,0,0
41765,1.000000,0.250000,0.850000,0.250000,4,3,0,0
41770,1.000000,0.250000,0.850000,0.250000,4,3,0,0
41775,1.000000,0.250000,0.850000,0.250000,4,3,0,0
41780,1.000000,0.250000,0.850000,0.250000,4,3,0,0
41785,1.000000,0.250000,0.850000,0.250000,4,3,0,0
41790,1.000000,0.250000,0.850000,0.250000,4,3,0,0
41795,1.000000,0.250000,0.850000,0.250000,4,3,0,0
41800,1.000000,0.250000,0.850000,0.250000,4,3,0,0
41805,1.000000,0.250000,0.850000,0.250000,4,3,0,0
41810,1.000000,0.250000,0.850000,0.250000,4,3,0,0
41815,1.000000,0.250000,0.850000,0.250000,4,3,0,0
41820,1.000000,0.250000,0.850000,0.250000,4,3,0,0
41825,1.000000,0.250000,0.850000,0.250000,4,3,0,0
41830,1.000000,0.250000,0.850000,0.250000,4,3,0,0
41835,1.000000,0.250000,0.850000,0.250000,4,3,0,0
41840,1.000000,0.250000,0.850000,0.250000,4,3,0,0
41845,1.000000,0.250000,0.850000,0.250000,4,3,0,0
41850,1.000000,0.250000,0.850000,0.250000,4,3,0,0
41855,1.000000,0.250000,0.850000,0.250000,4,3,0,0
41860,1.000000,0.250000,0.850000,0.250000,4,3,0,0
41865,1.000000,0.250000,0.850000,0.250000,4,3,0,0
41870,1.000000,0.250000,0.850000,0.250000,4,3,0,0
41875,1.000000,0.250000,0.850000,0.250000,4,3,0,0
41880,1.000000,0.250000,0.850000,0.250000,4,3,0,0
41885,1.000000,0.250000,0.850000,0.250000,4,3,0,0
41890,1.000000,0.250000,0.850000,0.250000,4,3,0,0
41895,1.000000,0.250000,0.850000,0.250000,4,3,0,0
41900,1.000000,0.250000,0.850000,0.250000,4,3,0,0
41905,1.000000,0.250000,0.850000,0.250000,4,3,0,0
41910,1.000000,0.250000,0.850000,0.250000,4,3,0,0
41915,1.000000,0.250000,0.850000,0.250000,4,3,0,0
41920,1.000000,0.250000,0.850000,0.250000,4,3,0,0
41925,1.000000,0.250000,0.850000,0.250000,4,3,0,0
41930,1.000000,0.250000,0.850000,0.250000,4,3,0,0
41935,1.000000,0.250000,0.850000,0.250000,4,3,0,0
41940,1.000000,0.250000,0.850000,0.250000,4,3,0,0
41945,1.000000,0.250000,0.850000,0.250000,4,3,0,0
41950,1.000000,0.250000,0.850000,0.250000,4,3,0,0
41955,1.000000,0.250000,0.850000,0.250000,4,3,0,0
41960,1.000000,0.250000,0.850000,0.250000,4,3,0,0
41965,1.000000,0.250000,0.850000,0.250000,4,3,0,0
41970,1.000000,0.250000,0.850000,0.250000,4,3,0,0
41975,1.000000,0.250000,0.850000,0.250000,4,3,0,0
41980,1.000000,0.250000,0.850000,0.250000,4,3,0,0
41985,1.000000,0.250000,0.850000,0.250000,4,3,0,0
41990,1.000000,0.250000,0.850000,0.250000,4,3,0,0
41995,1.000000,0.250000,0.850000,0.250000,4,3,0,0
42000,0.550000,0.250000,0.550000,0.250000,4,3,0,0
42005,0.550000,0.250000,0.550000,0.250000,4,3,0,0
42010,0.550000,0.250000,0.550000,0.250000,4,3,0,0
42015,0.550000,0.250000,0.550000,0.250000,4,3,0,0
42020,0.550000,0.250000,0.550000,0.250000,4,3,0,0
42025,0.550000,0.250000,0.550000,0.250000,4,3,0,0
42030,0.550000,0.250000,0.550000,0.250000,4,3,0,0
42035,0.550000,0.250000,0.550000,0.250000,4,3,0,0
42040,0.550000,0.250000,0.550000,0.250000,4,3,0,0
42045,0.550000,0.250000,0.550000,0.250000,4,3,0,0
42050,0.550000,0.250000,0.550000,0.250000,4,3,0,0
42055,0.550000,0.250000,0.550000,0.250000,4,3,0,0
42060,0.550000,0.250000,0.550000,0.250000,4,3,0,0
42065,0.550000,0.250000,0.550000,0.250000,4,3,0,0
42070,0.550000,0.250000,0.550000,0.250000,4,3,0,0
42075,0.550000,0.250000,0.550000,0.250000,4,3,0,0
42080,0.550000,0.250000,0.550000,0.250000,4,3,0,0
42085,0.550000,0.250000,0.550000,0.250000,4,3,0,0
42090,0.550000,0.250000,0.550000,0.250000,4,3,0,0
42095,0.550000,0.250000,0.550000,0.250000,4,3,0,0
42100,0.550000,0.250000,0.550000,0.250000,4,3,0,0
42105,0.550000,0.250000,0.550000,0.250000,4,3,0,0
42110,0.550000,0.250000,0.550000,0.250000,4,3,0,0
42115,0.550000,0.250000,0.550000,0.250000,4,3,0,0
42120,0.550000,0.250000,0.550000,0.250000,4,3,0,0
42125,0.550000,0.250000,0.550000,0.250000,4,3,0,0
42130,0.550000,0.250000,0.550000,0.250000,4,3,0,0
42135,0.550000,0.250000,0.550000,0.250000,4,3,0,0
42140,0.550000,0.250000,0.550000,0.250000,4,3,0,0
42145,0.550000,0.250000,0.550000,0.250000,4,3,0,0
42150,0.550000,0.250000,0.550000,0.250000,4,3,0,0
42155,0.550000,0.250000,0.550000,0.250000,4,3,0,0
42160,0.550000,0.250000,0.550000,0.250000,4,3,0,0
42165,0.550000,0.250000,0.550000,0.250000,4,3,0,0
42170,0.550000,0.250000,0.550000,0.250000,4,3,0,0
42175,0.550000,0.250000,0.550000,0.250000,4,3,0,0
42180,0.550000,0.250000,0.550000,0.250000,4,3,0,0
42185,0.550000,0.250000,0.550000,0.250000,4,3,0,0
42190,0.550000,0.250000,0.550000,0.250000,4,3,0,0
42195,0.550000,0.250000,0.550000,0.250000,4,3,0,0
42200,0.550000,0.250000,0.550000,0.250000,4,3,0,0
42205,0.550000,0.250000,0.550000,0.250000,4,3,0,0
42210,0.550000,0.250000,0.550000,0.250000,4,3,0,0
42215,0.550000,0.250000,0.550000,0.250000,4,3,0,0
42220,0.550000,0.250000,0.550000,0.250000,4,3,0,0
42225,0.550000,0.250000,0.550000,0.250000,4,3,0,0
42230,0.550000,0.250000,0.550000,0.250000,4,3,0,0
42235,0.550000,0.250000,0.550000,0.250000,4,3,0,0
42240,0.550000,0.250000,0.550000,0.250000,4,3,0,0
42245,0.550000,0.250000,0.550000,0.250000,4,3,0,0
42250,0.550000,0.250000,0.550000,0.250000,4,3,0,0
42255,0.550000,0.250000,0.550000,0.250000,4,3,0,0
42260,0.550000,0.250000,0.550000,0.250000,4,3,0,0
42265,0.550000,0.250000,0.550000,0.250000,4,3,0,0
42270,0.550000,0.250000,0.550000,0.250000,4,3,0,0
42275,0.550000,0.250000,0.550000,0.250000,4,3,0,0
42280,0.550000,0.250000,0.550000,0.250000,4,3,0,0
42285,0.550000,0.250000,0.550000,0.250000,4,3,0,0
42290,0.550000,0.250000,0.550000,0.250000,4,3,0,0
42295,0.550000,0.250000,0.550000,0.250000,4,3,0,0
42300,0.550000,0.250000,0.550000,0.250000,4,3,0,0
42305,0.550000,0.250000,0.550000,0.250000,4,3,0,0
42310,0.550000,0.250000,0.550000,0.250000,4,3,0,0
42315,0.550000,0.250000,0.550000,0.250000,4,3,0,0
42320,0.550000,0.250000,0.550000,0.250000,4,3,0,0
42325,0.550000,0.250000,0.550000,0.250000,4,3,0,0
42330,0.550000,0.250000,0.550000,0.250000,4,3,0,0
42335,0.550000,0.250000,0.550000,0.250000,4,3,0,0
42340,0.550000,0.250000,0.550000,0.250000,4,3,0,0
42345,0.550000,0.250000,0.550000,0.250000,4,3,0,0
42350,0.550000,0.250000,0.550000,0.250000,4,3,0,0
42355,0.550000,0.250000,0.550000,0.250000,4,3,0,0
42360,0.550000,0.250000,0.550000,0.250000,4,3,0,0
42365,0.550000,0.250000,0.550000,0.250000,4,3,0,0
42370,0.550000,0.250000,0.550000,0.250000,4,3,0,0
42375,0.550000,0.250000,0.550000,0.250000,4,3,0,0
42380,0.550000,0.250000,0.550000,0.250000,4,3,0,0
42385,0.550000,0.250000,0.550000,0.250000,4,3,0,0
42390,0.550000,0.250000,0.550000,0.250000,4,3,0,0
42395,0.550000,0.250000,0.550000,0.250000,4,3,0,0
42400,0.550000,0.250000,0.550000,0.250000,4,3,0,0
42405,0.550000,0.250000,0.550000,0.250000,4,3,0,0
42410,0.550000,0.250000,0.550000,0.250000,4,3,0,0
42415,0.550000,0.250000,0.550000,0.250000,4,3,0,0
42420,0.550000,0.250000,0.550000,0.250000,4,3,0,0
42425,0.550000,0.250000,0.550000,0.250000,4,3,0,0
42430,0.550000,0.250000,0.550000,0.250000,4,3,0,0
42435,0.550000,0.250000,0.550000,0.250000,4,3,0,0
42440,0.550000,0.250000,0.550000,0.250000,4,3,0,0
42445,0.550000,0.250000,0.550000,0.250000,4,3,0,0
42450,0.550000,0.250000,0.550000,0.250000,4,3,0,0
42455,0.550000,0.250000,0.550000,0.250000,4,3,0,0
42460,0.550000,0.250000,0.550000,0.250000,4,3,0,0
42465,0.550000,0.250000,0.550000,0.250000,4,3,0,0
42470,0.550000,0.250000,0.550000,0.250000,4,3,0,0
42475,0.550000,0.250000,0.550000,0.250000,4,3,0,0
42480,0.550000,0.250000,0.550000,0.250000,4,3,0,0
42485,0.550000,0.250000,0.550000,0.250000,4,3,0,0
42490,0.550000,0.250000,0.550000,0.250000,4,3,0,0
42495,0.550000,0.250000,0.550000,0.250000,4,3,0,0
42500,0.550000,0.250000,0.550000,0.250000,4,3,0,0
42505,0.550000,0.250000,0.550000,0.250000,4,3,0,0
42510,0.550000,0.250000,0.550000,0.250000,4,3,0,0
42515,0.550000,0.250000,0.550000,0.250000,4,3,0,0
42520,0.550000,0.250000,0.550000,0.250000,4,3,0,0
42525,0.550000,0.250000,0.550000,0.250000,4,3,0,0
42530,0.550000,0.250000,0.550000,0.250000,4,3,0,0
42535,0.550000,0.250000,0.550000,0.250000,4,3,0,0
42540,0.550000,0.250000,0.550000,0.250000,4,3,0,0
42545,0.550000,0.250000,0.550000,0.250000,4,3,0,0
42550,0.550000,0.250000,0.550000,0.250000,4,3,0,0
42555,0.550000,0.250000,0.550000,0.250000,4,3,0,0
42560,0.550000,0.250000,0.550000,0.250000,4,3,0,0
42565,0.550000,0.250000,0.550000,0.250000,4,3,0,0
42570,0.550000,0.250000,0.550000,0.250000,4,3,0,0
42575,0.550000,0.250000,0.550000,0.250000,4,3,0,0
42580,0.550000,0.250000,0.550000,0.250000,4,3,0,0
42585,0.550000,0.250000,0.550000,0.250000,4,3,0,0
42590,0.550000,0.250000,0.550000,0.250000,4,3,0,0
42595,0.550000,0.250000,0.550000,0.250000,4,3,0,0
42600,0.550000,0.250000,0.550000,0.250000,4,3,0,0
42605,0.550000,0.250000,0.550000,0.250000,4,3,0,0
42610,0.550000,0.250000,0.550000,0.250000,4,3,0,0
42615,0.550000,0.250000,0.550000,0.250000,4,3,0,0
42620,0.550000,0.250000,0.550000,0.250000,4,3,0,0
42625,0.550000,0.250000,0.550000,0.250000,4,3,0,0
42630,0.550000,0.250000,0.550000,0.250000,4,3,0,0
42635,0.550000,0.250000,0.550000,0.250000,4,3,0,0
42640,0.550000,0.250000,0.550000,0.250000,4,3,0,0
42645,0.550000,0.250000,0.550000,0.250000,4,3,0,0
42650,0.550000,0.250000,0.550000,0.250000,4,3,0,0
42655,0.550000,0.250000,0.550000,0.250000,4,3,0,0
42660,0.550000,0.250000,0.550000,0.250000,4,3,0,0
42665,0.550000,0.250000,0.550000,0.250000,4,3,0,0
42670,0.550000,0.250000,0.550000,0.250000,4,3,0,0
42675,0.550000,0.250000,0.550000,0.250000,4,3,0,0
42680,0.550000,0.250000,0.550000,0.250000,4,3,0,0
42685,0.550000,0.250000,0.550000,0.250000,4,3,0,0
42690,0.550000,0.250000,0.550000,0.250000,4,3,0,0
42695,0.550000,0.250000,0.550000,0.250000,4,3,0,0
42700,0.550000,0.250000,0.550000,0.250000,4,3,0,0
42705,0.550000,0.250000,0.550000,0.250000,4,3,0,0
42710,0.550000,0.250000,0.550000,0.250000,4,3,0,0
42715,0.550000,0.250000,0.550000,0.250000,4,3,0,0
42720,0.550000,0.250000,0.550000,0.250000,4,3,0,0
42725,0.550000,0.250000,0.550000,0.250000,4,3,0,0
42730,0.550000,0.250000,0.550000,0.250000,4,3,0,0
42735,0.550000,0.250000,0.550000,0.250000,4,3,0,0
42740,0.550000,0.250000,0.550000,0.250000,4,3,0,0
42745,0.550000,0.250000,0.550000,0.250000,4,3,0,0
42750,0.550000,0.250000,0.550000,0.250000,4,3,0,0
42755,0.550000,0.250000,0.550000,0.250000,4,3,0,0
42760,0.550000,0.250000,0.550000,0.250000,4,3,0,0
42765,0.550000,0.250000,0.550000,0.250000,4,3,0,0
42770,0.550000,0.250000,0.550000,0.250000,4,3,0,0
42775,0.550000,0.250000,0.550000,0.250000,4,3,0,0
42780,0.550000,0.250000,0.550000,0.250000,4,3,0,0
42785,0.550000,0.250000,0.550000,0.250000,4,3,0,0
42790,0.550000,0.250000,0.550000,0.250000,4,3,0,0
42795,0.550000,0.250000,0.550000,0.250000,4,3,0,0
42800,1.000000,0.250000,0.850000,0.250000,4,3,0,0
42805,1.000000,0.250000,0.850000,0.250000,4,3,0,0
42810,1.000000,0.250000,0.850000,0.250000,4,3,0,0
42815,1.000000,0.250000,0.850000,0.250000,4,3,0,0
42820,1.000000,0.250000,0.850000,0.250000,4,3,0,0
42825,1.000000,0.250000,0.850000,0.250000,4,3,0,0
42830,1.000000,0.250000,0.850000,0.250000,4,3,0,0
42835,1.000000,0.250000,0.850000,0.250000,4,3,0,0
42840,1.000000,0.250000,0.850000,0.250000,4,3,0,0
42845,1.000000,0.250000,0.850000,0.250000,4,3,0,0
42850,1.000000,0.250000,0.850000,0.250000,4,3,0,0
42855,1.000000,0.250000,0.850000,0.250000,4,3,0,0
42860,1.000000,0.250000,0.850000,0.250000,4,3,0,0
42865,1.000000,0.250000,0.850000,0.250000,4,3,0,0
42870,1.000000,0.250000,0.850000,0.250000,4,3,0,0
42875,1.000000,0.250000,0.850000,0.250000,4,3,0,0
42880,1.000000,0.250000,0.850000,0.250000,4,3,0,0
42885,1.000000,0.250000,0.850000,0.250000,4,3,0,0
42890,1.000000,0.250000,0.850000,0.250000,4,3,0,0
42895,1.000000,0.250000,0.850000,0.250000,4,3,0,0
42900,1.000000,0.250000,0.850000,0.250000,4,3,0,0
42905,1.000000,0.250000,0.850000,0.250000,4,3,0,0
42910,1.000000,0.250000,0.850000,0.250000,4,3,0,0
42915,1.000000,0.250000,0.850000,0.250000,4,3,0,0
42920,1.000000,0.250000,0.850000,0.250000,4,3,0,0
42925,1.000000,0.250000,0.850000,0.250000,4,3,0,0
42930,1.000000,0.250000,0.850000,0.250000,4,3,0,0
42935,1.000000,0.250000,0.850000,0.250000,4,3,0,0
42940,1.000000,0.250000,0.850000,0.250000,4,3,0,0
42945,1.000000,0.250000,0.850000,0.250000,4,3,0,0
42950,1.000000,0.250000,0.850000,0.250000,4,3,0,0
42955,1.000000,0.250000,0.850000,0.250000,4,3,0,0
42960,1.000000,0.250000,0.850000,0.250000,4,3,0,0
42965,1.000000,0.250000,0.850000,0.250000,4,3,0,0
42970,1.000000,0.250000,0.850000,0.250000,4,3,0,0
42975,1.000000,0.250000,0.850000,0.250000,4,3,0,0
42980,1.000000,0.250000,0.850000,0.250000,4,3,0,0
42985,1.000000,0.250000,0.850000,0.250000,4,3,0,0
42990,1.000000,0.250000,0.850000,0.250000,4,3,0,0
42995,1.000000,0.250000,0.850000,0.250000,4,3,0,0
43000,1.000000,0.250000,0.850000,0.250000,4,3,0,0
43005,1.000000,0.250000,0.850000,0.250000,4,3,0,0
43010,1.000000,0.250000,0.850000,0.250000,4,3,0,0
43015,1.000000,0.250000,0.850000,0.250000,4,3,0,0
43020,1.000000,0.250000,0.850000,0.250000,4,3,0,0
43025,1.000000,0.250000,0.850000,0.250000,4,3,0,0
43030,1.000000,0.250000,0.850000,0.250000,4,3,0,0
43035,1.000000,0.250000,0.850000,0.250000,4,3,0,0
43040,1.000000,0.250000,0.850000,0.250000,4,3,0,0
43045,1.000000,0.250000,0.850000,0.250000,4,3,0,0
43050,1.000000,0.250000,0.850000,0.250000,4,3,0,0
43055,1.000000,0.250000,0.850000,0.250000,4,3,0,0
43060,1.000000,0.250000,0.850000,0.250000,4,3,0,0
43065,1.000000,0.250000,0.850000,0.250000,4,3,0,0
43070,1.000000,0.250000,0.850000,0.250000,4,3,0,0
43075,1.000000,0.250000,0.850000,0.250000,4,3,0,0
43080,1.000000,0.250000,0.850000,0.250000,4,3,0,0
43085,1.000000,0.250000,0.850000,0.250000,4,3,0,0
43090,1.000000,0.250000,0.850000,0.250000,4,3,0,0
43095,1.000000,0.250000,0.850000,0.250000,4,3,0,0
43100,1.000000,0.250000,0.850000,0.250000,4,3,0,0
43105,1.000000,0.250000,0.850000,0.250000,4,3,0,0
43110,1.000000,0.250000,0.850000,0.250000,4,3,0,0
43115,1.000000,0.250000,0.850000,0.250000,4,3,0,0
43120,1.000000,0.250000,0.850000,0.250000,4,3,0,0
43125,1.000000,0.250000,0.850000,0.250000,4,3,0,0
43130,1.000000,0.250000,0.850000,0.250000,4,3,0,0
43135,1.000000,0.250000,0.850000,0.250000,4,3,0,0
43140,1.000000,0.250000,0.850000,0.250000,4,3,0,0
43145,1.000000,0.250000,0.850000,0.250000,4,3,0,0
43150,1.000000,0.250000,0.850000,0.250000,4,3,0,0
43155,1.000000,0.250000,0.850000,0.250000,4,3,0,0
43160,1.000000,0.250000,0.850000,0.250000,4,3,0,0
43165,1.000000,0.250000,0.850000,0.250000,4,3,0,0
43170,1.000000,0.250000,0.850000,0.250000,4,3,0,0
43175,1.000000,0.250000,0.850000,0.250000,4,3,0,0
43180,1.000000,0.250000,0.850000,0.250000,4,3,0,0
43185,1.000000,0.250000,0.850000,0.250000,4,3,0,0
43190,1.000000,0.250000,0.850000,0.250000,4,3,0,0
43195,1.000000,0.250000,0.850000,0.250000,4,3,0,0
43200,1.000000,0.250000,0.850000,0.250000,4,3,0,0
43205,1.000000,0.250000,0.850000,0.250000,4,3,0,0
43210,1.000000,0.250000,0.850000,0.250000,4,3,0,0
43215,1.000000,0.250000,0.850000,0.250000,4,3,0,0
43220,1.000000,0.250000,0.850000,0.250000,4,3,0,0
43225,1.000000,0.250000,0.850000,0.250000,4,3,0,0
43230,1.000000,0.250000,0.850000,0.250000,4,3,0,0
43235,1.000000,0.250000,0.850000,0.250000,4,3,0,0
43240,1.000000,0.250000,0.850000,0.250000,4,3,0,0
43245,1.000000,0.250000,0.850000,0.250000,4,3,0,0
43250,1.000000,0.250000,0.850000,0.250000,4,3,0,0
43255,1.000000,0.250000,0.850000,0.250000,4,3,0,0
43260,1.000000,0.250000,0.850000,0.250000,4,3,0,0
43265,1.000000,0.250000,0.850000,0.250000,4,3,0,0
43270,1.000000,0.250000,0.850000,0.250000,4,3,0,0
43275,1.000000,0.250000,0.850000,0.250000,4,3,0,0
43280,1.000000,0.250000,0.850000,0.250000,4,3,0,0
43285,1.000000,0.250000,0.850000,0.250000,4,3,0,0
43290,1.000000,0.250000,0.850000,0.250000,4,3,0,0
43295,1.000000,0.250000,0.850000,0.250000,4,3,0,0
43300,1.000000,0.250000,0.850000,0.250000,4,3,0,0
43305,1.000000,0.250000,0.850000,0.250000,4,3,0,0
43310,1.000000,0.250000,0.850000,0.250000,4,3,0,0
43315,1.000000,0.250000,0.850000,0.250000,4,3,0,0
43320,1.000000,0.250000,0.850000,0.250000,4,3,0,0
43325,1.000000,0.250000,0.850000,0.250000,4,3,0,0
43330,1.000000,0.250000,0.850000,0.250000,4,3,0,0
43335,1.000000,0.250000,0.850000,0.250000,4,3,0,0
43340,1.000000,0.250000,0.850000,0.250000,4,3,0,0
43345,1.000000,0.250000,0.850000,0.250000,4,3,0,0
43350,1.000000,0.250000,0.850000,0.250000,4,3,0,0
43355,1.000000,0.250000,0.850000,0.250000,4,3,0,0
43360,1.000000,0.250000,0.850000,0.250000,4,3,0,0
43365,1.000000,0.250000,0.850000,0.250000,4,3,0,0
43370,1.000000,0.250000,0.850000,0.250000,4,3,0,0
43375,1.000000,0.250000,0.850000,0.250000,4,3,0,0
43380,1.000000,0.250000,0.850000,0.250000,4,3,0,0
43385,1.000000,0.250000,0.850000,0.250000,4,3,0,0
43390,1.000000,0.250000,0.850000,0.250000,4,3,0,0
43395,1.000000,0.250000,0.850000,0.250000,4,3,0,0
43400,1.000000,0.250000,0.850000,0.250000,4,3,0,0
43405,1.000000,0.250000,0.850000,0.250000,4,3,0,0
43410,1.000000,0.250000,0.850000,0.250000,4,3,0,0
43415,1.000000,0.250000,0.850000,0.250000,4,3,0,0
43420,1.000000,0.250000,0.850000,0.250000,4,3,0,0
43425,1.000000,0.250000,0.850000,0.250000,4,3,0,0
43430,1.000000,0.250000,0.850000,0.250000,4,3,0,0
43435,1.000000,0.250000,0.850000,0.250000,4,3,0,0
43440,1.000000,0.250000,0.850000,0.250000,4,3,0,0
43445,1.000000,0.250000,0.850000,0.250000,4,3,0,0
43450,1.000000,0.250000,0.850000,0.250000,4,3,0,0
43455,1.000000,0.250000,0.850000,0.250000,4,3,0,0
43460,1.000000,0.250000,0.850000,0.250000,4,3,0,0
43465,1.000000,0.250000,0.850000,0.250000,4,3,0,0
43470,1.000000,0.250000,0.850000,0.250000,4,3,0,0
43475,1.000000,0.250000,0.850000,0.250000,4,3,0,0
43480,1.000000,0.250000,0.850000,0.250000,4,3,0,0
43485,1.000000,0.250000,0.850000,0.250000,4,3,0,0
43490,1.000000,0.250000,0.850000,0.250000,4,3,0,0
43495,1.000000,0.250000,0.850000,0.250000,4,3,0,0
43500,1.000000,0.250000,0.850000,0.250000,4,3,0,0
43505,1.000000,0.250000,0.850000,0.250000,4,3,0,0
43510,1.000000,0.250000,0.850000,0.250000,4,3,0,0
43515,1.000000,0.250000,0.850000,0.250000,4,3,0,0
43520,1.000000,0.250000,0.850000,0.250000,4,3,0,0
43525,1.000000,0.250000,0.850000,0.250000,4,3,0,0
43530,1.000000,0.250000,0.850000,0.250000,4,3,0,0
43535,1.000000,0.250000,0.850000,0.250000,4,3,0,0
43540,1.000000,0.250000,0.850000,0.250000,4,3,0,0
43545,1.000000,0.250000,0.850000,0.250000,4,3,0,0
43550,1.000000,0.250000,0.850000,0.250000,4,3,0,0
43555,1.000000,0.250000,0.850000,0.250000,4,3,0,0
43560,1.000000,0.250000,0.850000,0.250000,4,3,0,0
43565,1.000000,0.250000,0.850000,0.250000,4,3,0,0
43570,1.000000,0.250000,0.850000,0.250000,4,3,0,0
43575,1.000000,0.250000,0.850000,0.250000,4,3,0,0
43580,1.000000,0.250000,0.850000,0.250000,4,3,0,0
43585,1.000000,0.250000,0.850000,0.250000,4,3,0,0
43590,1.000000,0.250000,0.850000,0.250000,4,3,0,0
43595,1.000000,0.250000,0.850000,0.250000,4,3,0,0
43600,1.000000,0.250000,0.850000,0.250000,4,3,0,0
43605,1.000000,0.250000,0.850000,0.250000,4,3,0,0
43610,1.000000,0.250000,0.850000,0.250000,4,3,0,0
43615,1.000000,0.250000,0.850000,0.250000,4,3,0,0
43620,1.000000,0.250000,0.850000,0.250000,4,3,0,0
43625,1.000000,0.250000,0.850000,0.250000,4,3,0,0
43630,1.000000,0.250000,0.850000,0.250000,4,3,0,0
43635,1.000000,0.250000,0.850000,0.250000,4,3,0,0
43640,1.000000,0.250000,0.850000,0.250000,4,3,0,0
43645,1.000000,0.250000,0.850000,0.250000,4,3,0,0
43650,1.000000,0.250000,0.000000,0.000000,5,3,1,0
43655,1.000000,0.250000,0.000000,0.000000,5,3,1,0
43660,1.000000,0.250000,0.000000,0.000000,5,3,1,0
43665,1.000000,0.250000,0.000000,0.000000,5,3,1,0
43670,1.000000,0.250000,0.000000,0.000000,5,3,1,0
43675,1.000000,0.250000,0.000000,0.000000,5,3,1,0
43680,1.000000,0.250000,0.000000,0.000000,5,3,1,0
43685,1.000000,0.250000,0.000000,0.000000,5,3,1,0
43690,1.000000,0.250000,0.000000,0.000000,5,3,1,0
43695,1.000000,0.250000,0.000000,0.000000,5,3,1,0
43700,1.000000,0.250000,0.000000,0.000000,5,3,1,0
43705,1.000000,0.250000,0.000000,0.000000,5,3,1,0
43710,1.000000,0.250000,0.000000,0.000000,5,3,1,0
43715,1.000000,0.250000,0.000000,0.000000,5,3,1,0
43720,1.000000,0.250000,0.000000,0.000000,5,3,1,0
43725,1.000000,0.250000,0.000000,0.000000,5,3,1,0
43730,1.000000,0.250000,0.000000,0.000000,5,3,1,0
43735,1.000000,0.250000,0.000000,0.000000,5,3,1,0
43740,1.000000,0.250000,0.000000,0.000000,5,3,1,0
43745,1.000000,0.250000,0.000000,0.000000,5,3,1,0
43750,1.000000,0.250000,0.000000,0.000000,5,3,1,0
43755,1.000000,0.250000,0.000000,0.000000,5,3,1,0
43760,1.000000,0.250000,0.000000,0.000000,5,3,1,0
43765,1.000000,0.250000,0.000000,0.000000,5,3,1,0
43770,1.000000,0.250000,0.000000,0.000000,5,3,1,0
43775,1.000000,0.250000,0.000000,0.000000,5,3,1,0
43780,1.000000,0.250000,0.000000,0.000000,5,3,1,0
43785,1.000000,0.250000,0.000000,0.000000,5,3,1,0
43790,1.000000,0.250000,0.000000,0.000000,5,3,1,0
43795,1.000000,0.250000,0.000000,0.000000,5,3,1,0
43800,1.000000,0.250000,0.000000,0.000000,5,3,1,0
43805,1.000000,0.250000,0.000000,0.000000,5,3,1,0
43810,1.000000,0.250000,0.000000,0.000000,5,3,1,0
43815,1.000000,0.250000,0.000000,0.000000,5,3,1,0
43820,1.000000,0.250000,0.000000,0.000000,5,3,1,0
43825,1.000000,0.250000,0.000000,0.000000,5,3,1,0
43830,1.000000,0.250000,0.000000,0.000000,5,3,1,0
43835,1.000000,0.250000,0.000000,0.000000,5,3,1,0
43840,1.000000,0.250000,0.000000,0.000000,5,3,1,0
43845,1.000000,0.250000,0.000000,0.000000,5,3,1,0
43850,1.000000,0.250000,0.000000,0.000000,5,3,1,0
43855,1.000000,0.250000,0.000000,0.000000,5,3,1,0
43860,1.000000,0.250000,0.000000,0.000000,5,3,1,0
43865,1.000000,0.250000,0.000000,0.000000,5,3,1,0
43870,1.000000,0.250000,0.000000,0.000000,5,3,1,0
43875,1.000000,0.250000,0.000000,0.000000,5,3,1,0
43880,1.000000,0.250000,0.000000,0.000000,5,3,1,0
43885,1.000000,0.250000,0.000000,0.000000,5,3,1,0
43890,1.000000,0.250000,0.000000,0.000000,5,3,1,0
43895,1.000000,0.250000,0.000000,0.000000,5,3,1,0
43900,1.000000,0.250000,0.000000,0.000000,5,3,1,0
43905,1.000000,0.250000,0.000000,0.000000,5,3,1,0
43910,1.000000,0.250000,0.000000,0.000000,5,3,1,0
43915,1.000000,0.250000,0.000000,0.000000,5,3,1,0
43920,1.000000,0.250000,0.000000,0.000000,5,3,1,0
43925,1.000000,0.250000,0.000000,0.000000,5,3,1,0
43930,1.000000,0.250000,0.000000,0.000000,5,3,1,0
43935,1.000000,0.250000,0.000000,0.000000,5,3,1,0
43940,1.000000,0.250000,0.000000,0.000000,5,3,1,0
43945,1.000000,0.250000,0.000000,0.000000,5,3,1,0
43950,1.000000,0.250000,0.000000,0.000000,5,3,1,0
43955,1.000000,0.250000,0.000000,0.000000,5,3,1,0
43960,1.000000,0.250000,0.000000,0.000000,5,3,1,0
43965,1.000000,0.250000,0.000000,0.000000,5,3,1,0
43970,1.000000,0.250000,0.000000,0.000000,5,3,1,0
43975,1.000000,0.250000,0.000000,0.000000,5,3,1,0
43980,1.000000,0.250000,0.000000,0.000000,5,3,1,0
43985,1.000000,0.250000,0.000000,0.000000,5,3,1,0
43990,1.000000,0.250000,0.000000,0.000000,5,3,1,0
43995,1.000000,0.250000,0.000000,0.000000,5,3,1,0
44000,1.000000,0.250000,0.000000,0.000000,5,3,1,0
44005,1.000000,0.250000,0.000000,0.000000,5,3,1,0
44010,1.000000,0.250000,0.000000,0.000000,5,3,1,0
44015,1.000000,0.250000,0.000000,0.000000,5,3,1,0
44020,1.000000,0.250000,0.000000,0.000000,5,3,1,0
44025,1.000000,0.250000,0.000000,0.000000,5,3,1,0
44030,1.000000,0.250000,0.000000,0.000000,5,3,1,0
44035,1.000000,0.250000,0.000000,0.000000,5,3,1,0
44040,1.000000,0.250000,0.000000,0.000000,5,3,1,0
44045,1.000000,0.250000,0.000000,0.000000,5,3,1,0
44050,1.000000,0.250000,0.000000,0.000000,5,3,1,0
44055,1.000000,0.250000,0.000000,0.000000,5,3,1,0
44060,1.000000,0.250000,0.000000,0.000000,5,3,1,0
44065,1.000000,0.250000,0.000000,0.000000,5,3,1,0
44070,1.000000,0.250000,0.000000,0.000000,5,3,1,0
44075,1.000000,0.250000,0.000000,0.000000,5,3,1,0
44080,1.000000,0.250000,0.000000,0.000000,5,3,1,0
44085,1.000000,0.250000,0.000000,0.000000,5,3,1,0
44090,1.000000,0.250000,0.000000,0.000000,5,3,1,0
44095,1.000000,0.250000,0.000000,0.000000,5,3,1,0
44100,1.000000,0.250000,0.000000,0.000000,5,3,1,0
44105,1.000000,0.250000,0.000000,0.000000,5,3,1,0
44110,1.000000,0.250000,0.000000,0.000000,5,3,1,0
44115,1.000000,0.250000,0.000000,0.000000,5,3,1,0
44120,1.000000,0.250000,0.000000,0.000000,5,3,1,0
44125,1.000000,0.250000,0.000000,0.000000,5,3,1,0
44130,1.000000,0.250000,0.000000,0.000000,5,3,1,0
44135,1.000000,0.250000,0.000000,0.000000,5,3,1,0
44140,1.000000,0.250000,0.000000,0.000000,5,3,1,0
44145,1.000000,0.250000,0.000000,0.000000,5,3,1,0
44150,1.000000,0.250000,0.000000,0.000000,5,3,1,0
44155,1.000000,0.250000,0.000000,0.000000,5,3,1,0
44160,1.000000,0.250000,0.000000,0.000000,5,3,1,0
44165,1.000000,0.250000,0.000000,0.000000,5,3,1,0
44170,1.000000,0.250000,0.000000,0.000000,5,3,1,0
44175,1.000000,0.250000,0.000000,0.000000,5,3,1,0
44180,1.000000,0.250000,0.000000,0.000000,5,3,1,0
44185,1.000000,0.250000,0.000000,0.000000,5,3,1,0
44190,1.000000,0.250000,0.000000,0.000000,5,3,1,0
44195,1.000000,0.250000,0.000000,0.000000,5,3,1,0
44200,1.000000,0.250000,0.000000,0.000000,5,3,1,0
44205,1.000000,0.250000,0.000000,0.000000,5,3,1,0
44210,1.000000,0.250000,0.000000,0.000000,5,3,1,0
44215,1.000000,0.250000,0.000000,0.000000,5,3,1,0
44220,1.000000,0.250000,0.000000,0.000000,5,3,1,0
44225,1.000000,0.250000,0.000000,0.000000,5,3,1,0
44230,1.000000,0.250000,0.000000,0.000000,5,3,1,0
44235,1.000000,0.250000,0.000000,0.000000,5,3,1,0
44240,1.000000,0.250000,0.000000,0.000000,5,3,1,0
44245,1.000000,0.250000,0.000000,0.000000,5,3,1,0
44250,1.000000,0.250000,0.000000,0.000000,5,3,1,0
44255,1.000000,0.250000,0.000000,0.000000,5,3,1,0
44260,1.000000,0.250000,0.000000,0.000000,5,3,1,0
44265,1.000000,0.250000,0.000000,0.000000,5,3,1,0
44270,1.000000,0.250000,0.000000,0.000000,5,3,1,0
44275,1.000000,0.250000,0.000000,0.000000,5,3,1,0
44280,1.000000,0.250000,0.000000,0.000000,5,3,1,0
44285,1.000000,0.250000,0.000000,0.000000,5,3,1,0
44290,1.000000,0.250000,0.000000,0.000000,5,3,1,0
44295,1.000000,0.250000,0.000000,0.000000,5,3,1,0
44300,1.000000,0.250000,0.000000,0.000000,5,3,1,0
44305,1.000000,0.250000,0.000000,0.000000,5,3,1,0
44310,1.000000,0.250000,0.000000,0.000000,5,3,1,0
44315,1.000000,0.250000,0.000000,0.000000,5,3,1,0
44320,1.000000,0.250000,0.000000,0.000000,5,3,1,0
44325,1.000000,0.250000,0.000000,0.000000,5,3,1,0
44330,1.000000,0.250000,0.000000,0.000000,5,3,1,0
44335,1.000000,0.250000,0.000000,0.000000,5,3,1,0
44340,1.000000,0.250000,0.000000,0.000000,5,3,1,0
44345,1.000000,0.250000,0.000000,0.000000,5,3,1,0
44350,1.000000,0.250000,0.000000,0.000000,5,3,1,0
44355,1.000000,0.250000,0.000000,0.000000,5,3,1,0
44360,1.000000,0.250000,0.000000,0.000000,5,3,1,0
44365,1.000000,0.250000,0.000000,0.000000,5,3,1,0
44370,1.000000,0.250000,0.000000,0.000000,5,3,1,0
44375,1.000000,0.250000,0.000000,0.000000,5,3,1,0
44380,1.000000,0.250000,0.000000,0.000000,5,3,1,0
44385,1.000000,0.250000,0.000000,0.000000,5,3,1,0
44390,1.000000,0.250000,0.000000,0.000000,5,3,1,0
44395,1.000000,0.250000,0.000000,0.000000,5,3,1,0
44400,1.000000,0.250000,0.000000,0.000000,5,3,1,0
44405,1.000000,0.250000,0.000000,0.000000,5,3,1,0
44410,1.000000,0.250000,0.000000,0.000000,5,3,1,0
44415,1.000000,0.250000,0.000000,0.000000,5,3,1,0
44420,1.000000,0.250000,0.000000,0.000000,5,3,1,0
44425,1.000000,0.250000,0.000000,0.000000,5,3,1,0
44430,1.000000,0.250000,0.000000,0.000000,5,3,1,0
44435,1.000000,0.250000,0.000000,0.000000,5,3,1,0
44440,1.000000,0.250000,0.000000,0.000000,5,3,1,0
44445,1.000000,0.250000,0.000000,0.000000,5,3,1,0
44450,1.000000,0.250000,0.000000,0.000000,5,3,1,0
44455,1.000000,0.250000,0.000000,0.000000,5,3,1,0
44460,1.000000,0.250000,0.000000,0.000000,5,3,1,0
44465,1.000000,0.250000,0.000000,0.000000,5,3,1,0
44470,1.000000,0.250000,0.000000,0.000000,5,3,1,0
44475,1.000000,0.250000,0.000000,0.000000,5,3,1,0
44480,1.000000,0.250000,0.000000,0.000000,5,3,1,0
44485,1.000000,0.250000,0.000000,0.000000,5,3,1,0
44490,1.000000,0.250000,0.000000,0.000000,5,3,1,0
44495,1.000000,0.250000,0.000000,0.000000,5,3,1,0
44500,1.000000,0.250000,0.000000,0.000000,5,3,1,0
44505,1.000000,0.250000,0.000000,0.000000,5,3,1,0
44510,1.000000,0.250000,0.000000,0.000000,5,3,1,0
44515,1.000000,0.250000,0.000000,0.000000,5,3,1,0
44520,1.000000,0.250000,0.000000,0.000000,5,3,1,0
44525,1.000000,0.250000,0.000000,0.000000,5,3,1,0
44530,1.000000,0.250000,0.000000,0.000000,5,3,1,0
44535,1.000000,0.250000,0.000000,0.000000,5,3,1,0
44540,1.000000,0.250000,0.000000,0.000000,5,3,1,0
44545,1.000000,0.250000,0.000000,0.000000,5,3,1,0
44550,1.000000,0.250000,0.000000,0.000000,5,3,1,0
44555,1.000000,0.250000,0.000000,0.000000,5,3,1,0
44560,1.000000,0.250000,0.000000,0.000000,5,3,1,0
44565,1.000000,0.250000,0.000000,0.000000,5,3,1,0
44570,1.000000,0.250000,0.000000,0.000000,5,3,1,0
44575,1.000000,0.250000,0.000000,0.000000,5,3,1,0
44580,1.000000,0.250000,0.000000,0.000000,5,3,1,0
44585,1.000000,0.250000,0.000000,0.000000,5,3,1,0
44590,1.000000,0.250000,0.000000,0.000000,5,3,1,0
44595,1.000000,0.250000,0.000000,0.000000,5,3,1,0
44600,1.000000,0.250000,0.000000,0.000000,5,3,1,0
44605,1.000000,0.250000,0.000000,0.000000,5,3,1,0
44610,1.000000,0.250000,0.000000,0.000000,5,3,1,0
44615,1.000000,0.250000,0.000000,0.000000,5,3,1,0
44620,1.000000,0.250000,0.000000,0.000000,5,3,1,0
44625,1.000000,0.250000,0.000000,0.000000,5,3,1,0
44630,1.000000,0.250000,0.000000,0.000000,5,3,1,0
44635,1.000000,0.250000,0.000000,0.000000,5,3,1,0
44640,1.000000,0.250000,0.000000,0.000000,5,3,1,0
44645,1.000000,0.250000,0.000000,0.000000,5,3,1,0
44650,1.000000,0.250000,0.000000,0.000000,5,3,1,0
44655,1.000000,0.250000,0.000000,0.000000,5,3,1,0
44660,1.000000,0.250000,0.000000,0.000000,5,3,1,0
44665,1.000000,0.250000,0.000000,0.000000,5,3,1,0
44670,1.000000,0.250000,0.000000,0.000000,5,3,1,0
44675,1.000000,0.250000,0.000000,0.000000,5,3,1,0
44680,1.000000,0.250000,0.000000,0.000000,5,3,1,0
44685,1.000000,0.250000,0.000000,0.000000,5,3,1,0
44690,1.000000,0.250000,0.000000,0.000000,5,3,1,0
44695,1.000000,0.250000,0.000000,0.000000,5,3,1,0
44700,1.000000,0.250000,0.000000,0.000000,5,3,1,0
44705,1.000000,0.250000,0.000000,0.000000,5,3,1,0
44710,1.000000,0.250000,0.000000,0.000000,5,3,1,0
44715,1.000000,0.250000,0.000000,0.000000,5,3,1,0
44720,1.000000,0.250000,0.000000,0.000000,5,3,1,0
44725,1.000000,0.250000,0.000000,0.000000,5,3,1,0
44730,1.000000,0.250000,0.000000,0.000000,5,3,1,0
44735,1.000000,0.250000,0.000000,0.000000,5,3,1,0
44740,1.000000,0.250000,0.000000,0.000000,5,3,1,0
44745,1.000000,0.250000,0.000000,0.000000,5,3,1,0
44750,1.000000,0.250000,0.000000,0.000000,5,3,1,0
44755,1.000000,0.250000,0.000000,0.000000,5,3,1,0
44760,1.000000,0.250000,0.000000,0.000000,5,3,1,0
44765,1.000000,0.250000,0.000000,0.000000,5,3,1,0
44770,1.000000,0.250000,0.000000,0.000000,5,3,1,0
44775,1.000000,0.250000,0.000000,0.000000,5,3,1,0
44780,1.000000,0.250000,0.000000,0.000000,5,3,1,0
44785,1.000000,0.250000,0.000000,0.000000,5,3,1,0
44790,1.000000,0.250000,0.000000,0.000000,5,3,1,0
44795,1.000000,0.250000,0.000000,0.000000,5,3,1,0
44800,1.000000,0.250000,0.000000,0.000000,5,3,1,0
44805,1.000000,0.250000,0.000000,0.000000,5,3,1,0
44810,1.000000,0.250000,0.000000,0.000000,5,3,1,0
44815,1.000000,0.250000,0.000000,0.000000,5,3,1,0
44820,1.000000,0.250000,0.000000,0.000000,5,3,1,0
44825,1.000000,0.250000,0.000000,0.000000,5,3,1,0
44830,1.000000,0.250000,0.000000,0.000000,5,3,1,0
44835,1.000000,0.250000,0.000000,0.000000,5,3,1,0
44840,1.000000,0.250000,0.000000,0.000000,5,3,1,0
44845,1.000000,0.250000,0.000000,0.000000,5,3,1,0
44850,1.000000,0.250000,0.000000,0.000000,5,3,1,0
44855,1.000000,0.250000,0.000000,0.000000,5,3,1,0
44860,1.000000,0.250000,0.000000,0.000000,5,3,1,0
44865,1.000000,0.250000,0.000000,0.000000,5,3,1,0
44870,1.000000,0.250000,0.000000,0.000000,5,3,1,0
44875,1.000000,0.250000,0.000000,0.000000,5,3,1,0
44880,1.000000,0.250000,0.000000,0.000000,5,3,1,0
44885,1.000000,0.250000,0.000000,0.000000,5,3,1,0
44890,1.000000,0.250000,0.000000,0.000000,5,3,1,0
44895,1.000000,0.250000,0.000000,0.000000,5,3,1,0
44900,1.000000,0.250000,0.000000,0.000000,5,3,1,0
44905,1.000000,0.250000,0.000000,0.000000,5,3,1,0
44910,1.000000,0.250000,0.000000,0.000000,5,3,1,0
44915,1.000000,0.250000,0.000000,0.000000,5,3,1,0
44920,1.000000,0.250000,0.000000,0.000000,5,3,1,0
44925,1.000000,0.250000,0.000000,0.000000,5,3,1,0
44930,1.000000,0.250000,0.000000,0.000000,5,3,1,0
44935,1.000000,0.250000,0.000000,0.000000,5,3,1,0
44940,1.000000,0.250000,0.000000,0.000000,5,3,1,0
44945,1.000000,0.250000,0.000000,0.000000,5,3,1,0
44950,1.000000,0.250000,0.000000,0.000000,5,3,1,0
44955,1.000000,0.250000,0.000000,0.000000,5,3,1,0
44960,1.000000,0.250000,0.000000,0.000000,5,3,1,0
44965,1.000000,0.250000,0.000000,0.000000,5,3,1,0
44970,1.000000,0.250000,0.000000,0.000000,5,3,1,0
44975,1.000000,0.250000,0.000000,0.000000,5,3,1,0
44980,1.000000,0.250000,0.000000,0.000000,5,3,1,0
44985,1.000000,0.250000,0.000000,0.000000,5,3,1,0
44990,1.000000,0.250000,0.000000,0.000000,5,3,1,0
44995,1.000000,0.250000,0.000000,0.000000,5,3,1,0
45000,1.000000,0.800000,0.000000,0.000000,5,3,1,0
45005,1.000000,0.800000,0.000000,0.000000,5,3,1,0
45010,1.000000,0.800000,0.000000,0.000000,5,3,1,0
45015,1.000000,0.800000,0.000000,0.000000,5,3,1,0
45020,1.000000,0.800000,0.000000,0.000000,5,3,1,0
45025,1.000000,0.800000,0.000000,0.000000,5,3,1,0
45030,1.000000,0.800000,0.000000,0.000000,5,3,1,0
45035,1.000000,0.800000,0.000000,0.000000,5,3,1,0
45040,1.000000,0.800000,0.000000,0.000000,5,3,1,0
45045,1.000000,0.800000,0.000000,0.000000,5,3,1,0
45050,1.000000,0.800000,0.000000,0.000000,5,3,1,0
45055,1.000000,0.800000,0.000000,0.000000,5,3,1,0
45060,1.000000,0.800000,0.000000,0.000000,5,3,1,0
45065,1.000000,0.800000,0.000000,0.000000,5,3,1,0
45070,1.000000,0.800000,0.000000,0.000000,5,3,1,0
45075,1.000000,0.800000,0.000000,0.000000,5,3,1,0
45080,1.000000,0.800000,0.000000,0.000000,5,3,1,0
45085,1.000000,0.800000,0.000000,0.000000,5,3,1,0
45090,1.000000,0.800000,0.000000,0.000000,5,3,1,0
45095,1.000000,0.800000,0.000000,0.000000,5,3,1,0
45100,1.000000,0.800000,0.000000,0.000000,5,3,1,0
45105,1.000000,0.800000,0.000000,0.000000,5,3,1,0
45110,1.000000,0.800000,0.000000,0.000000,5,3,1,0
45115,1.000000,0.800000,0.000000,0.000000,5,3,1,0
45120,1.000000,0.800000,0.000000,0.000000,5,3,1,0
45125,1.000000,0.800000,0.000000,0.000000,5,3,1,0
45130,1.000000,0.800000,0.000000,0.000000,5,3,1,0
45135,1.000000,0.800000,0.000000,0.000000,5,3,1,0
45140,1.000000,0.800000,0.000000,0.000000,5,3,1,0
45145,1.000000,0.800000,0.000000,0.000000,5,3,1,0
45150,1.000000,0.800000,0.000000,0.000000,5,3,1,0
45155,1.000000,0.800000,0.000000,0.000000,5,3,1,0
45160,1.000000,0.800000,0.000000,0.000000,5,3,1,0
45165,1.000000,0.800000,0.000000,0.000000,5,3,1,0
45170,1.000000,0.800000,0.000000,0.000000,5,3,1,0
45175,1.000000,0.800000,0.000000,0.000000,5,3,1,0
45180,1.000000,0.800000,0.000000,0.000000,5,3,1,0
45185,1.000000,0.800000,0.000000,0.000000,5,3,1,0
45190,1.000000,0.800000,0.000000,0.000000,5,3,1,0
45195,1.000000,0.800000,0.000000,0.000000,5,3,1,0
45200,1.000000,0.800000,0.000000,0.000000,5,3,1,0
45205,1.000000,0.800000,0.000000,0.000000,5,3,1,0
45210,1.000000,0.800000,0.000000,0.000000,5,3,1,0
45215,1.000000,0.800000,0.000000,0.000000,5,3,1,0
45220,1.000000,0.800000,0.000000,0.000000,5,3,1,0
45225,1.000000,0.800000,0.000000,0.000000,5,3,1,0
45230,1.000000,0.800000,0.000000,0.000000,5,3,1,0
45235,1.000000,0.800000,0.000000,0.000000,5,3,1,0
45240,1.000000,0.800000,0.000000,0.000000,5,3,1,0
45245,1.000000,0.800000,0.000000,0.000000,5,3,1,0
45250,1.000000,0.800000,0.000000,0.000000,5,3,1,0
45255,1.000000,0.800000,0.000000,0.000000,5,3,1,0
45260,1.000000,0.800000,0.000000,0.000000,5,3,1,0
45265,1.000000,0.800000,0.000000,0.000000,5,3,1,0
45270,1.000000,0.800000,0.000000,0.000000,5,3,1,0
45275,1.000000,0.800000,0.000000,0.000000,5,3,1,0
45280,1.000000,0.800000,0.000000,0.000000,5,3,1,0
45285,1.000000,0.800000,0.000000,0.000000,5,3,1,0
45290,1.000000,0.800000,0.000000,0.000000,5,3,1,0
45295,1.000000,0.800000,0.000000,0.000000,5,3,1,0
45300,1.000000,0.800000,0.000000,0.000000,5,3,1,0
45305,1.000000,0.800000,0.000000,0.000000,5,3,1,0
45310,1.000000,0.800000,0.000000,0.000000,5,3,1,0
45315,1.000000,0.800000,0.000000,0.000000,5,3,1,0
45320,1.000000,0.800000,0.000000,0.000000,5,3,1,0
45325,1.000000,0.800000,0.000000,0.000000,5,3,1,0
45330,1.000000,0.800000,0.000000,0.000000,5,3,1,0
45335,1.000000,0.800000,0.000000,0.000000,5,3,1,0
45340,1.000000,0.800000,0.000000,0.000000,5,3,1,0
45345,1.000000,0.800000,0.000000,0.000000,5,3,1,0
45350,1.000000,0.800000,0.000000,0.000000,5,3,1,0
45355,1.000000,0.800000,0.000000,0.000000,5,3,1,0
45360,1.000000,0.800000,0.000000,0.000000,5,3,1,0
45365,1.000000,0.800000,0.000000,0.000000,5,3,1,0
45370,1.000000,0.800000,0.000000,0.000000,5,3,1,0
45375,1.000000,0.800000,0.000000,0.000000,5,3,1,0
45380,1.000000,0.800000,0.000000,0.000000,5,3,1,0
45385,1.000000,0.800000,0.000000,0.000000,5,3,1,0
45390,1.000000,0.800000,0.000000,0.000000,5,3,1,0
45395,1.000000,0.800000,0.000000,0.000000,5,3,1,0
45400,1.000000,0.800000,0.000000,0.000000,5,3,1,0
45405,1.000000,0.800000,0.000000,0.000000,5,3,1,0
45410,1.000000,0.800000,0.000000,0.000000,5,3,1,0
45415,1.000000,0.800000,0.000000,0.000000,5,3,1,0
45420,1.000000,0.800000,0.000000,0.000000,5,3,1,0
45425,1.000000,0.800000,0.000000,0.000000,5,3,1,0
45430,1.000000,0.800000,0.000000,0.000000,5,3,1,0
45435,1.000000,0.800000,0.000000,0.000000,5,3,1,0
45440,1.000000,0.800000,0.000000,0.000000,5,3,1,0
45445,1.000000,0.800000,0.000000,0.000000,5,3,1,0
45450,1.000000,0.800000,0.000000,0.000000,5,3,1,0
45455,1.000000,0.800000,0.000000,0.000000,5,3,1,0
45460,1.000000,0.800000,0.000000,0.000000,5,3,1,0
45465,1.000000,0.800000,0.000000,0.000000,5,3,1,0
45470,1.000000,0.800000,0.000000,0.000000,5,3,1,0
45475,1.000000,0.800000,0.000000,0.000000,5,3,1,0
45480,1.000000,0.800000,0.000000,0.000000,5,3,1,0
45485,1.000000,0.800000,0.000000,0.000000,5,3,1,0
45490,1.000000,0.800000,0.000000,0.000000,5,3,1,0
45495,1.000000,0.800000,0.000000,0.000000,5,3,1,0
45500,1.000000,0.800000,0.000000,0.000000,5,3,1,0
45505,1.000000,0.800000,0.000000,0.000000,5,3,1,0
45510,1.000000,0.800000,0.000000,0.000000,5,3,1,0
45515,1.000000,0.800000,0.000000,0.000000,5,3,1,0
45520,1.000000,0.800000,0.000000,0.000000,5,3,1,0
45525,1.000000,0.800000,0.000000,0.000000,5,3,1,0
45530,1.000000,0.800000,0.000000,0.000000,5,3,1,0
45535,1.000000,0.800000,0.000000,0.000000,5,3,1,0
45540,1.000000,0.800000,0.000000,0.000000,5,3,1,0
45545,1.000000,0.800000,0.000000,0.000000,5,3,1,0
45550,1.000000,0.800000,0.000000,0.000000,5,3,1,0
45555,1.000000,0.800000,0.000000,0.000000,5,3,1,0
45560,1.000000,0.800000,0.000000,0.000000,5,3,1,0
45565,1.000000,0.800000,0.000000,0.000000,5,3,1,0
45570,1.000000,0.800000,0.000000,0.000000,5,3,1,0
45575,1.000000,0.800000,0.000000,0.000000,5,3,1,0
45580,1.000000,0.800000,0.000000,0.000000,5,3,1,0
45585,1.000000,0.800000,0.000000,0.000000,5,3,1,0
45590,1.000000,0.800000,0.000000,0.000000,5,3,1,0
45595,1.000000,0.800000,0.000000,0.000000,5,3,1,0
45600,1.000000,0.800000,0.000000,0.000000,5,3,1,0
45605,1.000000,0.800000,0.000000,0.000000,5,3,1,0
45610,1.000000,0.800000,0.000000,0.000000,5,3,1,0
45615,1.000000,0.800000,0.000000,0.000000,5,3,1,0
45620,1.000000,0.800000,0.000000,0.000000,5,3,1,0
45625,1.000000,0.800000,0.000000,0.000000,5,3,1,0
45630,1.000000,0.800000,0.000000,0.000000,5,3,1,0
45635,1.000000,0.800000,0.000000,0.000000,5,3,1,0
45640,1.000000,0.800000,0.000000,0.000000,5,3,1,0
45645,1.000000,0.800000,0.000000,0.000000,5,3,1,0
45650,1.000000,0.800000,0.000000,0.000000,5,3,1,0
45655,1.000000,0.800000,0.000000,0.000000,5,3,1,0
45660,1.000000,0.800000,0.000000,0.000000,5,3,1,0
45665,1.000000,0.800000,0.000000,0.000000,5,3,1,0
45670,1.000000,0.800000,0.000000,0.000000,5,3,1,0
45675,1.000000,0.800000,0.000000,0.000000,5,3,1,0
45680,1.000000,0.800000,0.000000,0.000000,5,3,1,0
45685,1.000000,0.800000,0.000000,0.000000,5,3,1,0
45690,1.000000,0.800000,0.000000,0.000000,5,3,1,0
45695,1.000000,0.800000,0.000000,0.000000,5,3,1,0
45700,1.000000,0.800000,0.000000,0.000000,5,3,1,0
45705,1.000000,0.800000,0.000000,0.000000,5,3,1,0
45710,1.000000,0.800000,0.000000,0.000000,5,3,1,0
45715,1.000000,0.800000,0.000000,0.000000,5,3,1,0
45720,1.000000,0.800000,0.000000,0.000000,5,3,1,0
45725,1.000000,0.800000,0.000000,0.000000,5,3,1,0
45730,1.000000,0.800000,0.000000,0.000000,5,3,1,0
45735,1.000000,0.800000,0.000000,0.000000,5,3,1,0
45740,1.000000,0.800000,0.000000,0.000000,5,3,1,0
45745,1.000000,0.800000,0.000000,0.000000,5,3,1,0
45750,1.000000,0.800000,0.000000,0.000000,5,3,1,0
45755,1.000000,0.800000,0.000000,0.000000,5,3,1,0
45760,1.000000,0.800000,0.000000,0.000000,5,3,1,0
45765,1.000000,0.800000,0.000000,0.000000,5,3,1,0
45770,1.000000,0.800000,0.000000,0.000000,5,3,1,0
45775,1.000000,0.800000,0.000000,0.000000,5,3,1,0
45780,1.000000,0.800000,0.000000,0.000000,5,3,1,0
45785,1.000000,0.800000,0.000000,0.000000,5,3,1,0
45790,1.000000,0.800000,0.000000,0.000000,5,3,1,0
45795,1.000000,0.800000,0.000000,0.000000,5,3,1,0
45800,1.000000,0.800000,0.000000,0.000000,5,3,1,0
45805,1.000000,0.800000,0.000000,0.000000,5,3,1,0
45810,1.000000,0.800000,0.000000,0.000000,5,3,1,0
45815,1.000000,0.800000,0.000000,0.000000,5,3,1,0
45820,1.000000,0.800000,0.000000,0.000000,5,3,1,0
45825,1.000000,0.800000,0.000000,0.000000,5,3,1,0
45830,1.000000,0.800000,0.000000,0.000000,5,3,1,0
45835,1.000000,0.800000,0.000000,0.000000,5,3,1,0
45840,1.000000,0.800000,0.000000,0.000000,5,3,1,0
45845,1.000000,0.800000,0.000000,0.000000,5,3,1,0
45850,1.000000,0.800000,0.000000,0.000000,5,3,1,0
45855,1.000000,0.800000,0.000000,0.000000,5,3,1,0
45860,1.000000,0.800000,0.000000,0.000000,5,3,1,0
45865,1.000000,0.800000,0.000000,0.000000,5,3,1,0
45870,1.000000,0.800000,0.000000,0.000000,5,3,1,0
45875,1.000000,0.800000,0.000000,0.000000,5,3,1,0
45880,1.000000,0.800000,0.000000,0.000000,5,3,1,0
45885,1.000000,0.800000,0.000000,0.000000,5,3,1,0
45890,1.000000,0.800000,0.000000,0.000000,5,3,1,0
45895,1.000000,0.800000,0.000000,0.000000,5,3,1,0
45900,1.000000,0.800000,0.000000,0.000000,5,3,1,0
45905,1.000000,0.800000,0.000000,0.000000,5,3,1,0
45910,1.000000,0.800000,0.000000,0.000000,5,3,1,0
45915,1.000000,0.800000,0.000000,0.000000,5,3,1,0
45920,1.000000,0.800000,0.000000,0.000000,5,3,1,0
45925,1.000000,0.800000,0.000000,0.000000,5,3,1,0
45930,1.000000,0.800000,0.000000,0.000000,5,3,1,0
45935,1.000000,0.800000,0.000000,0.000000,5,3,1,0
45940,1.000000,0.800000,0.000000,0.000000,5,3,1,0
45945,1.000000,0.800000,0.000000,0.000000,5,3,1,0
45950,1.000000,0.800000,0.000000,0.000000,5,3,1,0
45955,1.000000,0.800000,0.000000,0.000000,5,3,1,0
45960,1.000000,0.800000,0.000000,0.000000,5,3,1,0
45965,1.000000,0.800000,0.000000,0.000000,5,3,1,0
45970,1.000000,0.800000,0.000000,0.000000,5,3,1,0
45975,1.000000,0.800000,0.000000,0.000000,5,3,1,0
45980,1.000000,0.800000,0.000000,0.000000,5,3,1,0
45985,1.000000,0.800000,0.000000,0.000000,5,3,1,0
45990,1.000000,0.800000,0.000000,0.000000,5,3,1,0
45995,1.000000,0.800000,0.000000,0.000000,5,3,1,0
46000,1.000000,0.250000,0.000000,0.000000,5,3,1,0
46005,1.000000,0.250000,0.000000,0.000000,5,3,1,0
46010,1.000000,0.250000,0.000000,0.000000,5,3,1,0
46015,1.000000,0.250000,0.000000,0.000000,5,3,1,0
46020,1.000000,0.250000,0.000000,0.000000,5,3,1,0
46025,1.000000,0.250000,0.000000,0.000000,5,3,1,0
46030,1.000000,0.250000,0.000000,0.000000,5,3,1,0
46035,1.000000,0.250000,0.000000,0.000000,5,3,1,0
46040,1.000000,0.250000,0.000000,0.000000,5,3,1,0
46045,1.000000,0.250000,0.000000,0.000000,5,3,1,0
46050,1.000000,0.250000,0.000000,0.000000,5,3,1,0
46055,1.000000,0.250000,0.000000,0.000000,5,3,1,0
46060,1.000000,0.250000,0.000000,0.000000,5,3,1,0
46065,1.000000,0.250000,0.000000,0.000000,5,3,1,0
46070,1.000000,0.250000,0.000000,0.000000,5,3,1,0
46075,1.000000,0.250000,0.000000,0.000000,5,3,1,0
46080,1.000000,0.250000,0.000000,0.000000,5,3,1,0
46085,1.000000,0.250000,0.000000,0.000000,5,3,1,0
46090,1.000000,0.250000,0.000000,0.000000,5,3,1,0
46095,1.000000,0.250000,0.000000,0.000000,5,3,1,0
46100,1.000000,0.250000,0.000000,0.000000,5,3,1,0
46105,1.000000,0.250000,0.000000,0.000000,5,3,1,0
46110,1.000000,0.250000,0.000000,0.000000,5,3,1,0
46115,1.000000,0.250000,0.000000,0.000000,5,3,1,0
46120,1.000000,0.250000,0.000000,0.000000,5,3,1,0
46125,1.000000,0.250000,0.000000,0.000000,5,3,1,0
46130,1.000000,0.250000,0.000000,0.000000,5,3,1,0
46135,1.000000,0.250000,0.000000,0.000000,5,3,1,0
46140,1.000000,0.250000,0.000000,0.000000,5,3,1,0
46145,1.000000,0.250000,0.000000,0.000000,5,3,1,0
46150,1.000000,0.250000,0.000000,0.000000,5,3,1,0
46155,1.000000,0.250000,0.000000,0.000000,5,3,1,0
46160,1.000000,0.250000,0.000000,0.000000,5,3,1,0
46165,1.000000,0.250000,0.000000,0.000000,5,3,1,0
46170,1.000000,0.250000,0.000000,0.000000,5,3,1,0
46175,1.000000,0.250000,0.000000,0.000000,5,3,1,0
46180,1.000000,0.250000,0.000000,0.000000,5,3,1,0
46185,1.000000,0.250000,0.000000,0.000000,5,3,1,0
46190,1.000000,0.250000,0.000000,0.000000,5,3,1,0
46195,1.000000,0.250000,0.000000,0.000000,5,3,1,0
46200,1.000000,0.250000,0.000000,0.000000,5,3,1,0
46205,1.000000,0.250000,0.000000,0.000000,5,3,1,0
46210,1.000000,0.250000,0.000000,0.000000,5,3,1,0
46215,1.000000,0.250000,0.000000,0.000000,5,3,1,0
46220,1.000000,0.250000,0.000000,0.000000,5,3,1,0
46225,1.000000,0.250000,0.000000,0.000000,5,3,1,0
46230,1.000000,0.250000,0.000000,0.000000,5,3,1,0
46235,1.000000,0.250000,0.000000,0.000000,5,3,1,0
46240,1.000000,0.250000,0.000000,0.000000,5,3,1,0
46245,1.000000,0.250000,0.000000,0.000000,5,3,1,0
46250,1.000000,0.250000,0.000000,0.000000,5,3,1,0
46255,1.000000,0.250000,0.000000,0.000000,5,3,1,0
46260,1.000000,0.250000,0.000000,0.000000,5,3,1,0
46265,1.000000,0.250000,0.000000,0.000000,5,3,1,0
46270,1.000000,0.250000,0.000000,0.000000,5,3,1,0
46275,1.000000,0.250000,0.000000,0.000000,5,3,1,0
46280,1.000000,0.250000,0.000000,0.000000,5,3,1,0
46285,1.000000,0.250000,0.000000,0.000000,5,3,1,0
46290,1.000000,0.250000,0.000000,0.000000,5,3,1,0
46295,1.000000,0.250000,0.000000,0.000000,5,3,1,0
46300,1.000000,0.250000,0.000000,0.000000,5,3,1,0
46305,1.000000,0.250000,0.000000,0.000000,5,3,1,0
46310,1.000000,0.250000,0.000000,0.000000,5,3,1,0
46315,1.000000,0.250000,0.000000,0.000000,5,3,1,0
46320,1.000000,0.250000,0.000000,0.000000,5,3,1,0
46325,1.000000,0.250000,0.000000,0.000000,5,3,1,0
46330,1.000000,0.250000,0.000000,0.000000,5,3,1,0
46335,1.000000,0.250000,0.000000,0.000000,5,3,1,0
46340,1.000000,0.250000,0.000000,0.000000,5,3,1,0
46345,1.000000,0.250000,0.000000,0.000000,5,3,1,0
46350,1.000000,0.250000,0.000000,0.000000,5,3,1,0
46355,1.000000,0.250000,0.000000,0.000000,5,3,1,0
46360,1.000000,0.250000,0.000000,0.000000,5,3,1,0
46365,1.000000,0.250000,0.000000,0.000000,5,3,1,0
46370,1.000000,0.250000,0.000000,0.000000,5,3,1,0
46375,1.000000,0.250000,0.000000,0.000000,5,3,1,0
46380,1.000000,0.250000,0.000000,0.000000,5,3,1,0
46385,1.000000,0.250000,0.000000,0.000000,5,3,1,0
46390,1.000000,0.250000,0.000000,0.000000,5,3,1,0
46395,1.000000,0.250000,0.000000,0.000000,5,3,1,0
46400,1.000000,0.250000,0.000000,0.000000,5,3,1,0
46405,1.000000,0.250000,0.000000,0.000000,5,3,1,0
46410,1.000000,0.250000,0.000000,0.000000,5,3,1,0
46415,1.000000,0.250000,0.000000,0.000000,5,3,1,0
46420,1.000000,0.250000,0.000000,0.000000,5,3,1,0
46425,1.000000,0.250000,0.000000,0.000000,5,3,1,0
46430,1.000000,0.250000,0.000000,0.000000,5,3,1,0
46435,1.000000,0.250000,0.000000,0.000000,5,3,1,0
46440,1.000000,0.250000,0.000000,0.000000,5,3,1,0
46445,1.000000,0.250000,0.000000,0.000000,5,3,1,0
46450,1.000000,0.250000,0.000000,0.000000,5,3,1,0
46455,1.000000,0.250000,0.000000,0.000000,5,3,1,0
46460,1.000000,0.250000,0.000000,0.000000,5,3,1,0
46465,1.000000,0.250000,0.000000,0.000000,5,3,1,0
46470,1.000000,0.250000,0.000000,0.000000,5,3,1,0
46475,1.000000,0.250000,0.000000,0.000000,5,3,1,0
46480,1.000000,0.250000,0.000000,0.000000,5,3,1,0
46485,1.000000,0.250000,0.000000,0.000000,5,3,1,0
46490,1.000000,0.250000,0.000000,0.000000,5,3,1,0
46495,1.000000,0.250000,0.000000,0.000000,5,3,1,0
46500,1.000000,0.250000,0.000000,0.000000,5,3,1,0
46505,1.000000,0.250000,0.000000,0.000000,5,3,1,0
46510,1.000000,0.250000,0.000000,0.000000,5,3,1,0
46515,1.000000,0.250000,0.000000,0.000000,5,3,1,0
46520,1.000000,0.250000,0.000000,0.000000,5,3,1,0
46525,1.000000,0.250000,0.000000,0.000000,5,3,1,0
46530,1.000000,0.250000,0.000000,0.000000,5,3,1,0
46535,1.000000,0.250000,0.000000,0.000000,5,3,1,0
46540,1.000000,0.250000,0.000000,0.000000,5,3,1,0
46545,1.000000,0.250000,0.000000,0.000000,5,3,1,0
46550,1.000000,0.250000,0.000000,0.000000,5,3,1,0
46555,1.000000,0.250000,0.000000,0.000000,5,3,1,0
46560,1.000000,0.250000,0.000000,0.000000,5,3,1,0
46565,1.000000,0.250000,0.000000,0.000000,5,3,1,0
46570,1.000000,0.250000,0.000000,0.000000,5,3,1,0
46575,1.000000,0.250000,0.000000,0.000000,5,3,1,0
46580,1.000000,0.250000,0.000000,0.000000,5,3,1,0
46585,1.000000,0.250000,0.000000,0.000000,5,3,1,0
46590,1.000000,0.250000,0.000000,0.000000,5,3,1,0
46595,1.000000,0.250000,0.000000,0.000000,5,3,1,0
46600,1.000000,0.250000,0.000000,0.000000,5,3,1,0
46605,1.000000,0.250000,0.000000,0.000000,5,3,1,0
46610,1.000000,0.250000,0.000000,0.000000,5,3,1,0
46615,1.000000,0.250000,0.000000,0.000000,5,3,1,0
46620,1.000000,0.250000,0.000000,0.000000,5,3,1,0
46625,1.000000,0.250000,0.000000,0.000000,5,3,1,0
46630,1.000000,0.250000,0.000000,0.000000,5,3,1,0
46635,1.000000,0.250000,0.000000,0.000000,5,3,1,0
46640,1.000000,0.250000,0.000000,0.000000,5,3,1,0
46645,1.000000,0.250000,0.000000,0.000000,5,3,1,0
46650,1.000000,0.250000,0.000000,0.000000,5,3,1,0
46655,1.000000,0.250000,0.000000,0.000000,5,3,1,0
46660,1.000000,0.250000,0.000000,0.000000,5,3,1,0
46665,1.000000,0.250000,0.000000,0.000000,5,3,1,0
46670,1.000000,0.250000,0.000000,0.000000,5,3,1,0
46675,1.000000,0.250000,0.000000,0.000000,5,3,1,0
46680,1.000000,0.250000,0.000000,0.000000,5,3,1,0
46685,1.000000,0.250000,0.000000,0.000000,5,3,1,0
46690,1.000000,0.250000,0.000000,0.000000,5,3,1,0
46695,1.000000,0.250000,0.000000,0.000000,5,3,1,0
46700,1.000000,0.250000,0.000000,0.000000,5,3,1,0
46705,1.000000,0.250000,0.000000,0.000000,5,3,1,0
46710,1.000000,0.250000,0.000000,0.000000,5,3,1,0
46715,1.000000,0.250000,0.000000,0.000000,5,3,1,0
46720,1.000000,0.250000,0.000000,0.000000,5,3,1,0
46725,1.000000,0.250000,0.000000,0.000000,5,3,1,0
46730,1.000000,0.250000,0.000000,0.000000,5,3,1,0
46735,1.000000,0.250000,0.000000,0.000000,5,3,1,0
46740,1.000000,0.250000,0.000000,0.000000,5,3,1,0
46745,1.000000,0.250000,0.000000,0.000000,5,3,1,0
46750,1.000000,0.250000,0.000000,0.000000,5,3,1,0
46755,1.000000,0.250000,0.000000,0.000000,5,3,1,0
46760,1.000000,0.250000,0.000000,0.000000,5,3,1,0
46765,1.000000,0.250000,0.000000,0.000000,5,3,1,0
46770,1.000000,0.250000,0.000000,0.000000,5,3,1,0
46775,1.000000,0.250000,0.000000,0.000000,5,3,1,0
46780,1.000000,0.250000,0.000000,0.000000,5,3,1,0
46785,1.000000,0.250000,0.000000,0.000000,5,3,1,0
46790,1.000000,0.250000,0.000000,0.000000,5,3,1,0
46795,1.000000,0.250000,0.000000,0.000000,5,3,1,0
46800,1.000000,0.250000,0.000000,0.000000,5,3,1,0
46805,1.000000,0.250000,0.000000,0.000000,5,3,1,0
46810,1.000000,0.250000,0.000000,0.000000,5,3,1,0
46815,1.000000,0.250000,0.000000,0.000000,5,3,1,0
46820,1.000000,0.250000,0.000000,0.000000,5,3,1,0
46825,1.000000,0.250000,0.000000,0.000000,5,3,1,0
46830,1.000000,0.250000,0.000000,0.000000,5,3,1,0
46835,1.000000,0.250000,0.000000,0.000000,5,3,1,0
46840,1.000000,0.250000,0.000000,0.000000,5,3,1,0
46845,1.000000,0.250000,0.000000,0.000000,5,3,1,0
46850,1.000000,0.250000,0.000000,0.000000,5,3,1,0
46855,1.000000,0.250000,0.000000,0.000000,5,3,1,0
46860,1.000000,0.250000,0.000000,0.000000,5,3,1,0
46865,1.000000,0.250000,0.000000,0.000000,5,3,1,0
46870,1.000000,0.250000,0.000000,0.000000,5,3,1,0
46875,1.000000,0.250000,0.000000,0.000000,5,3,1,0
46880,1.000000,0.250000,0.000000,0.000000,5,3,1,0
46885,1.000000,0.250000,0.000000,0.000000,5,3,1,0
46890,1.000000,0.250000,0.000000,0.000000,5,3,1,0
46895,1.000000,0.250000,0.000000,0.000000,5,3,1,0
46900,1.000000,0.250000,0.000000,0.000000,5,3,1,0
46905,1.000000,0.250000,0.000000,0.000000,5,3,1,0
46910,1.000000,0.250000,0.000000,0.000000,5,3,1,0
46915,1.000000,0.250000,0.000000,0.000000,5,3,1,0
46920,1.000000,0.250000,0.000000,0.000000,5,3,1,0
46925,1.000000,0.250000,0.000000,0.000000,5,3,1,0
46930,1.000000,0.250000,0.000000,0.000000,5,3,1,0
46935,1.000000,0.250000,0.000000,0.000000,5,3,1,0
46940,1.000000,0.250000,0.000000,0.000000,5,3,1,0
46945,1.000000,0.250000,0.000000,0.000000,5,3,1,0
46950,1.000000,0.250000,0.000000,0.000000,5,3,1,0
46955,1.000000,0.250000,0.000000,0.000000,5,3,1,0
46960,1.000000,0.250000,0.000000,0.000000,5,3,1,0
46965,1.000000,0.250000,0.000000,0.000000,5,3,1,0
46970,1.000000,0.250000,0.000000,0.000000,5,3,1,0
46975,1.000000,0.250000,0.000000,0.000000,5,3,1,0
46980,1.000000,0.250000,0.000000,0.000000,5,3,1,0
46985,1.000000,0.250000,0.000000,0.000000,5,3,1,0
46990,1.000000,0.250000,0.000000,0.000000,5,3,1,0
46995,1.000000,0.250000,0.000000,0.000000,5,3,1,0
47000,1.000000,0.250000,0.000000,0.000000,5,3,1,0
47005,1.000000,0.250000,0.000000,0.000000,5,3,1,0
47010,1.000000,0.250000,0.000000,0.000000,5,3,1,0
47015,1.000000,0.250000,0.000000,0.000000,5,3,1,0
47020,1.000000,0.250000,0.000000,0.000000,5,3,1,0
47025,1.000000,0.250000,0.000000,0.000000,5,3,1,0
47030,1.000000,0.250000,0.000000,0.000000,5,3,1,0
47035,1.000000,0.250000,0.000000,0.000000,5,3,1,0
47040,1.000000,0.250000,0.000000,0.000000,5,3,1,0
47045,1.000000,0.250000,0.000000,0.000000,5,3,1,0
47050,1.000000,0.250000,0.000000,0.000000,5,3,1,0
47055,1.000000,0.250000,0.000000,0.000000,5,3,1,0
47060,1.000000,0.250000,0.000000,0.000000,5,3,1,0
47065,1.000000,0.250000,0.000000,0.000000,5,3,1,0
47070,1.000000,0.250000,0.000000,0.000000,5,3,1,0
47075,1.000000,0.250000,0.000000,0.000000,5,3,1,0
47080,1.000000,0.250000,0.000000,0.000000,5,3,1,0
47085,1.000000,0.250000,0.000000,0.000000,5,3,1,0
47090,1.000000,0.250000,0.000000,0.000000,5,3,1,0
47095,1.000000,0.250000,0.000000,0.000000,5,3,1,0
47100,1.000000,0.250000,0.000000,0.000000,5,3,1,0
47105,1.000000,0.250000,0.000000,0.000000,5,3,1,0
47110,1.000000,0.250000,0.000000,0.000000,5,3,1,0
47115,1.000000,0.250000,0.000000,0.000000,5,3,1,0
47120,1.000000,0.250000,0.000000,0.000000,5,3,1,0
47125,1.000000,0.250000,0.000000,0.000000,5,3,1,0
47130,1.000000,0.250000,0.000000,0.000000,5,3,1,0
47135,1.000000,0.250000,0.000000,0.000000,5,3,1,0
47140,1.000000,0.250000,0.000000,0.000000,5,3,1,0
47145,1.000000,0.250000,0.000000,0.000000,5,3,1,0
47150,1.000000,0.250000,0.000000,0.000000,5,3,1,0
47155,1.000000,0.250000,0.000000,0.000000,5,3,1,0
47160,1.000000,0.250000,0.000000,0.000000,5,3,1,0
47165,1.000000,0.250000,0.000000,0.000000,5,3,1,0
47170,1.000000,0.250000,0.000000,0.000000,5,3,1,0
47175,1.000000,0.250000,0.000000,0.000000,5,3,1,0
47180,1.000000,0.250000,0.000000,0.000000,5,3,1,0
47185,1.000000,0.250000,0.000000,0.000000,5,3,1,0
47190,1.000000,0.250000,0.000000,0.000000,5,3,1,0
47195,1.000000,0.250000,0.000000,0.000000,5,3,1,0
47200,1.000000,0.250000,0.000000,0.000000,5,3,1,0
47205,1.000000,0.250000,0.000000,0.000000,5,3,1,0
47210,1.000000,0.250000,0.000000,0.000000,5,3,1,0
47215,1.000000,0.250000,0.000000,0.000000,5,3,1,0
47220,1.000000,0.250000,0.000000,0.000000,5,3,1,0
47225,1.000000,0.250000,0.000000,0.000000,5,3,1,0
47230,1.000000,0.250000,0.000000,0.000000,5,3,1,0
47235,1.000000,0.250000,0.000000,0.000000,5,3,1,0
47240,1.000000,0.250000,0.000000,0.000000,5,3,1,0
47245,1.000000,0.250000,0.000000,0.000000,5,3,1,0
47250,1.000000,0.250000,0.000000,0.000000,5,3,1,0
47255,1.000000,0.250000,0.000000,0.000000,5,3,1,0
47260,1.000000,0.250000,0.000000,0.000000,5,3,1,0
47265,1.000000,0.250000,0.000000,0.000000,5,3,1,0
47270,1.000000,0.250000,0.000000,0.000000,5,3,1,0
47275,1.000000,0.250000,0.000000,0.000000,5,3,1,0
47280,1.000000,0.250000,0.000000,0.000000,5,3,1,0
47285,1.000000,0.250000,0.000000,0.000000,5,3,1,0
47290,1.000000,0.250000,0.000000,0.000000,5,3,1,0
47295,1.000000,0.250000,0.000000,0.000000,5,3,1,0
47300,1.000000,0.250000,0.000000,0.000000,5,3,1,0
47305,1.000000,0.250000,0.000000,0.000000,5,3,1,0
47310,1.000000,0.250000,0.000000,0.000000,5,3,1,0
47315,1.000000,0.250000,0.000000,0.000000,5,3,1,0
47320,1.000000,0.250000,0.000000,0.000000,5,3,1,0
47325,1.000000,0.250000,0.000000,0.000000,5,3,1,0
47330,1.000000,0.250000,0.000000,0.000000,5,3,1,0
47335,1.000000,0.250000,0.000000,0.000000,5,3,1,0
47340,1.000000,0.250000,0.000000,0.000000,5,3,1,0
47345,1.000000,0.250000,0.000000,0.000000,5,3,1,0
47350,1.000000,0.250000,0.000000,0.000000,5,3,1,0
47355,1.000000,0.250000,0.000000,0.000000,5,3,1,0
47360,1.000000,0.250000,0.000000,0.000000,5,3,1,0
47365,1.000000,0.250000,0.000000,0.000000,5,3,1,0
47370,1.000000,0.250000,0.000000,0.000000,5,3,1,0
47375,1.000000,0.250000,0.000000,0.000000,5,3,1,0
47380,1.000000,0.250000,0.000000,0.000000,5,3,1,0
47385,1.000000,0.250000,0.000000,0.000000,5,3,1,0
47390,1.000000,0.250000,0.000000,0.000000,5,3,1,0
47395,1.000000,0.250000,0.000000,0.000000,5,3,1,0
47400,1.000000,0.250000,0.000000,0.000000,5,3,1,0
47405,1.000000,0.250000,0.000000,0.000000,5,3,1,0
47410,1.000000,0.250000,0.000000,0.000000,5,3,1,0
47415,1.000000,0.250000,0.000000,0.000000,5,3,1,0
47420,1.000000,0.250000,0.000000,0.000000,5,3,1,0
47425,1.000000,0.250000,0.000000,0.000000,5,3,1,0
47430,1.000000,0.250000,0.000000,0.000000,5,3,1,0
47435,1.000000,0.250000,0.000000,0.000000,5,3,1,0
47440,1.000000,0.250000,0.000000,0.000000,5,3,1,0
47445,1.000000,0.250000,0.000000,0.000000,5,3,1,0
47450,1.000000,0.250000,0.000000,0.000000,5,3,1,0
47455,1.000000,0.250000,0.000000,0.000000,5,3,1,0
47460,1.000000,0.250000,0.000000,0.000000,5,3,1,0
47465,1.000000,0.250000,0.000000,0.000000,5,3,1,0
47470,1.000000,0.250000,0.000000,0.000000,5,3,1,0
47475,1.000000,0.250000,0.000000,0.000000,5,3,1,0
47480,1.000000,0.250000,0.000000,0.000000,5,3,1,0
47485,1.000000,0.250000,0.000000,0.000000,5,3,1,0
47490,1.000000,0.250000,0.000000,0.000000,5,3,1,0
47495,1.000000,0.250000,0.000000,0.000000,5,3,1,0
47500,1.000000,0.250000,0.000000,0.000000,5,3,1,0
47505,1.000000,0.250000,0.000000,0.000000,5,3,1,0
47510,1.000000,0.250000,0.000000,0.000000,5,3,1,0
47515,1.000000,0.250000,0.000000,0.000000,5,3,1,0
47520,1.000000,0.250000,0.000000,0.000000,5,3,1,0
47525,1.000000,0.250000,0.000000,0.000000,5,3,1,0
47530,1.000000,0.250000,0.000000,0.000000,5,3,1,0
47535,1.000000,0.250000,0.000000,0.000000,5,3,1,0
47540,1.000000,0.250000,0.000000,0.000000,5,3,1,0
47545,1.000000,0.250000,0.000000,0.000000,5,3,1,0
47550,1.000000,0.250000,0.000000,0.000000,5,3,1,0
47555,1.000000,0.250000,0.000000,0.000000,5,3,1,0
47560,1.000000,0.250000,0.000000,0.000000,5,3,1,0
47565,1.000000,0.250000,0.000000,0.000000,5,3,1,0
47570,1.000000,0.250000,0.000000,0.000000,5,3,1,0
47575,1.000000,0.250000,0.000000,0.000000,5,3,1,0
47580,1.000000,0.250000,0.000000,0.000000,5,3,1,0
47585,1.000000,0.250000,0.000000,0.000000,5,3,1,0
47590,1.000000,0.250000,0.000000,0.000000,5,3,1,0
47595,1.000000,0.250000,0.000000,0.000000,5,3,1,0
47600,1.000000,0.250000,0.000000,0.000000,5,3,1,0
47605,1.000000,0.250000,0.000000,0.000000,5,3,1,0
47610,1.000000,0.250000,0.000000,0.000000,5,3,1,0
47615,1.000000,0.250000,0.000000,0.000000,5,3,1,0
47620,1.000000,0.250000,0.000000,0.000000,5,3,1,0
47625,1.000000,0.250000,0.000000,0.000000,5,3,1,0
47630,1.000000,0.250000,0.000000,0.000000,5,3,1,0
47635,1.000000,0.250000,0.000000,0.000000,5,3,1,0
47640,1.000000,0.250000,0.000000,0.000000,5,3,1,0
47645,1.000000,0.250000,0.000000,0.000000,5,3,1,0
47650,1.000000,0.250000,0.000000,0.000000,5,3,1,0
47655,1.000000,0.250000,0.000000,0.000000,5,3,1,0
47660,1.000000,0.250000,0.000000,0.000000,5,3,1,0
47665,1.000000,0.250000,0.000000,0.000000,5,3,1,0
47670,1.000000,0.250000,0.000000,0.000000,5,3,1,0
47675,1.000000,0.250000,0.000000,0.000000,5,3,1,0
47680,1.000000,0.250000,0.000000,0.000000,5,3,1,0
47685,1.000000,0.250000,0.000000,0.000000,5,3,1,0
47690,1.000000,0.250000,0.000000,0.000000,5,3,1,0
47695,1.000000,0.250000,0.000000,0.000000,5,3,1,0
47700,1.000000,0.250000,0.000000,0.000000,5,3,1,0
47705,1.000000,0.250000,0.000000,0.000000,5,3,1,0
47710,1.000000,0.250000,0.000000,0.000000,5,3,1,0
47715,1.000000,0.250000,0.000000,0.000000,5,3,1,0
47720,1.000000,0.250000,0.000000,0.000000,5,3,1,0
47725,1.000000,0.250000,0.000000,0.000000,5,3,1,0
47730,1.000000,0.250000,0.000000,0.000000,5,3,1,0
47735,1.000000,0.250000,0.000000,0.000000,5,3,1,0
47740,1.000000,0.250000,0.000000,0.000000,5,3,1,0
47745,1.000000,0.250000,0.000000,0.000000,5,3,1,0
47750,1.000000,0.250000,0.000000,0.000000,5,3,1,0
47755,1.000000,0.250000,0.000000,0.000000,5,3,1,0
47760,1.000000,0.250000,0.000000,0.000000,5,3,1,0
47765,1.000000,0.250000,0.000000,0.000000,5,3,1,0
47770,1.000000,0.250000,0.000000,0.000000,5,3,1,0
47775,1.000000,0.250000,0.000000,0.000000,5,3,1,0
47780,1.000000,0.250000,0.000000,0.000000,5,3,1,0
47785,1.000000,0.250000,0.000000,0.000000,5,3,1,0
47790,1.000000,0.250000,0.000000,0.000000,5,3,1,0
47795,1.000000,0.250000,0.000000,0.000000,5,3,1,0
47800,1.000000,0.250000,0.000000,0.000000,5,3,1,0
47805,1.000000,0.250000,0.000000,0.000000,5,3,1,0
47810,1.000000,0.250000,0.000000,0.000000,5,3,1,0
47815,1.000000,0.250000,0.000000,0.000000,5,3,1,0
47820,1.000000,0.250000,0.000000,0.000000,5,3,1,0
47825,1.000000,0.250000,0.000000,0.000000,5,3,1,0
47830,1.000000,0.250000,0.000000,0.000000,5,3,1,0
47835,1.000000,0.250000,0.000000,0.000000,5,3,1,0
47840,1.000000,0.250000,0.000000,0.000000,5,3,1,0
47845,1.000000,0.250000,0.000000,0.000000,5,3,1,0
47850,1.000000,0.250000,0.000000,0.000000,5,3,1,0
47855,1.000000,0.250000,0.000000,0.000000,5,3,1,0
47860,1.000000,0.250000,0.000000,0.000000,5,3,1,0
47865,1.000000,0.250000,0.000000,0.000000,5,3,1,0
47870,1.000000,0.250000,0.000000,0.000000,5,3,1,0
47875,1.000000,0.250000,0.000000,0.000000,5,3,1,0
47880,1.000000,0.250000,0.000000,0.000000,5,3,1,0
47885,1.000000,0.250000,0.000000,0.000000,5,3,1,0
47890,1.000000,0.250000,0.000000,0.000000,5,3,1,0
47895,1.000000,0.250000,0.000000,0.000000,5,3,1,0
47900,1.000000,0.250000,0.000000,0.000000,5,3,1,0
47905,1.000000,0.250000,0.000000,0.000000,5,3,1,0
47910,1.000000,0.250000,0.000000,0.000000,5,3,1,0
47915,1.000000,0.250000,0.000000,0.000000,5,3,1,0
47920,1.000000,0.250000,0.000000,0.000000,5,3,1,0
47925,1.000000,0.250000,0.000000,0.000000,5,3,1,0
47930,1.000000,0.250000,0.000000,0.000000,5,3,1,0
47935,1.000000,0.250000,0.000000,0.000000,5,3,1,0
47940,1.000000,0.250000,0.000000,0.000000,5,3,1,0
47945,1.000000,0.250000,0.000000,0.000000,5,3,1,0
47950,1.000000,0.250000,0.000000,0.000000,5,3,1,0
47955,1.000000,0.250000,0.000000,0.000000,5,3,1,0
47960,1.000000,0.250000,0.000000,0.000000,5,3,1,0
47965,1.000000,0.250000,0.000000,0.000000,5,3,1,0
47970,1.000000,0.250000,0.000000,0.000000,5,3,1,0
47975,1.000000,0.250000,0.000000,0.000000,5,3,1,0
47980,1.000000,0.250000,0.000000,0.000000,5,3,1,0
47985,1.000000,0.250000,0.000000,0.000000,5,3,1,0
47990,1.000000,0.250000,0.000000,0.000000,5,3,1,0
47995,1.000000,0.250000,0.000000,0.000000,5,3,1,0
48000,1.000000,0.250000,0.000000,0.000000,5,3,1,0
48005,1.000000,0.250000,0.000000,0.000000,5,3,1,0
48010,1.000000,0.250000,0.000000,0.000000,5,3,1,0
48015,1.000000,0.250000,0.000000,0.000000,5,3,1,0
48020,1.000000,0.250000,0.000000,0.000000,5,3,1,0
48025,1.000000,0.250000,0.000000,0.000000,5,3,1,0
48030,1.000000,0.250000,0.000000,0.000000,5,3,1,0
48035,1.000000,0.250000,0.000000,0.000000,5,3,1,0
48040,1.000000,0.250000,0.000000,0.000000,5,3,1,0
48045,1.000000,0.250000,0.000000,0.000000,5,3,1,0
48050,1.000000,0.250000,0.000000,0.000000,5,3,1,0
48055,1.000000,0.250000,0.000000,0.000000,5,3,1,0
48060,1.000000,0.250000,0.000000,0.000000,5,3,1,0
48065,1.000000,0.250000,0.000000,0.000000,5,3,1,0
48070,1.000000,0.250000,0.000000,0.000000,5,3,1,0
48075,1.000000,0.250000,0.000000,0.000000,5,3,1,0
48080,1.000000,0.250000,0.000000,0.000000,5,3,1,0
48085,1.000000,0.250000,0.000000,0.000000,5,3,1,0
48090,1.000000,0.250000,0.000000,0.000000,5,3,1,0
48095,1.000000,0.250000,0.000000,0.000000,5,3,1,0
48100,1.000000,0.250000,0.000000,0.000000,5,3,1,0
48105,1.000000,0.250000,0.000000,0.000000,5,3,1,0
48110,1.000000,0.250000,0.000000,0.000000,5,3,1,0
48115,1.000000,0.250000,0.000000,0.000000,5,3,1,0
48120,1.000000,0.250000,0.000000,0.000000,5,3,1,0
48125,1.000000,0.250000,0.000000,0.000000,5,3,1,0
48130,1.000000,0.250000,0.000000,0.000000,5,3,1,0
48135,1.000000,0.250000,0.000000,0.000000,5,3,1,0
48140,1.000000,0.250000,0.000000,0.000000,5,3,1,0
48145,1.000000,0.250000,0.000000,0.000000,5,3,1,0
48150,1.000000,0.250000,0.000000,0.000000,5,3,1,0
48155,1.000000,0.250000,0.000000,0.000000,5,3,1,0
48160,1.000000,0.250000,0.000000,0.000000,5,3,1,0
48165,1.000000,0.250000,0.000000,0.000000,5,3,1,0
48170,1.000000,0.250000,0.000000,0.000000,5,3,1,0
48175,1.000000,0.250000,0.000000,0.000000,5,3,1,0
48180,1.000000,0.250000,0.000000,0.000000,5,3,1,0
48185,1.000000,0.250000,0.000000,0.000000,5,3,1,0
48190,1.000000,0.250000,0.000000,0.000000,5,3,1,0
48195,1.000000,0.250000,0.000000,0.000000,5,3,1,0
48200,1.000000,0.250000,0.000000,0.000000,5,3,1,0
48205,1.000000,0.250000,0.000000,0.000000,5,3,1,0
48210,1.000000,0.250000,0.000000,0.000000,5,3,1,0
48215,1.000000,0.250000,0.000000,0.000000,5,3,1,0
48220,1.000000,0.250000,0.000000,0.000000,5,3,1,0
48225,1.000000,0.250000,0.000000,0.000000,5,3,1,0
48230,1.000000,0.250000,0.000000,0.000000,5,3,1,0
48235,1.000000,0.250000,0.000000,0.000000,5,3,1,0
48240,1.000000,0.250000,0.000000,0.000000,5,3,1,0
48245,1.000000,0.250000,0.000000,0.000000,5,3,1,0
48250,1.000000,0.250000,0.000000,0.000000,5,3,1,0
48255,1.000000,0.250000,0.000000,0.000000,5,3,1,0
48260,1.000000,0.250000,0.000000,0.000000,5,3,1,0
48265,1.000000,0.250000,0.000000,0.000000,5,3,1,0
48270,1.000000,0.250000,0.000000,0.000000,5,3,1,0
48275,1.000000,0.250000,0.000000,0.000000,5,3,1,0
48280,1.000000,0.250000,0.000000,0.000000,5,3,1,0
48285,1.000000,0.250000,0.000000,0.000000,5,3,1,0
48290,1.000000,0.250000,0.000000,0.000000,5,3,1,0
48295,1.000000,0.250000,0.000000,0.000000,5,3,1,0
48300,1.000000,0.250000,0.000000,0.000000,5,3,1,0
48305,1.000000,0.250000,0.000000,0.000000,5,3,1,0
48310,1.000000,0.250000,0.000000,0.000000,5,3,1,0
48315,1.000000,0.250000,0.000000,0.000000,5,3,1,0
48320,1.000000,0.250000,0.000000,0.000000,5,3,1,0
48325,1.000000,0.250000,0.000000,0.000000,5,3,1,0
48330,1.000000,0.250000,0.000000,0.000000,5,3,1,0
48335,1.000000,0.250000,0.000000,0.000000,5,3,1,0
48340,1.000000,0.250000,0.000000,0.000000,5,3,1,0
48345,1.000000,0.250000,0.000000,0.000000,5,3,1,0
48350,1.000000,0.250000,0.000000,0.000000,5,3,1,0
48355,1.000000,0.250000,0.000000,0.000000,5,3,1,0
48360,1.000000,0.250000,0.000000,0.000000,5,3,1,0
48365,1.000000,0.250000,0.000000,0.000000,5,3,1,0
48370,1.000000,0.250000,0.000000,0.000000,5,3,1,0
48375,1.000000,0.250000,0.000000,0.000000,5,3,1,0
48380,1.000000,0.250000,0.000000,0.000000,5,3,1,0
48385,1.000000,0.250000,0.000000,0.000000,5,3,1,0
48390,1.000000,0.250000,0.000000,0.000000,5,3,1,0
48395,1.000000,0.250000,0.000000,0.000000,5,3,1,0
48400,1.000000,0.250000,0.000000,0.000000,5,3,1,0
48405,1.000000,0.250000,0.000000,0.000000,5,3,1,0
48410,1.000000,0.250000,0.000000,0.000000,5,3,1,0
48415,1.000000,0.250000,0.000000,0.000000,5,3,1,0
48420,1.000000,0.250000,0.000000,0.000000,5,3,1,0
48425,1.000000,0.250000,0.000000,0.000000,5,3,1,0
48430,1.000000,0.250000,0.000000,0.000000,5,3,1,0
48435,1.000000,0.250000,0.000000,0.000000,5,3,1,0
48440,1.000000,0.250000,0.000000,0.000000,5,3,1,0
48445,1.000000,0.250000,0.000000,0.000000,5,3,1,0
48450,1.000000,0.250000,0.000000,0.000000,5,3,1,0
48455,1.000000,0.250000,0.000000,0.000000,5,3,1,0
48460,1.000000,0.250000,0.000000,0.000000,5,3,1,0
48465,1.000000,0.250000,0.000000,0.000000,5,3,1,0
48470,1.000000,0.250000,0.000000,0.000000,5,3,1,0
48475,1.000000,0.250000,0.000000,0.000000,5,3,1,0
48480,1.000000,0.250000,0.000000,0.000000,5,3,1,0
48485,1.000000,0.250000,0.000000,0.000000,5,3,1,0
48490,1.000000,0.250000,0.000000,0.000000,5,3,1,0
48495,1.000000,0.250000,0.000000,0.000000,5,3,1,0
48500,1.000000,0.250000,0.000000,0.000000,5,3,1,0
48505,1.000000,0.250000,0.000000,0.000000,5,3,1,0
48510,1.000000,0.250000,0.000000,0.000000,5,3,1,0
48515,1.000000,0.250000,0.000000,0.000000,5,3,1,0
48520,1.000000,0.250000,0.000000,0.000000,5,3,1,0
48525,1.000000,0.250000,0.000000,0.000000,5,3,1,0
48530,1.000000,0.250000,0.000000,0.000000,5,3,1,0
48535,1.000000,0.250000,0.000000,0.000000,5,3,1,0
48540,1.000000,0.250000,0.000000,0.000000,5,3,1,0
48545,1.000000,0.250000,0.000000,0.000000,5,3,1,0
48550,1.000000,0.250000,0.000000,0.000000,5,3,1,0
48555,1.000000,0.250000,0.000000,0.000000,5,3,1,0
48560,1.000000,0.250000,0.000000,0.000000,5,3,1,0
48565,1.000000,0.250000,0.000000,0.000000,5,3,1,0
48570,1.000000,0.250000,0.000000,0.000000,5,3,1,0
48575,1.000000,0.250000,0.000000,0.000000,5,3,1,0
48580,1.000000,0.250000,0.000000,0.000000,5,3,1,0
48585,1.000000,0.250000,0.000000,0.000000,5,3,1,0
48590,1.000000,0.250000,0.000000,0.000000,5,3,1,0
48595,1.000000,0.250000,0.000000,0.000000,5,3,1,0
48600,1.000000,0.250000,0.000000,0.000000,5,3,1,0
48605,1.000000,0.250000,0.000000,0.000000,5,3,1,0
48610,1.000000,0.250000,0.000000,0.000000,5,3,1,0
48615,1.000000,0.250000,0.000000,0.000000,5,3,1,0
48620,1.000000,0.250000,0.000000,0.000000,5,3,1,0
48625,1.000000,0.250000,0.000000,0.000000,5,3,1,0
48630,1.000000,0.250000,0.000000,0.000000,5,3,1,0
48635,1.000000,0.250000,0.000000,0.000000,5,3,1,0
48640,1.000000,0.250000,0.000000,0.000000,5,3,1,0
48645,1.000000,0.250000,0.000000,0.000000,5,3,1,0
48650,1.000000,0.250000,0.000000,0.000000,5,3,1,0
48655,1.000000,0.250000,0.000000,0.000000,5,3,1,0
48660,1.000000,0.250000,0.000000,0.000000,5,3,1,0
48665,1.000000,0.250000,0.000000,0.000000,5,3,1,0
48670,1.000000,0.250000,0.000000,0.000000,5,3,1,0
48675,1.000000,0.250000,0.000000,0.000000,5,3,1,0
48680,1.000000,0.250000,0.000000,0.000000,5,3,1,0
48685,1.000000,0.250000,0.000000,0.000000,5,3,1,0
48690,1.000000,0.250000,0.000000,0.000000,5,3,1,0
48695,1.000000,0.250000,0.000000,0.000000,5,3,1,0
48700,1.000000,0.250000,0.000000,0.000000,5,3,1,0
48705,1.000000,0.250000,0.000000,0.000000,5,3,1,0
48710,1.000000,0.250000,0.000000,0.000000,5,3,1,0
48715,1.000000,0.250000,0.000000,0.000000,5,3,1,0
48720,1.000000,0.250000,0.000000,0.000000,5,3,1,0
48725,1.000000,0.250000,0.000000,0.000000,5,3,1,0
48730,1.000000,0.250000,0.000000,0.000000,5,3,1,0
48735,1.000000,0.250000,0.000000,0.000000,5,3,1,0
48740,1.000000,0.250000,0.000000,0.000000,5,3,1,0
48745,1.000000,0.250000,0.000000,0.000000,5,3,1,0
48750,1.000000,0.250000,0.000000,0.000000,5,3,1,0
48755,1.000000,0.250000,0.000000,0.000000,5,3,1,0
48760,1.000000,0.250000,0.000000,0.000000,5,3,1,0
48765,1.000000,0.250000,0.000000,0.000000,5,3,1,0
48770,1.000000,0.250000,0.000000,0.000000,5,3,1,0
48775,1.000000,0.250000,0.000000,0.000000,5,3,1,0
48780,1.000000,0.250000,0.000000,0.000000,5,3,1,0
48785,1.000000,0.250000,0.000000,0.000000,5,3,1,0
48790,1.000000,0.250000,0.000000,0.000000,5,3,1,0
48795,1.000000,0.250000,0.000000,0.000000,5,3,1,0
48800,1.000000,0.250000,0.000000,0.000000,5,3,1,0
48805,1.000000,0.250000,0.000000,0.000000,5,3,1,0
48810,1.000000,0.250000,0.000000,0.000000,5,3,1,0
48815,1.000000,0.250000,0.000000,0.000000,5,3,1,0
48820,1.000000,0.250000,0.000000,0.000000,5,3,1,0
48825,1.000000,0.250000,0.000000,0.000000,5,3,1,0
48830,1.000000,0.250000,0.000000,0.000000,5,3,1,0
48835,1.000000,0.250000,0.000000,0.000000,5,3,1,0
48840,1.000000,0.250000,0.000000,0.000000,5,3,1,0
48845,1.000000,0.250000,0.000000,0.000000,5,3,1,0
48850,1.000000,0.250000,0.000000,0.000000,5,3,1,0
48855,1.000000,0.250000,0.000000,0.000000,5,3,1,0
48860,1.000000,0.250000,0.000000,0.000000,5,3,1,0
48865,1.000000,0.250000,0.000000,0.000000,5,3,1,0
48870,1.000000,0.250000,0.000000,0.000000,5,3,1,0
48875,1.000000,0.250000,0.000000,0.000000,5,3,1,0
48880,1.000000,0.250000,0.000000,0.000000,5,3,1,0
48885,1.000000,0.250000,0.000000,0.000000,5,3,1,0
48890,1.000000,0.250000,0.000000,0.000000,5,3,1,0
48895,1.000000,0.250000,0.000000,0.000000,5,3,1,0
48900,1.000000,0.250000,0.000000,0.000000,5,3,1,0
48905,1.000000,0.250000,0.000000,0.000000,5,3,1,0
48910,1.000000,0.250000,0.000000,0.000000,5,3,1,0
48915,1.000000,0.250000,0.000000,0.000000,5,3,1,0
48920,1.000000,0.250000,0.000000,0.000000,5,3,1,0
48925,1.000000,0.250000,0.000000,0.000000,5,3,1,0
48930,1.000000,0.250000,0.000000,0.000000,5,3,1,0
48935,1.000000,0.250000,0.000000,0.000000,5,3,1,0
48940,1.000000,0.250000,0.000000,0.000000,5,3,1,0
48945,1.000000,0.250000,0.000000,0.000000,5,3,1,0
48950,1.000000,0.250000,0.000000,0.000000,5,3,1,0
48955,1.000000,0.250000,0.000000,0.000000,5,3,1,0
48960,1.000000,0.250000,0.000000,0.000000,5,3,1,0
48965,1.000000,0.250000,0.000000,0.000000,5,3,1,0
48970,1.000000,0.250000,0.000000,0.000000,5,3,1,0
48975,1.000000,0.250000,0.000000,0.000000,5,3,1,0
48980,1.000000,0.250000,0.000000,0.000000,5,3,1,0
48985,1.000000,0.250000,0.000000,0.000000,5,3,1,0
48990,1.000000,0.250000,0.000000,0.000000,5,3,1,0
48995,1.000000,0.250000,0.000000,0.000000,5,3,1,0
49000,0.550000,0.250000,0.000000,0.000000,5,3,1,0
49005,0.550000,0.250000,0.000000,0.000000,5,3,1,0
49010,0.550000,0.250000,0.000000,0.000000,5,3,1,0
49015,0.550000,0.250000,0.000000,0.000000,5,3,1,0
49020,0.550000,0.250000,0.000000,0.000000,5,3,1,0
49025,0.550000,0.250000,0.000000,0.000000,5,3,1,0
49030,0.550000,0.250000,0.000000,0.000000,5,3,1,0
49035,0.550000,0.250000,0.000000,0.000000,5,3,1,0
49040,0.550000,0.250000,0.000000,0.000000,5,3,1,0
49045,0.550000,0.250000,0.000000,0.000000,5,3,1,0
49050,0.550000,0.250000,0.000000,0.000000,5,3,1,0
49055,0.550000,0.250000,0.000000,0.000000,5,3,1,0
49060,0.550000,0.250000,0.000000,0.000000,5,3,1,0
49065,0.550000,0.250000,0.000000,0.000000,5,3,1,0
49070,0.550000,0.250000,0.000000,0.000000,5,3,1,0
49075,0.550000,0.250000,0.000000,0.000000,5,3,1,0
49080,0.550000,0.250000,0.000000,0.000000,5,3,1,0
49085,0.550000,0.250000,0.000000,0.000000,5,3,1,0
49090,0.550000,0.250000,0.000000,0.000000,5,3,1,0
49095,0.550000,0.250000,0.000000,0.000000,5,3,1,0
49100,0.550000,0.250000,0.000000,0.000000,5,3,1,0
49105,0.550000,0.250000,0.000000,0.000000,5,3,1,0
49110,0.550000,0.250000,0.000000,0.000000,5,3,1,0
49115,0.550000,0.250000,0.000000,0.000000,5,3,1,0
49120,0.550000,0.250000,0.000000,0.000000,5,3,1,0
49125,0.550000,0.250000,0.000000,0.000000,5,3,1,0
49130,0.550000,0.250000,0.000000,0.000000,5,3,1,0
49135,0.550000,0.250000,0.000000,0.000000,5,3,1,0
49140,0.550000,0.250000,0.000000,0.000000,5,3,1,0
49145,0.550000,0.250000,0.000000,0.000000,5,3,1,0
49150,0.550000,0.250000,0.000000,0.000000,5,3,1,0
49155,0.550000,0.250000,0.000000,0.000000,5,3,1,0
49160,0.550000,0.250000,0.000000,0.000000,5,3,1,0
49165,0.550000,0.250000,0.000000,0.000000,5,3,1,0
49170,0.550000,0.250000,0.000000,0.000000,5,3,1,0
49175,0.550000,0.250000,0.000000,0.000000,5,3,1,0
49180,0.550000,0.250000,0.000000,0.000000,5,3,1,0
49185,0.550000,0.250000,0.000000,0.000000,5,3,1,0
49190,0.550000,0.250000,0.000000,0.000000,5,3,1,0
49195,0.550000,0.250000,0.000000,0.000000,5,3,1,0
49200,0.550000,0.250000,0.000000,0.000000,5,3,1,0
49205,0.550000,0.250000,0.000000,0.000000,5,3,1,0
49210,0.550000,0.250000,0.000000,0.000000,5,3,1,0
49215,0.550000,0.250000,0.000000,0.000000,5,3,1,0
49220,0.550000,0.250000,0.000000,0.000000,5,3,1,0
49225,0.550000,0.250000,0.000000,0.000000,5,3,1,0
49230,0.550000,0.250000,0.000000,0.000000,5,3,1,0
49235,0.550000,0.250000,0.000000,0.000000,5,3,1,0
49240,0.550000,0.250000,0.000000,0.000000,5,3,1,0
49245,0.550000,0.250000,0.000000,0.000000,5,3,1,0
49250,0.550000,0.250000,0.000000,0.000000,5,3,1,0
49255,0.550000,0.250000,0.000000,0.000000,5,3,1,0
49260,0.550000,0.250000,0.000000,0.000000,5,3,1,0
49265,0.550000,0.250000,0.000000,0.000000,5,3,1,0
49270,0.550000,0.250000,0.000000,0.000000,5,3,1,0
49275,0.550000,0.250000,0.000000,0.000000,5,3,1,0
49280,0.550000,0.250000,0.000000,0.000000,5,3,1,0
49285,0.550000,0.250000,0.000000,0.000000,5,3,1,0
49290,0.550000,0.250000,0.000000,0.000000,5,3,1,0
49295,0.550000,0.250000,0.000000,0.000000,5,3,1,0
49300,0.550000,0.250000,0.000000,0.000000,5,3,1,0
49305,0.550000,0.250000,0.000000,0.000000,5,3,1,0
49310,0.550000,0.250000,0.000000,0.000000,5,3,1,0
49315,0.550000,0.250000,0.000000,0.000000,5,3,1,0
49320,0.550000,0.250000,0.000000,0.000000,5,3,1,0
49325,0.550000,0.250000,0.000000,0.000000,5,3,1,0
49330,0.550000,0.250000,0.000000,0.000000,5,3,1,0
49335,0.550000,0.250000,0.000000,0.000000,5,3,1,0
49340,0.550000,0.250000,0.000000,0.000000,5,3,1,0
49345,0.550000,0.250000,0.000000,0.000000,5,3,1,0
49350,0.550000,0.250000,0.000000,0.000000,5,3,1,0
49355,0.550000,0.250000,0.000000,0.000000,5,3,1,0
49360,0.550000,0.250000,0.000000,0.000000,5,3,1,0
49365,0.550000,0.250000,0.000000,0.000000,5,3,1,0
49370,0.550000,0.250000,0.000000,0.000000,5,3,1,0
49375,0.550000,0.250000,0.000000,0.000000,5,3,1,0
49380,0.550000,0.250000,0.000000,0.000000,5,3,1,0
49385,0.550000,0.250000,0.000000,0.000000,5,3,1,0
49390,0.550000,0.250000,0.000000,0.000000,5,3,1,0
49395,0.550000,0.250000,0.000000,0.000000,5,3,1,0
49400,0.550000,0.250000,0.000000,0.000000,5,3,1,0
49405,0.550000,0.250000,0.000000,0.000000,5,3,1,0
49410,0.550000,0.250000,0.000000,0.000000,5,3,1,0
49415,0.550000,0.250000,0.000000,0.000000,5,3,1,0
49420,0.550000,0.250000,0.000000,0.000000,5,3,1,0
49425,0.550000,0.250000,0.000000,0.000000,5,3,1,0
49430,0.550000,0.250000,0.000000,0.000000,5,3,1,0
49435,0.550000,0.250000,0.000000,0.000000,5,3,1,0
49440,0.550000,0.250000,0.000000,0.000000,5,3,1,0
49445,0.550000,0.250000,0.000000,0.000000,5,3,1,0
49450,0.550000,0.250000,0.000000,0.000000,5,3,1,0
49455,0.550000,0.250000,0.000000,0.000000,5,3,1,0
49460,0.550000,0.250000,0.000000,0.000000,5,3,1,0
49465,0.550000,0.250000,0.000000,0.000000,5,3,1,0
49470,0.550000,0.250000,0.000000,0.000000,5,3,1,0
49475,0.550000,0.250000,0.000000,0.000000,5,3,1,0
49480,0.550000,0.250000,0.000000,0.000000,5,3,1,0
49485,0.550000,0.250000,0.000000,0.000000,5,3,1,0
49490,0.550000,0.250000,0.000000,0.000000,5,3,1,0
49495,0.550000,0.250000,0.000000,0.000000,5,3,1,0
49500,0.550000,0.250000,0.000000,0.000000,5,3,1,0
49505,0.550000,0.250000,0.000000,0.000000,5,3,1,0
49510,0.550000,0.250000,0.000000,0.000000,5,3,1,0
49515,0.550000,0.250000,0.000000,0.000000,5,3,1,0
49520,0.550000,0.250000,0.000000,0.000000,5,3,1,0
49525,0.550000,0.250000,0.000000,0.000000,5,3,1,0
49530,0.550000,0.250000,0.000000,0.000000,5,3,1,0
49535,0.550000,0.250000,0.000000,0.000000,5,3,1,0
49540,0.550000,0.250000,0.000000,0.000000,5,3,1,0
49545,0.550000,0.250000,0.000000,0.000000,5,3,1,0
49550,0.550000,0.250000,0.000000,0.000000,5,3,1,0
49555,0.550000,0.250000,0.000000,0.000000,5,3,1,0
49560,0.550000,0.250000,0.000000,0.000000,5,3,1,0
49565,0.550000,0.250000,0.000000,0.000000,5,3,1,0
49570,0.550000,0.250000,0.000000,0.000000,5,3,1,0
49575,0.550000,0.250000,0.000000,0.000000,5,3,1,0
49580,0.550000,0.250000,0.000000,0.000000,5,3,1,0
49585,0.550000,0.250000,0.000000,0.000000,5,3,1,0
49590,0.550000,0.250000,0.000000,0.000000,5,3,1,0
49595,0.550000,0.250000,0.000000,0.000000,5,3,1,0
49600,0.550000,0.250000,0.000000,0.000000,5,3,1,0
49605,0.550000,0.250000,0.000000,0.000000,5,3,1,0
49610,0.550000,0.250000,0.000000,0.000000,5,3,1,0
49615,0.550000,0.250000,0.000000,0.000000,5,3,1,0
49620,0.550000,0.250000,0.000000,0.000000,5,3,1,0
49625,0.550000,0.250000,0.000000,0.000000,5,3,1,0
49630,0.550000,0.250000,0.000000,0.000000,5,3,1,0
49635,0.550000,0.250000,0.000000,0.000000,5,3,1,0
49640,0.550000,0.250000,0.000000,0.000000,5,3,1,0
49645,0.550000,0.250000,0.000000,0.000000,5,3,1,0
49650,0.550000,0.250000,0.000000,0.000000,5,3,1,0
49655,0.550000,0.250000,0.000000,0.000000,5,3,1,0
49660,0.550000,0.250000,0.000000,0.000000,5,3,1,0
49665,0.550000,0.250000,0.000000,0.000000,5,3,1,0
49670,0.550000,0.250000,0.000000,0.000000,5,3,1,0
49675,0.550000,0.250000,0.000000,0.000000,5,3,1,0
49680,0.550000,0.250000,0.000000,0.000000,5,3,1,0
49685,0.550000,0.250000,0.000000,0.000000,5,3,1,0
49690,0.550000,0.250000,0.000000,0.000000,5,3,1,0
49695,0.550000,0.250000,0.000000,0.000000,5,3,1,0
49700,0.550000,0.250000,0.000000,0.000000,5,3,1,0
49705,0.550000,0.250000,0.000000,0.000000,5,3,1,0
49710,0.550000,0.250000,0.000000,0.000000,5,3,1,0
49715,0.550000,0.250000,0.000000,0.000000,5,3,1,0
49720,0.550000,0.250000,0.000000,0.000000,5,3,1,0
49725,0.550000,0.250000,0.000000,0.000000,5,3,1,0
49730,0.550000,0.250000,0.000000,0.000000,5,3,1,0
49735,0.550000,0.250000,0.000000,0.000000,5,3,1,0
49740,0.550000,0.250000,0.000000,0.000000,5,3,1,0
49745,0.550000,0.250000,0.000000,0.000000,5,3,1,0
49750,0.550000,0.250000,0.000000,0.000000,5,3,1,0
49755,0.550000,0.250000,0.000000,0.000000,5,3,1,0
49760,0.550000,0.250000,0.000000,0.000000,5,3,1,0
49765,0.550000,0.250000,0.000000,0.000000,5,3,1,0
49770,0.550000,0.250000,0.000000,0.000000,5,3,1,0
49775,0.550000,0.250000,0.000000,0.000000,5,3,1,0
49780,0.550000,0.250000,0.000000,0.000000,5,3,1,0
49785,0.550000,0.250000,0.000000,0.000000,5,3,1,0
49790,0.550000,0.250000,0.000000,0.000000,5,3,1,0
49795,0.550000,0.250000,0.000000,0.000000,5,3,1,0
49800,1.000000,0.250000,0.000000,0.000000,5,3,1,0
49805,1.000000,0.250000,0.000000,0.000000,5,3,1,0
49810,1.000000,0.250000,0.000000,0.000000,5,3,1,0
49815,1.000000,0.250000,0.000000,0.000000,5,3,1,0
49820,1.000000,0.250000,0.000000,0.000000,5,3,1,0
49825,1.000000,0.250000,0.000000,0.000000,5,3,1,0
49830,1.000000,0.250000,0.000000,0.000000,5,3,1,0
49835,1.000000,0.250000,0.000000,0.000000,5,3,1,0
49840,1.000000,0.250000,0.000000,0.000000,5,3,1,0
49845,1.000000,0.250000,0.000000,0.000000,5,3,1,0
49850,1.000000,0.250000,0.000000,0.000000,5,3,1,0
49855,1.000000,0.250000,0.000000,0.000000,5,3,1,0
49860,1.000000,0.250000,0.000000,0.000000,5,3,1,0
49865,1.000000,0.250000,0.000000,0.000000,5,3,1,0
49870,1.000000,0.250000,0.000000,0.000000,5,3,1,0
49875,1.000000,0.250000,0.000000,0.000000,5,3,1,0
49880,1.000000,0.250000,0.000000,0.000000,5,3,1,0
49885,1.000000,0.250000,0.000000,0.000000,5,3,1,0
49890,1.000000,0.250000,0.000000,0.000000,5,3,1,0
49895,1.000000,0.250000,0.000000,0.000000,5,3,1,0
49900,1.000000,0.250000,0.000000,0.000000,5,3,1,0
49905,1.000000,0.250000,0.000000,0.000000,5,3,1,0
49910,1.000000,0.250000,0.000000,0.000000,5,3,1,0
49915,1.000000,0.250000,0.000000,0.000000,5,3,1,0
49920,1.000000,0.250000,0.000000,0.000000,5,3,1,0
49925,1.000000,0.250000,0.000000,0.000000,5,3,1,0
49930,1.000000,0.250000,0.000000,0.000000,5,3,1,0
49935,1.000000,0.250000,0.000000,0.000000,5,3,1,0
49940,1.000000,0.250000,0.000000,0.000000,5,3,1,0
49945,1.000000,0.250000,0.000000,0.000000,5,3,1,0
49950,1.000000,0.250000,0.000000,0.000000,5,3,1,0
49955,1.000000,0.250000,0.000000,0.000000,5,3,1,0
49960,1.000000,0.250000,0.000000,0.000000,5,3,1,0
49965,1.000000,0.250000,0.000000,0.000000,5,3,1,0
49970,1.000000,0.250000,0.000000,0.000000,5,3,1,0
49975,1.000000,0.250000,0.000000,0.000000,5,3,1,0
49980,1.000000,0.250000,0.000000,0.000000,5,3,1,0
49985,1.000000,0.250000,0.000000,0.000000,5,3,1,0
49990,1.000000,0.250000,0.000000,0.000000,5,3,1,0
49995,1.000000,0.250000,0.000000,0.000000,5,3,1,0
50000,1.000000,0.800000,0.850000,0.800000,0,0,0,1
50005,1.000000,0.800000,0.850000,0.800000,0,0,0,0
50010,1.000000,0.800000,0.850000,0.800000,0,0,0,0
50015,1.000000,0.800000,0.850000,0.800000,0,0,0,0
50020,1.000000,0.800000,0.850000,0.800000,0,0,0,0
50025,1.000000,0.800000,0.850000,0.800000,0,0,0,0
50030,1.000000,0.800000,0.850000,0.800000,0,0,0,0
50035,1.000000,0.800000,0.850000,0.800000,0,0,0,0
50040,1.000000,0.800000,0.850000,0.800000,0,0,0,0
50045,1.000000,0.800000,0.850000,0.800000,0,0,0,0
50050,1.000000,0.800000,0.850000,0.800000,0,0,0,0
50055,1.000000,0.800000,0.850000,0.800000,0,0,0,0
50060,1.000000,0.800000,0.850000,0.800000,0,0,0,0
50065,1.000000,0.800000,0.850000,0.800000,0,0,0,0
50070,1.000000,0.800000,0.850000,0.800000,0,0,0,0
50075,1.000000,0.800000,0.850000,0.800000,0,0,0,0
50080,1.000000,0.800000,0.850000,0.800000,0,0,0,0
50085,1.000000,0.800000,0.850000,0.800000,0,0,0,0
50090,1.000000,0.800000,0.850000,0.800000,0,0,0,0
50095,1.000000,0.800000,0.850000,0.800000,0,0,0,0
50100,1.000000,0.800000,0.850000,0.800000,0,0,0,0
50105,1.000000,0.800000,0.850000,0.800000,0,0,0,0
50110,1.000000,0.800000,0.850000,0.800000,0,0,0,0
50115,1.000000,0.800000,0.850000,0.800000,0,0,0,0
50120,1.000000,0.800000,0.850000,0.800000,0,0,0,0
50125,1.000000,0.800000,0.850000,0.800000,0,0,0,0
50130,1.000000,0.800000,0.850000,0.800000,0,0,0,0
50135,1.000000,0.800000,0.850000,0.800000,0,0,0,0
50140,1.000000,0.800000,0.850000,0.800000,0,0,0,0
50145,1.000000,0.800000,0.850000,0.800000,0,0,0,0
50150,1.000000,0.800000,0.850000,0.800000,0,0,0,0
50155,1.000000,0.800000,0.850000,0.800000,0,0,0,0
50160,1.000000,0.800000,0.850000,0.800000,0,0,0,0
50165,1.000000,0.800000,0.850000,0.800000,0,0,0,0
50170,1.000000,0.800000,0.850000,0.800000,0,0,0,0
50175,1.000000,0.800000,0.850000,0.800000,0,0,0,0
50180,1.000000,0.800000,0.850000,0.800000,0,0,0,0
50185,1.000000,0.800000,0.850000,0.800000,0,0,0,0
50190,1.000000,0.800000,0.850000,0.800000,0,0,0,0
50195,1.000000,0.800000,0.850000,0.800000,0,0,0,0
50200,1.000000,0.800000,0.850000,0.800000,0,0,0,0
50205,1.000000,0.800000,0.850000,0.800000,0,0,0,0
50210,1.000000,0.800000,0.850000,0.800000,0,0,0,0
50215,1.000000,0.800000,0.850000,0.800000,0,0,0,0
50220,1.000000,0.800000,0.850000,0.800000,0,0,0,0
50225,1.000000,0.800000,0.850000,0.800000,0,0,0,0
50230,1.000000,0.800000,0.850000,0.800000,0,0,0,0
50235,1.000000,0.800000,0.850000,0.800000,0,0,0,0
50240,1.000000,0.800000,0.850000,0.800000,0,0,0,0
50245,1.000000,0.800000,0.850000,0.800000,0,0,0,0
50250,1.000000,0.800000,0.850000,0.800000,0,0,0,0
50255,1.000000,0.800000,0.850000,0.800000,0,0,0,0
50260,1.000000,0.800000,0.850000,0.800000,0,0,0,0
50265,1.000000,0.800000,0.850000,0.800000,0,0,0,0
50270,1.000000,0.800000,0.850000,0.800000,0,0,0,0
50275,1.000000,0.800000,0.850000,0.800000,0,0,0,0
50280,1.000000,0.800000,0.850000,0.800000,0,0,0,0
50285,1.000000,0.800000,0.850000,0.800000,0,0,0,0
50290,1.000000,0.800000,0.850000,0.800000,0,0,0,0
50295,1.000000,0.800000,0.850000,0.800000,0,0,0,0
50300,1.000000,0.800000,0.850000,0.800000,0,0,0,0
50305,1.000000,0.800000,0.850000,0.800000,0,0,0,0
50310,1.000000,0.800000,0.850000,0.800000,0,0,0,0
50315,1.000000,0.800000,0.850000,0.800000,0,0,0,0
50320,1.000000,0.800000,0.850000,0.800000,0,0,0,0
50325,1.000000,0.800000,0.850000,0.800000,0,0,0,0
50330,1.000000,0.800000,0.850000,0.800000,0,0,0,0
50335,1.000000,0.800000,0.850000,0.800000,0,0,0,0
50340,1.000000,0.800000,0.850000,0.800000,0,0,0,0
50345,1.000000,0.800000,0.850000,0.800000,0,0,0,0
50350,1.000000,0.800000,0.850000,0.800000,0,0,0,0
50355,1.000000,0.800000,0.850000,0.800000,0,0,0,0
50360,1.000000,0.800000,0.850000,0.800000,0,0,0,0
50365,1.000000,0.800000,0.850000,0.800000,0,0,0,0
50370,1.000000,0.800000,0.850000,0.800000,0,0,0,0
50375,1.000000,0.800000,0.850000,0.800000,0,0,0,0
50380,1.000000,0.800000,0.850000,0.800000,0,0,0,0
50385,1.000000,0.800000,0.850000,0.800000,0,0,0,0
50390,1.000000,0.800000,0.850000,0.800000,0,0,0,0
50395,1.000000,0.800000,0.850000,0.800000,0,0,0,0
50400,1.000000,0.800000,0.850000,0.800000,0,0,0,0
50405,1.000000,0.800000,0.850000,0.800000,0,0,0,0
50410,1.000000,0.800000,0.850000,0.800000,0,0,0,0
50415,1.000000,0.800000,0.850000,0.800000,0,0,0,0
50420,1.000000,0.800000,0.850000,0.800000,0,0,0,0
50425,1.000000,0.800000,0.850000,0.800000,0,0,0,0
50430,1.000000,0.800000,0.850000,0.800000,0,0,0,0
50435,1.000000,0.800000,0.850000,0.800000,0,0,0,0
50440,1.000000,0.800000,0.850000,0.800000,0,0,0,0
50445,1.000000,0.800000,0.850000,0.800000,0,0,0,0
50450,1.000000,0.800000,0.850000,0.800000,0,0,0,0
50455,1.000000,0.800000,0.850000,0.800000,0,0,0,0
50460,1.000000,0.800000,0.850000,0.800000,0,0,0,0
50465,1.000000,0.800000,0.850000,0.800000,0,0,0,0
50470,1.000000,0.800000,0.850000,0.800000,0,0,0,0
50475,1.000000,0.800000,0.850000,0.800000,0,0,0,0
50480,1.000000,0.800000,0.850000,0.800000,0,0,0,0
50485,1.000000,0.800000,0.850000,0.800000,0,0,0,0
50490,1.000000,0.800000,0.850000,0.800000,0,0,0,0
50495,1.000000,0.800000,0.850000,0.800000,0,0,0,0
50500,1.000000,0.800000,0.850000,0.800000,0,0,0,0
50505,1.000000,0.800000,0.850000,0.800000,0,0,0,0
50510,1.000000,0.800000,0.850000,0.800000,0,0,0,0
50515,1.000000,0.800000,0.850000,0.800000,0,0,0,0
50520,1.000000,0.800000,0.850000,0.800000,0,0,0,0
50525,1.000000,0.800000,0.850000,0.800000,0,0,0,0
50530,1.000000,0.800000,0.850000,0.800000,0,0,0,0
50535,1.000000,0.800000,0.850000,0.800000,0,0,0,0
50540,1.000000,0.800000,0.850000,0.800000,0,0,0,0
50545,1.000000,0.800000,0.850000,0.800000,0,0,0,0
50550,1.000000,0.800000,0.850000,0.800000,0,0,0,0
50555,1.000000,0.800000,0.850000,0.800000,0,0,0,0
50560,1.000000,0.800000,0.850000,0.800000,0,0,0,0
50565,1.000000,0.800000,0.850000,0.800000,0,0,0,0
50570,1.000000,0.800000,0.850000,0.800000,0,0,0,0
50575,1.000000,0.800000,0.850000,0.800000,0,0,0,0
50580,1.000000,0.800000,0.850000,0.800000,0,0,0,0
50585,1.000000,0.800000,0.850000,0.800000,0,0,0,0
50590,1.000000,0.800000,0.850000,0.800000,0,0,0,0
50595,1.000000,0.800000,0.850000,0.800000,0,0,0,0
50600,1.000000,0.800000,0.850000,0.800000,0,0,0,0
50605,1.000000,0.800000,0.850000,0.800000,0,0,0,0
50610,1.000000,0.800000,0.850000,0.800000,0,0,0,0
50615,1.000000,0.800000,0.850000,0.800000,0,0,0,0
50620,1.000000,0.800000,0.850000,0.800000,0,0,0,0
50625,1.000000,0.800000,0.850000,0.800000,0,0,0,0
50630,1.000000,0.800000,0.850000,0.800000,0,0,0,0
50635,1.000000,0.800000,0.850000,0.800000,0,0,0,0
50640,1.000000,0.800000,0.850000,0.800000,0,0,0,0
50645,1.000000,0.800000,0.850000,0.800000,0,0,0,0
50650,1.000000,0.800000,0.850000,0.800000,0,0,0,0
50655,1.000000,0.800000,0.850000,0.800000,0,0,0,0
50660,1.000000,0.800000,0.850000,0.800000,0,0,0,0
50665,1.000000,0.800000,0.850000,0.800000,0,0,0,0
50670,1.000000,0.800000,0.850000,0.800000,0,0,0,0
50675,1.000000,0.800000,0.850000,0.800000,0,0,0,0
50680,1.000000,0.800000,0.850000,0.800000,0,0,0,0
50685,1.000000,0.800000,0.850000,0.800000,0,0,0,0
50690,1.000000,0.800000,0.850000,0.800000,0,0,0,0
50695,1.000000,0.800000,0.850000,0.800000,0,0,0,0
50700,1.000000,0.800000,0.850000,0.800000,0,0,0,0
50705,1.000000,0.800000,0.850000,0.800000,0,0,0,0
50710,1.000000,0.800000,0.850000,0.800000,0,0,0,0
50715,1.000000,0.800000,0.850000,0.800000,0,0,0,0
50720,1.000000,0.800000,0.850000,0.800000,0,0,0,0
50725,1.000000,0.800000,0.850000,0.800000,0,0,0,0
50730,1.000000,0.800000,0.850000,0.800000,0,0,0,0
50735,1.000000,0.800000,0.850000,0.800000,0,0,0,0
50740,1.000000,0.800000,0.850000,0.800000,0,0,0,0
50745,1.000000,0.800000,0.850000,0.800000,0,0,0,0
50750,1.000000,0.800000,0.850000,0.800000,0,0,0,0
50755,1.000000,0.800000,0.850000,0.800000,0,0,0,0
50760,1.000000,0.800000,0.850000,0.800000,0,0,0,0
50765,1.000000,0.800000,0.850000,0.800000,0,0,0,0
50770,1.000000,0.800000,0.850000,0.800000,0,0,0,0
50775,1.000000,0.800000,0.850000,0.800000,0,0,0,0
50780,1.000000,0.800000,0.850000,0.800000,0,0,0,0
50785,1.000000,0.800000,0.850000,0.800000,0,0,0,0
50790,1.000000,0.800000,0.850000,0.800000,0,0,0,0
50795,1.000000,0.800000,0.850000,0.800000,0,0,0,0
50800,1.000000,0.800000,0.850000,0.800000,0,0,0,0
50805,1.000000,0.800000,0.850000,0.800000,0,0,0,0
50810,1.000000,0.800000,0.850000,0.800000,0,0,0,0
50815,1.000000,0.800000,0.850000,0.800000,0,0,0,0
50820,1.000000,0.800000,0.850000,0.800000,0,0,0,0
50825,1.000000,0.800000,0.850000,0.800000,0,0,0,0
50830,1.000000,0.800000,0.850000,0.800000,0,0,0,0
50835,1.000000,0.800000,0.850000,0.800000,0,0,0,0
50840,1.000000,0.800000,0.850000,0.800000,0,0,0,0
50845,1.000000,0.800000,0.850000,0.800000,0,0,0,0
50850,1.000000,0.800000,0.850000,0.800000,0,0,0,0
50855,1.000000,0.800000,0.850000,0.800000,0,0,0,0
50860,1.000000,0.800000,0.850000,0.800000,0,0,0,0
50865,1.000000,0.800000,0.850000,0.800000,0,0,0,0
50870,1.000000,0.800000,0.850000,0.800000,0,0,0,0
50875,1.000000,0.800000,0.850000,0.800000,0,0,0,0
50880,1.000000,0.800000,0.850000,0.800000,0,0,0,0
50885,1.000000,0.800000,0.850000,0.800000,0,0,0,0
50890,1.000000,0.800000,0.850000,0.800000,0,0,0,0
50895,1.000000,0.800000,0.850000,0.800000,0,0,0,0
50900,1.000000,0.800000,0.850000,0.800000,0,0,0,0
50905,1.000000,0.800000,0.850000,0.800000,0,0,0,0
50910,1.000000,0.800000,0.850000,0.800000,0,0,0,0
50915,1.000000,0.800000,0.850000,0.800000,0,0,0,0
50920,1.000000,0.800000,0.850000,0.800000,0,0,0,0
50925,1.000000,0.800000,0.850000,0.800000,0,0,0,0
50930,1.000000,0.800000,0.850000,0.800000,0,0,0,0
50935,1.000000,0.800000,0.850000,0.800000,0,0,0,0
50940,1.000000,0.800000,0.850000,0.800000,0,0,0,0
50945,1.000000,0.800000,0.850000,0.800000,0,0,0,0
50950,1.000000,0.800000,0.850000,0.800000,0,0,0,0
50955,1.000000,0.800000,0.850000,0.800000,0,0,0,0
50960,1.000000,0.800000,0.850000,0.800000,0,0,0,0
50965,1.000000,0.800000,0.850000,0.800000,0,0,0,0
50970,1.000000,0.800000,0.850000,0.800000,0,0,0,0
50975,1.000000,0.800000,0.850000,0.800000,0,0,0,0
50980,1.000000,0.800000,0.850000,0.800000,0,0,0,0
50985,1.000000,0.800000,0.850000,0.800000,0,0,0,0
50990,1.000000,0.800000,0.850000,0.800000,0,0,0,0
50995,1.000000,0.800000,0.850000,0.800000,0,0,0,0
51000,1.000000,0.250000,0.850000,0.250000,0,0,0,0
51005,1.000000,0.250000,0.850000,0.250000,0,0,0,0
51010,1.000000,0.250000,0.850000,0.250000,0,0,0,0
51015,1.000000,0.250000,0.850000,0.250000,0,0,0,0
51020,1.000000,0.250000,0.850000,0.250000,0,0,0,0
51025,1.000000,0.250000,0.850000,0.250000,0,0,0,0
51030,1.000000,0.250000,0.850000,0.250000,0,0,0,0
51035,1.000000,0.250000,0.850000,0.250000,0,0,0,0
51040,1.000000,0.250000,0.850000,0.250000,0,0,0,0
51045,1.000000,0.250000,0.850000,0.250000,0,0,0,0
51050,1.000000,0.250000,0.850000,0.250000,0,0,0,0
51055,1.000000,0.250000,0.850000,0.250000,0,0,0,0
51060,1.000000,0.250000,0.850000,0.250000,0,0,0,0
51065,1.000000,0.250000,0.850000,0.250000,0,0,0,0
51070,1.000000,0.250000,0.850000,0.250000,0,0,0,0
51075,1.000000,0.250000,0.850000,0.250000,0,0,0,0
51080,1.000000,0.250000,0.850000,0.250000,0,0,0,0
51085,1.000000,0.250000,0.850000,0.250000,0,0,0,0
51090,1.000000,0.250000,0.850000,0.250000,0,0,0,0
51095,1.000000,0.250000,0.850000,0.250000,0,0,0,0
51100,1.000000,0.250000,0.850000,0.250000,0,0,0,0
51105,1.000000,0.250000,0.850000,0.250000,0,0,0,0
51110,1.000000,0.250000,0.850000,0.250000,0,0,0,0
51115,1.000000,0.250000,0.850000,0.250000,0,0,0,0
51120,1.000000,0.250000,0.850000,0.250000,0,0,0,0
51125,1.000000,0.250000,0.850000,0.250000,0,0,0,0
51130,1.000000,0.250000,0.850000,0.250000,0,0,0,0
51135,1.000000,0.250000,0.850000,0.250000,0,0,0,0
51140,1.000000,0.250000,0.850000,0.250000,0,0,0,0
51145,1.000000,0.250000,0.850000,0.250000,0,0,0,0
51150,1.000000,0.250000,0.850000,0.250000,0,0,0,0
51155,1.000000,0.250000,0.850000,0.250000,0,0,0,0
51160,1.000000,0.250000,0.850000,0.250000,0,0,0,0
51165,1.000000,0.250000,0.850000,0.250000,0,0,0,0
51170,1.000000,0.250000,0.850000,0.250000,0,0,0,0
51175,1.000000,0.250000,0.850000,0.250000,0,0,0,0
51180,1.000000,0.250000,0.850000,0.250000,0,0,0,0
51185,1.000000,0.250000,0.850000,0.250000,0,0,0,0
51190,1.000000,0.250000,0.850000,0.250000,0,0,0,0
51195,1.000000,0.250000,0.850000,0.250000,0,0,0,0
51200,1.000000,0.250000,0.850000,0.250000,0,0,0,0
51205,1.000000,0.250000,0.850000,0.250000,0,0,0,0
51210,1.000000,0.250000,0.850000,0.250000,0,0,0,0
51215,1.000000,0.250000,0.850000,0.250000,0,0,0,0
51220,1.000000,0.250000,0.850000,0.250000,0,0,0,0
51225,1.000000,0.250000,0.850000,0.250000,0,0,0,0
51230,1.000000,0.250000,0.850000,0.250000,0,0,0,0
51235,1.000000,0.250000,0.850000,0.250000,0,0,0,0
51240,1.000000,0.250000,0.850000,0.250000,0,0,0,0
51245,1.000000,0.250000,0.850000,0.250000,0,0,0,0
51250,1.000000,0.250000,0.850000,0.250000,0,0,0,0
51255,1.000000,0.250000,0.850000,0.250000,0,0,0,0
51260,1.000000,0.250000,0.850000,0.250000,0,0,0,0
51265,1.000000,0.250000,0.850000,0.250000,0,0,0,0
51270,1.000000,0.250000,0.850000,0.250000,0,0,0,0
51275,1.000000,0.250000,0.850000,0.250000,0,0,0,0
51280,1.000000,0.250000,0.850000,0.250000,0,0,0,0
51285,1.000000,0.250000,0.850000,0.250000,0,0,0,0
51290,1.000000,0.250000,0.850000,0.250000,0,0,0,0
51295,1.000000,0.250000,0.850000,0.250000,0,0,0,0
51300,1.000000,0.250000,0.850000,0.250000,0,0,0,0
51305,1.000000,0.250000,0.850000,0.250000,0,0,0,0
51310,1.000000,0.250000,0.850000,0.250000,0,0,0,0
51315,1.000000,0.250000,0.850000,0.250000,0,0,0,0
51320,1.000000,0.250000,0.850000,0.250000,0,0,0,0
51325,1.000000,0.250000,0.850000,0.250000,0,0,0,0
51330,1.000000,0.250000,0.850000,0.250000,0,0,0,0
51335,1.000000,0.250000,0.850000,0.250000,0,0,0,0
51340,1.000000,0.250000,0.850000,0.250000,0,0,0,0
51345,1.000000,0.250000,0.850000,0.250000,0,0,0,0
51350,1.000000,0.250000,0.850000,0.250000,0,0,0,0
51355,1.000000,0.250000,0.850000,0.250000,0,0,0,0
51360,1.000000,0.250000,0.850000,0.250000,0,0,0,0
51365,1.000000,0.250000,0.850000,0.250000,0,0,0,0
51370,1.000000,0.250000,0.850000,0.250000,0,0,0,0
51375,1.000000,0.250000,0.850000,0.250000,0,0,0,0
51380,1.000000,0.250000,0.850000,0.250000,0,0,0,0
51385,1.000000,0.250000,0.850000,0.250000,0,0,0,0
51390,1.000000,0.250000,0.850000,0.250000,0,0,0,0
51395,1.000000,0.250000,0.850000,0.250000,0,0,0,0
51400,1.000000,0.250000,0.850000,0.250000,0,0,0,0
51405,1.000000,0.250000,0.850000,0.250000,0,0,0,0
51410,1.000000,0.250000,0.850000,0.250000,0,0,0,0
51415,1.000000,0.250000,0.850000,0.250000,0,0,0,0
51420,1.000000,0.250000,0.850000,0.250000,0,0,0,0
51425,1.000000,0.250000,0.850000,0.250000,0,0,0,0
51430,1.000000,0.250000,0.850000,0.250000,0,0,0,0
51435,1.000000,0.250000,0.850000,0.250000,0,0,0,0
51440,1.000000,0.250000,0.850000,0.250000,0,0,0,0
51445,1.000000,0.250000,0.850000,0.250000,0,0,0,0
51450,1.000000,0.250000,0.850000,0.250000,0,0,0,0
51455,1.000000,0.250000,0.850000,0.250000,0,0,0,0
51460,1.000000,0.250000,0.850000,0.250000,0,0,0,0
51465,1.000000,0.250000,0.850000,0.250000,0,0,0,0
51470,1.000000,0.250000,0.850000,0.250000,0,0,0,0
51475,1.000000,0.250000,0.850000,0.250000,0,0,0,0
51480,1.000000,0.250000,0.850000,0.250000,0,0,0,0
51485,1.000000,0.250000,0.850000,0.250000,0,0,0,0
51490,1.000000,0.250000,0.850000,0.250000,0,0,0,0
51495,1.000000,0.250000,0.850000,0.250000,0,0,0,0
51500,1.000000,0.250000,0.850000,0.250000,0,0,0,0
51505,1.000000,0.250000,0.850000,0.250000,0,0,0,0
51510,1.000000,0.250000,0.850000,0.250000,0,0,0,0
51515,1.000000,0.250000,0.850000,0.250000,0,0,0,0
51520,1.000000,0.250000,0.850000,0.250000,0,0,0,0
51525,1.000000,0.250000,0.850000,0.250000,0,0,0,0
51530,1.000000,0.250000,0.850000,0.250000,0,0,0,0
51535,1.000000,0.250000,0.850000,0.250000,0,0,0,0
51540,1.000000,0.250000,0.850000,0.250000,0,0,0,0
51545,1.000000,0.250000,0.850000,0.250000,0,0,0,0
51550,1.000000,0.250000,0.850000,0.250000,0,0,0,0
51555,1.000000,0.250000,0.850000,0.250000,0,0,0,0
51560,1.000000,0.250000,0.850000,0.250000,0,0,0,0
51565,1.000000,0.250000,0.850000,0.250000,0,0,0,0
51570,1.000000,0.250000,0.850000,0.250000,0,0,0,0
51575,1.000000,0.250000,0.850000,0.250000,0,0,0,0
51580,1.000000,0.250000,0.850000,0.250000,0,0,0,0
51585,1.000000,0.250000,0.850000,0.250000,0,0,0,0
51590,1.000000,0.250000,0.850000,0.250000,0,0,0,0
51595,1.000000,0.250000,0.850000,0.250000,0,0,0,0
51600,1.000000,0.250000,0.850000,0.250000,0,0,0,0
51605,1.000000,0.250000,0.850000,0.250000,0,0,0,0
51610,1.000000,0.250000,0.850000,0.250000,0,0,0,0
51615,1.000000,0.250000,0.850000,0.250000,0,0,0,0
51620,1.000000,0.250000,0.850000,0.250000,0,0,0,0
51625,1.000000,0.250000,0.850000,0.250000,0,0,0,0
51630,1.000000,0.250000,0.850000,0.250000,0,0,0,0
51635,1.000000,0.250000,0.850000,0.250000,0,0,0,0
51640,1.000000,0.250000,0.850000,0.250000,0,0,0,0
51645,1.000000,0.250000,0.850000,0.250000,0,0,0,0
51650,1.000000,0.250000,0.850000,0.250000,0,0,0,0
51655,1.000000,0.250000,0.850000,0.250000,0,0,0,0
51660,1.000000,0.250000,0.850000,0.250000,0,0,0,0
51665,1.000000,0.250000,0.850000,0.250000,0,0,0,0
51670,1.000000,0.250000,0.850000,0.250000,0,0,0,0
51675,1.000000,0.250000,0.850000,0.250000,0,0,0,0
51680,1.000000,0.250000,0.850000,0.250000,0,0,0,0
51685,1.000000,0.250000,0.850000,0.250000,0,0,0,0
51690,1.000000,0.250000,0.850000,0.250000,0,0,0,0
51695,1.000000,0.250000,0.850000,0.250000,0,0,0,0
51700,1.000000,0.250000,0.850000,0.250000,0,0,0,0
51705,1.000000,0.250000,0.850000,0.250000,0,0,0,0
51710,1.000000,0.250000,0.850000,0.250000,0,0,0,0
51715,1.000000,0.250000,0.850000,0.250000,0,0,0,0
51720,1.000000,0.250000,0.850000,0.250000,0,0,0,0
51725,1.000000,0.250000,0.850000,0.250000,0,0,0,0
51730,1.000000,0.250000,0.850000,0.250000,0,0,0,0
51735,1.000000,0.250000,0.850000,0.250000,0,0,0,0
51740,1.000000,0.250000,0.850000,0.250000,0,0,0,0
51745,1.000000,0.250000,0.850000,0.250000,0,0,0,0
51750,1.000000,0.250000,0.850000,0.250000,0,0,0,0
51755,1.000000,0.250000,0.850000,0.250000,0,0,0,0
51760,1.000000,0.250000,0.850000,0.250000,0,0,0,0
51765,1.000000,0.250000,0.850000,0.250000,0,0,0,0
51770,1.000000,0.250000,0.850000,0.250000,0,0,0,0
51775,1.000000,0.250000,0.850000,0.250000,0,0,0,0
51780,1.000000,0.250000,0.850000,0.250000,0,0,0,0
51785,1.000000,0.250000,0.850000,0.250000,0,0,0,0
51790,1.000000,0.250000,0.850000,0.250000,0,0,0,0
51795,1.000000,0.250000,0.850000,0.250000,0,0,0,0
51800,1.000000,0.250000,0.850000,0.250000,0,0,0,0
51805,1.000000,0.250000,0.850000,0.250000,0,0,0,0
51810,1.000000,0.250000,0.850000,0.250000,0,0,0,0
51815,1.000000,0.250000,0.850000,0.250000,0,0,0,0
51820,1.000000,0.250000,0.850000,0.250000,0,0,0,0
51825,1.000000,0.250000,0.850000,0.250000,0,0,0,0
51830,1.000000,0.250000,0.850000,0.250000,0,0,0,0
51835,1.000000,0.250000,0.850000,0.250000,0,0,0,0
51840,1.000000,0.250000,0.850000,0.250000,0,0,0,0
51845,1.000000,0.250000,0.850000,0.250000,0,0,0,0
51850,1.000000,0.250000,0.850000,0.250000,0,0,0,0
51855,1.000000,0.250000,0.850000,0.250000,0,0,0,0
51860,1.000000,0.250000,0.850000,0.250000,0,0,0,0
51865,1.000000,0.250000,0.850000,0.250000,0,0,0,0
51870,1.000000,0.250000,0.850000,0.250000,0,0,0,0
51875,1.000000,0.250000,0.850000,0.250000,0,0,0,0
51880,1.000000,0.250000,0.850000,0.250000,0,0,0,0
51885,1.000000,0.250000,0.850000,0.250000,0,0,0,0
51890,1.000000,0.250000,0.850000,0.250000,0,0,0,0
51895,1.000000,0.250000,0.850000,0.250000,0,0,0,0
51900,1.000000,0.250000,0.850000,0.250000,0,0,0,0
51905,1.000000,0.250000,0.850000,0.250000,0,0,0,0
51910,1.000000,0.250000,0.850000,0.250000,0,0,0,0
51915,1.000000,0.250000,0.850000,0.250000,0,0,0,0
51920,1.000000,0.250000,0.850000,0.250000,0,0,0,0
51925,1.000000,0.250000,0.850000,0.250000,0,0,0,0
51930,1.000000,0.250000,0.850000,0.250000,0,0,0,0
51935,1.000000,0.250000,0.850000,0.250000,0,0,0,0
51940,1.000000,0.250000,0.850000,0.250000,0,0,0,0
51945,1.000000,0.250000,0.850000,0.250000,0,0,0,0
51950,1.000000,0.250000,0.850000,0.250000,0,0,0,0
51955,1.000000,0.250000,0.850000,0.250000,0,0,0,0
51960,1.000000,0.250000,0.850000,0.250000,0,0,0,0
51965,1.000000,0.250000,0.850000,0.250000,0,0,0,0
51970,1.000000,0.250000,0.850000,0.250000,0,0,0,0
51975,1.000000,0.250000,0.850000,0.250000,0,0,0,0
51980,1.000000,0.250000,0.850000,0.250000,0,0,0,0
51985,1.000000,0.250000,0.850000,0.250000,0,0,0,0
51990,1.000000,0.250000,0.850000,0.250000,0,0,0,0
51995,1.000000,0.250000,0.850000,0.250000,0,0,0,0
52000,1.000000,0.250000,0.850000,0.250000,0,0,0,0
52005,1.000000,0.250000,0.850000,0.250000,0,0,0,0
52010,1.000000,0.250000,0.850000,0.250000,0,0,0,0
52015,1.000000,0.250000,0.850000,0.250000,0,0,0,0
52020,1.000000,0.250000,0.850000,0.250000,0,0,0,0
52025,1.000000,0.250000,0.850000,0.250000,0,0,0,0
52030,1.000000,0.250000,0.850000,0.250000,0,0,0,0
52035,1.000000,0.250000,0.850000,0.250000,0,0,0,0
52040,1.000000,0.250000,0.850000,0.250000,0,0,0,0
52045,1.000000,0.250000,0.850000,0.250000,0,0,0,0
52050,1.000000,0.250000,0.850000,0.250000,0,0,0,0
52055,1.000000,0.250000,0.850000,0.250000,0,0,0,0
52060,1.000000,0.250000,0.850000,0.250000,0,0,0,0
52065,1.000000,0.250000,0.850000,0.250000,0,0,0,0
52070,1.000000,0.250000,0.850000,0.250000,0,0,0,0
52075,1.000000,0.250000,0.850000,0.250000,0,0,0,0
52080,1.000000,0.250000,0.850000,0.250000,0,0,0,0
52085,1.000000,0.250000,0.850000,0.250000,0,0,0,0
52090,1.000000,0.250000,0.850000,0.250000,0,0,0,0
52095,1.000000,0.250000,0.850000,0.250000,0,0,0,0
52100,1.000000,0.250000,0.850000,0.250000,0,0,0,0
52105,1.000000,0.250000,0.850000,0.250000,0,0,0,0
52110,1.000000,0.250000,0.850000,0.250000,0,0,0,0
52115,1.000000,0.250000,0.850000,0.250000,0,0,0,0
52120,1.000000,0.250000,0.850000,0.250000,0,0,0,0
52125,1.000000,0.250000,0.850000,0.250000,0,0,0,0
52130,1.000000,0.250000,0.850000,0.250000,0,0,0,0
52135,1.000000,0.250000,0.850000,0.250000,0,0,0,0
52140,1.000000,0.250000,0.850000,0.250000,0,0,0,0
52145,1.000000,0.250000,0.850000,0.250000,0,0,0,0
52150,1.000000,0.250000,0.850000,0.250000,0,0,0,0
52155,1.000000,0.250000,0.850000,0.250000,0,0,0,0
52160,1.000000,0.250000,0.850000,0.250000,0,0,0,0
52165,1.000000,0.250000,0.850000,0.250000,0,0,0,0
52170,1.000000,0.250000,0.850000,0.250000,0,0,0,0
52175,1.000000,0.250000,0.850000,0.250000,0,0,0,0
52180,1.000000,0.250000,0.850000,0.250000,0,0,0,0
52185,1.000000,0.250000,0.850000,0.250000,0,0,0,0
52190,1.000000,0.250000,0.850000,0.250000,0,0,0,0
52195,1.000000,0.250000,0.850000,0.250000,0,0,0,0
52200,1.000000,0.250000,0.850000,0.250000,0,0,0,0
52205,1.000000,0.250000,0.850000,0.250000,0,0,0,0
52210,1.000000,0.250000,0.850000,0.250000,0,0,0,0
52215,1.000000,0.250000,0.850000,0.250000,0,0,0,0
52220,1.000000,0.250000,0.850000,0.250000,0,0,0,0
52225,1.000000,0.250000,0.850000,0.250000,0,0,0,0
52230,1.000000,0.250000,0.850000,0.250000,0,0,0,0
52235,1.000000,0.250000,0.850000,0.250000,0,0,0,0
52240,1.000000,0.250000,0.850000,0.250000,0,0,0,0
52245,1.000000,0.250000,0.850000,0.250000,0,0,0,0
52250,1.000000,0.250000,0.850000,0.250000,0,0,0,0
52255,1.000000,0.250000,0.850000,0.250000,0,0,0,0
52260,1.000000,0.250000,0.850000,0.250000,0,0,0,0
52265,1.000000,0.250000,0.850000,0.250000,0,0,0,0
52270,1.000000,0.250000,0.850000,0.250000,0,0,0,0
52275,1.000000,0.250000,0.850000,0.250000,0,0,0,0
52280,1.000000,0.250000,0.850000,0.250000,0,0,0,0
52285,1.000000,0.250000,0.850000,0.250000,0,0,0,0
52290,1.000000,0.250000,0.850000,0.250000,0,0,0,0
52295,1.000000,0.250000,0.850000,0.250000,0,0,0,0
52300,1.000000,0.250000,0.850000,0.250000,0,0,0,0
52305,1.000000,0.250000,0.850000,0.250000,0,0,0,0
52310,1.000000,0.250000,0.850000,0.250000,0,0,0,0
52315,1.000000,0.250000,0.850000,0.250000,0,0,0,0
52320,1.000000,0.250000,0.850000,0.250000,0,0,0,0
52325,1.000000,0.250000,0.850000,0.250000,0,0,0,0
52330,1.000000,0.250000,0.850000,0.250000,0,0,0,0
52335,1.000000,0.250000,0.850000,0.250000,0,0,0,0
52340,1.000000,0.250000,0.850000,0.250000,0,0,0,0
52345,1.000000,0.250000,0.850000,0.250000,0,0,0,0
52350,1.000000,0.250000,0.850000,0.250000,0,0,0,0
52355,1.000000,0.250000,0.850000,0.250000,0,0,0,0
52360,1.000000,0.250000,0.850000,0.250000,0,0,0,0
52365,1.000000,0.250000,0.850000,0.250000,0,0,0,0
52370,1.000000,0.250000,0.850000,0.250000,0,0,0,0
52375,1.000000,0.250000,0.850000,0.250000,0,0,0,0
52380,1.000000,0.250000,0.850000,0.250000,0,0,0,0
52385,1.000000,0.250000,0.850000,0.250000,0,0,0,0
52390,1.000000,0.250000,0.850000,0.250000,0,0,0,0
52395,1.000000,0.250000,0.850000,0.250000,0,0,0,0
52400,1.000000,0.250000,0.850000,0.250000,0,0,0,0
52405,1.000000,0.250000,0.850000,0.250000,0,0,0,0
52410,1.000000,0.250000,0.850000,0.250000,0,0,0,0
52415,1.000000,0.250000,0.850000,0.250000,0,0,0,0
52420,1.000000,0.250000,0.850000,0.250000,0,0,0,0
52425,1.000000,0.250000,0.850000,0.250000,0,0,0,0
52430,1.000000,0.250000,0.850000,0.250000,0,0,0,0
52435,1.000000,0.250000,0.850000,0.250000,0,0,0,0
52440,1.000000,0.250000,0.850000,0.250000,0,0,0,0
52445,1.000000,0.250000,0.850000,0.250000,0,0,0,0
52450,1.000000,0.250000,0.850000,0.250000,0,0,0,0
52455,1.000000,0.250000,0.850000,0.250000,0,0,0,0
52460,1.000000,0.250000,0.850000,0.250000,0,0,0,0
52465,1.000000,0.250000,0.850000,0.250000,0,0,0,0
52470,1.000000,0.250000,0.850000,0.250000,0,0,0,0
52475,1.000000,0.250000,0.850000,0.250000,0,0,0,0
52480,1.000000,0.250000,0.850000,0.250000,0,0,0,0
52485,1.000000,0.250000,0.850000,0.250000,0,0,0,0
52490,1.000000,0.250000,0.850000,0.250000,0,0,0,0
52495,1.000000,0.250000,0.850000,0.250000,0,0,0,0
52500,1.000000,0.250000,0.850000,0.250000,0,0,0,0
52505,1.000000,0.250000,0.850000,0.250000,0,0,0,0
52510,1.000000,0.250000,0.850000,0.250000,0,0,0,0
52515,1.000000,0.250000,0.850000,0.250000,0,0,0,0
52520,1.000000,0.250000,0.850000,0.250000,0,0,0,0
52525,1.000000,0.250000,0.850000,0.250000,0,0,0,0
52530,1.000000,0.250000,0.850000,0.250000,0,0,0,0
52535,1.000000,0.250000,0.850000,0.250000,0,0,0,0
52540,1.000000,0.250000,0.850000,0.250000,0,0,0,0
52545,1.000000,0.250000,0.850000,0.250000,0,0,0,0
52550,1.000000,0.250000,0.850000,0.250000,0,0,0,0
52555,1.000000,0.250000,0.850000,0.250000,0,0,0,0
52560,1.000000,0.250000,0.850000,0.250000,0,0,0,0
52565,1.000000,0.250000,0.850000,0.250000,0,0,0,0
52570,1.000000,0.250000,0.850000,0.250000,0,0,0,0
52575,1.000000,0.250000,0.850000,0.250000,0,0,0,0
52580,1.000000,0.250000,0.850000,0.250000,0,0,0,0
52585,1.000000,0.250000,0.850000,0.250000,0,0,0,0
52590,1.000000,0.250000,0.850000,0.250000,0,0,0,0
52595,1.000000,0.250000,0.850000,0.250000,0,0,0,0
52600,1.000000,0.250000,0.850000,0.250000,0,0,0,0
52605,1.000000,0.250000,0.850000,0.250000,0,0,0,0
52610,1.000000,0.250000,0.850000,0.250000,0,0,0,0
52615,1.000000,0.250000,0.850000,0.250000,0,0,0,0
52620,1.000000,0.250000,0.850000,0.250000,0,0,0,0
52625,1.000000,0.250000,0.850000,0.250000,0,0,0,0
52630,1.000000,0.250000,0.850000,0.250000,0,0,0,0
52635,1.000000,0.250000,0.850000,0.250000,0,0,0,0
52640,1.000000,0.250000,0.850000,0.250000,0,0,0,0
52645,1.000000,0.250000,0.850000,0.250000,0,0,0,0
52650,1.000000,0.250000,0.850000,0.250000,0,0,0,0
52655,1.000000,0.250000,0.850000,0.250000,0,0,0,0
52660,1.000000,0.250000,0.850000,0.250000,0,0,0,0
52665,1.000000,0.250000,0.850000,0.250000,0,0,0,0
52670,1.000000,0.250000,0.850000,0.250000,0,0,0,0
52675,1.000000,0.250000,0.850000,0.250000,0,0,0,0
52680,1.000000,0.250000,0.850000,0.250000,0,0,0,0
52685,1.000000,0.250000,0.850000,0.250000,0,0,0,0
52690,1.000000,0.250000,0.850000,0.250000,0,0,0,0
52695,1.000000,0.250000,0.850000,0.250000,0,0,0,0
52700,1.000000,0.250000,0.850000,0.250000,0,0,0,0
52705,1.000000,0.250000,0.850000,0.250000,0,0,0,0
52710,1.000000,0.250000,0.850000,0.250000,0,0,0,0
52715,1.000000,0.250000,0.850000,0.250000,0,0,0,0
52720,1.000000,0.250000,0.850000,0.250000,0,0,0,0
52725,1.000000,0.250000,0.850000,0.250000,0,0,0,0
52730,1.000000,0.250000,0.850000,0.250000,0,0,0,0
52735,1.000000,0.250000,0.850000,0.250000,0,0,0,0
52740,1.000000,0.250000,0.850000,0.250000,0,0,0,0
52745,1.000000,0.250000,0.850000,0.250000,0,0,0,0
52750,1.000000,0.250000,0.850000,0.250000,0,0,0,0
52755,1.000000,0.250000,0.850000,0.250000,0,0,0,0
52760,1.000000,0.250000,0.850000,0.250000,0,0,0,0
52765,1.000000,0.250000,0.850000,0.250000,0,0,0,0
52770,1.000000,0.250000,0.850000,0.250000,0,0,0,0
52775,1.000000,0.250000,0.850000,0.250000,0,0,0,0
52780,1.000000,0.250000,0.850000,0.250000,0,0,0,0
52785,1.000000,0.250000,0.850000,0.250000,0,0,0,0
52790,1.000000,0.250000,0.850000,0.250000,0,0,0,0
52795,1.000000,0.250000,0.850000,0.250000,0,0,0,0
52800,1.000000,0.250000,0.850000,0.250000,0,0,0,0
52805,1.000000,0.250000,0.850000,0.250000,0,0,0,0
52810,1.000000,0.250000,0.850000,0.250000,0,0,0,0
52815,1.000000,0.250000,0.850000,0.250000,0,0,0,0
52820,1.000000,0.250000,0.850000,0.250000,0,0,0,0
52825,1.000000,0.250000,0.850000,0.250000,0,0,0,0
52830,1.000000,0.250000,0.850000,0.250000,0,0,0,0
52835,1.000000,0.250000,0.850000,0.250000,0,0,0,0
52840,1.000000,0.250000,0.850000,0.250000,0,0,0,0
52845,1.000000,0.250000,0.850000,0.250000,0,0,0,0
52850,1.000000,0.250000,0.850000,0.250000,0,0,0,0
52855,1.000000,0.250000,0.850000,0.250000,0,0,0,0
52860,1.000000,0.250000,0.850000,0.250000,0,0,0,0
52865,1.000000,0.250000,0.850000,0.250000,0,0,0,0
52870,1.000000,0.250000,0.850000,0.250000,0,0,0,0
52875,1.000000,0.250000,0.850000,0.250000,0,0,0,0
52880,1.000000,0.250000,0.850000,0.250000,0,0,0,0
52885,1.000000,0.250000,0.850000,0.250000,0,0,0,0
52890,1.000000,0.250000,0.850000,0.250000,0,0,0,0
52895,1.000000,0.250000,0.850000,0.250000,0,0,0,0
52900,1.000000,0.250000,0.850000,0.250000,0,0,0,0
52905,1.000000,0.250000,0.850000,0.250000,0,0,0,0
52910,1.000000,0.250000,0.850000,0.250000,0,0,0,0
52915,1.000000,0.250000,0.850000,0.250000,0,0,0,0
52920,1.000000,0.250000,0.850000,0.250000,0,0,0,0
52925,1.000000,0.250000,0.850000,0.250000,0,0,0,0
52930,1.000000,0.250000,0.850000,0.250000,0,0,0,0
52935,1.000000,0.250000,0.850000,0.250000,0,0,0,0
52940,1.000000,0.250000,0.850000,0.250000,0,0,0,0
52945,1.000000,0.250000,0.850000,0.250000,0,0,0,0
52950,1.000000,0.250000,0.850000,0.250000,0,0,0,0
52955,1.000000,0.250000,0.850000,0.250000,0,0,0,0
52960,1.000000,0.250000,0.850000,0.250000,0,0,0,0
52965,1.000000,0.250000,0.850000,0.250000,0,0,0,0
52970,1.000000,0.250000,0.850000,0.250000,0,0,0,0
52975,1.000000,0.250000,0.850000,0.250000,0,0,0,0
52980,1.000000,0.250000,0.850000,0.250000,0,0,0,0
52985,1.000000,0.250000,0.850000,0.250000,0,0,0,0
52990,1.000000,0.250000,0.850000,0.250000,0,0,0,0
52995,1.000000,0.250000,0.850000,0.250000,0,0,0,0
53000,1.000000,0.250000,0.850000,0.250000,0,0,0,0
53005,1.000000,0.250000,0.850000,0.250000,0,0,0,0
53010,1.000000,0.250000,0.850000,0.250000,0,0,0,0
53015,1.000000,0.250000,0.850000,0.250000,0,0,0,0
53020,1.000000,0.250000,0.850000,0.250000,0,0,0,0
53025,1.000000,0.250000,0.850000,0.250000,0,0,0,0
53030,1.000000,0.250000,0.850000,0.250000,0,0,0,0
53035,1.000000,0.250000,0.850000,0.250000,0,0,0,0
53040,1.000000,0.250000,0.850000,0.250000,0,0,0,0
53045,1.000000,0.250000,0.850000,0.250000,0,0,0,0
53050,1.000000,0.250000,0.850000,0.250000,0,0,0,0
53055,1.000000,0.250000,0.850000,0.250000,0,0,0,0
53060,1.000000,0.250000,0.850000,0.250000,0,0,0,0
53065,1.000000,0.250000,0.850000,0.250000,0,0,0,0
53070,1.000000,0.250000,0.850000,0.250000,0,0,0,0
53075,1.000000,0.250000,0.850000,0.250000,0,0,0,0
53080,1.000000,0.250000,0.850000,0.250000,0,0,0,0
53085,1.000000,0.250000,0.850000,0.250000,0,0,0,0
53090,1.000000,0.250000,0.850000,0.250000,0,0,0,0
53095,1.000000,0.250000,0.850000,0.250000,0,0,0,0
53100,1.000000,0.250000,0.850000,0.250000,0,0,0,0
53105,1.000000,0.250000,0.850000,0.250000,0,0,0,0
53110,1.000000,0.250000,0.850000,0.250000,0,0,0,0
53115,1.000000,0.250000,0.850000,0.250000,0,0,0,0
53120,1.000000,0.250000,0.850000,0.250000,0,0,0,0
53125,1.000000,0.250000,0.850000,0.250000,0,0,0,0
53130,1.000000,0.250000,0.850000,0.250000,0,0,0,0
53135,1.000000,0.250000,0.850000,0.250000,0,0,0,0
53140,1.000000,0.250000,0.850000,0.250000,0,0,0,0
53145,1.000000,0.250000,0.850000,0.250000,0,0,0,0
53150,1.000000,0.250000,0.850000,0.250000,0,0,0,0
53155,1.000000,0.250000,0.850000,0.250000,0,0,0,0
53160,1.000000,0.250000,0.850000,0.250000,0,0,0,0
53165,1.000000,0.250000,0.850000,0.250000,0,0,0,0
53170,1.000000,0.250000,0.850000,0.250000,0,0,0,0
53175,1.000000,0.250000,0.850000,0.250000,0,0,0,0
53180,1.000000,0.250000,0.850000,0.250000,0,0,0,0
53185,1.000000,0.250000,0.850000,0.250000,0,0,0,0
53190,1.000000,0.250000,0.850000,0.250000,0,0,0,0
53195,1.000000,0.250000,0.850000,0.250000,0,0,0,0
53200,1.000000,0.250000,0.850000,0.250000,0,0,0,0
53205,1.000000,0.250000,0.850000,0.250000,0,0,0,0
53210,1.000000,0.250000,0.850000,0.250000,0,0,0,0
53215,1.000000,0.250000,0.850000,0.250000,0,0,0,0
53220,1.000000,0.250000,0.850000,0.250000,0,0,0,0
53225,1.000000,0.250000,0.850000,0.250000,0,0,0,0
53230,1.000000,0.250000,0.850000,0.250000,0,0,0,0
53235,1.000000,0.250000,0.850000,0.250000,0,0,0,0
53240,1.000000,0.250000,0.850000,0.250000,0,0,0,0
53245,1.000000,0.250000,0.850000,0.250000,0,0,0,0
53250,1.000000,0.250000,0.850000,0.250000,0,0,0,0
53255,1.000000,0.250000,0.850000,0.250000,0,0,0,0
53260,1.000000,0.250000,0.850000,0.250000,0,0,0,0
53265,1.000000,0.250000,0.850000,0.250000,0,0,0,0
53270,1.000000,0.250000,0.850000,0.250000,0,0,0,0
53275,1.000000,0.250000,0.850000,0.250000,0,0,0,0
53280,1.000000,0.250000,0.850000,0.250000,0,0,0,0
53285,1.000000,0.250000,0.850000,0.250000,0,0,0,0
53290,1.000000,0.250000,0.850000,0.250000,0,0,0,0
53295,1.000000,0.250000,0.850000,0.250000,0,0,0,0
53300,1.000000,0.250000,0.850000,0.250000,0,0,0,0
53305,1.000000,0.250000,0.850000,0.250000,0,0,0,0
53310,1.000000,0.250000,0.850000,0.250000,0,0,0,0
53315,1.000000,0.250000,0.850000,0.250000,0,0,0,0
53320,1.000000,0.250000,0.850000,0.250000,0,0,0,0
53325,1.000000,0.250000,0.850000,0.250000,0,0,0,0
53330,1.000000,0.250000,0.850000,0.250000,0,0,0,0
53335,1.000000,0.250000,0.850000,0.250000,0,0,0,0
53340,1.000000,0.250000,0.850000,0.250000,0,0,0,0
53345,1.000000,0.250000,0.850000,0.250000,0,0,0,0
53350,1.000000,0.250000,0.850000,0.250000,0,0,0,0
53355,1.000000,0.250000,0.850000,0.250000,0,0,0,0
53360,1.000000,0.250000,0.850000,0.250000,0,0,0,0
53365,1.000000,0.250000,0.850000,0.250000,0,0,0,0
53370,1.000000,0.250000,0.850000,0.250000,0,0,0,0
53375,1.000000,0.250000,0.850000,0.250000,0,0,0,0
53380,1.000000,0.250000,0.850000,0.250000,0,0,0,0
53385,1.000000,0.250000,0.850000,0.250000,0,0,0,0
53390,1.000000,0.250000,0.850000,0.250000,0,0,0,0
53395,1.000000,0.250000,0.850000,0.250000,0,0,0,0
53400,1.000000,0.250000,0.850000,0.250000,0,0,0,0
53405,1.000000,0.250000,0.850000,0.250000,0,0,0,0
53410,1.000000,0.250000,0.850000,0.250000,0,0,0,0
53415,1.000000,0.250000,0.850000,0.250000,0,0,0,0
53420,1.000000,0.250000,0.850000,0.250000,0,0,0,0
53425,1.000000,0.250000,0.850000,0.250000,0,0,0,0
53430,1.000000,0.250000,0.850000,0.250000,0,0,0,0
53435,1.000000,0.250000,0.850000,0.250000,0,0,0,0
53440,1.000000,0.250000,0.850000,0.250000,0,0,0,0
53445,1.000000,0.250000,0.850000,0.250000,0,0,0,0
53450,1.000000,0.250000,0.850000,0.250000,0,0,0,0
53455,1.000000,0.250000,0.850000,0.250000,0,0,0,0
53460,1.000000,0.250000,0.850000,0.250000,0,0,0,0
53465,1.000000,0.250000,0.850000,0.250000,0,0,0,0
53470,1.000000,0.250000,0.850000,0.250000,0,0,0,0
53475,1.000000,0.250000,0.850000,0.250000,0,0,0,0
53480,1.000000,0.250000,0.850000,0.250000,0,0,0,0
53485,1.000000,0.250000,0.850000,0.250000,0,0,0,0
53490,1.000000,0.250000,0.850000,0.250000,0,0,0,0
53495,1.000000,0.250000,0.850000,0.250000,0,0,0,0
53500,1.000000,0.250000,0.850000,0.250000,0,0,0,0
53505,1.000000,0.250000,0.850000,0.250000,0,0,0,0
53510,1.000000,0.250000,0.850000,0.250000,0,0,0,0
53515,1.000000,0.250000,0.850000,0.250000,0,0,0,0
53520,1.000000,0.250000,0.850000,0.250000,0,0,0,0
53525,1.000000,0.250000,0.850000,0.250000,0,0,0,0
53530,1.000000,0.250000,0.850000,0.250000,0,0,0,0
53535,1.000000,0.250000,0.850000,0.250000,0,0,0,0
53540,1.000000,0.250000,0.850000,0.250000,0,0,0,0
53545,1.000000,0.250000,0.850000,0.250000,0,0,0,0
53550,1.000000,0.250000,0.850000,0.250000,0,0,0,0
53555,1.000000,0.250000,0.850000,0.250000,0,0,0,0
53560,1.000000,0.250000,0.850000,0.250000,0,0,0,0
53565,1.000000,0.250000,0.850000,0.250000,0,0,0,0
53570,1.000000,0.250000,0.850000,0.250000,0,0,0,0
53575,1.000000,0.250000,0.850000,0.250000,0,0,0,0
53580,1.000000,0.250000,0.850000,0.250000,0,0,0,0
53585,1.000000,0.250000,0.850000,0.250000,0,0,0,0
53590,1.000000,0.250000,0.850000,0.250000,0,0,0,0
53595,1.000000,0.250000,0.850000,0.250000,0,0,0,0
53600,1.000000,0.250000,0.850000,0.250000,0,0,0,0
53605,1.000000,0.250000,0.850000,0.250000,0,0,0,0
53610,1.000000,0.250000,0.850000,0.250000,0,0,0,0
53615,1.000000,0.250000,0.850000,0.250000,0,0,0,0
53620,1.000000,0.250000,0.850000,0.250000,0,0,0,0
53625,1.000000,0.250000,0.850000,0.250000,0,0,0,0
53630,1.000000,0.250000,0.850000,0.250000,0,0,0,0
53635,1.000000,0.250000,0.850000,0.250000,0,0,0,0
53640,1.000000,0.250000,0.850000,0.250000,0,0,0,0
53645,1.000000,0.250000,0.850000,0.250000,0,0,0,0
53650,1.000000,0.250000,0.850000,0.250000,0,0,0,0
53655,1.000000,0.250000,0.850000,0.250000,0,0,0,0
53660,1.000000,0.250000,0.850000,0.250000,0,0,0,0
53665,1.000000,0.250000,0.850000,0.250000,0,0,0,0
53670,1.000000,0.250000,0.850000,0.250000,0,0,0,0
53675,1.000000,0.250000,0.850000,0.250000,0,0,0,0
53680,1.000000,0.250000,0.850000,0.250000,0,0,0,0
53685,1.000000,0.250000,0.850000,0.250000,0,0,0,0
53690,1.000000,0.250000,0.850000,0.250000,0,0,0,0
53695,1.000000,0.250000,0.850000,0.250000,0,0,0,0
53700,1.000000,0.250000,0.850000,0.250000,0,0,0,0
53705,1.000000,0.250000,0.850000,0.250000,0,0,0,0
53710,1.000000,0.250000,0.850000,0.250000,0,0,0,0
53715,1.000000,0.250000,0.850000,0.250000,0,0,0,0
53720,1.000000,0.250000,0.850000,0.250000,0,0,0,0
53725,1.000000,0.250000,0.850000,0.250000,0,0,0,0
53730,1.000000,0.250000,0.850000,0.250000,0,0,0,0
53735,1.000000,0.250000,0.850000,0.250000,0,0,0,0
53740,1.000000,0.250000,0.850000,0.250000,0,0,0,0
53745,1.000000,0.250000,0.850000,0.250000,0,0,0,0
53750,1.000000,0.250000,0.850000,0.250000,0,0,0,0
53755,1.000000,0.250000,0.850000,0.250000,0,0,0,0
53760,1.000000,0.250000,0.850000,0.250000,0,0,0,0
53765,1.000000,0.250000,0.850000,0.250000,0,0,0,0
53770,1.000000,0.250000,0.850000,0.250000,0,0,0,0
53775,1.000000,0.250000,0.850000,0.250000,0,0,0,0
53780,1.000000,0.250000,0.850000,0.250000,0,0,0,0
53785,1.000000,0.250000,0.850000,0.250000,0,0,0,0
53790,1.000000,0.250000,0.850000,0.250000,0,0,0,0
53795,1.000000,0.250000,0.850000,0.250000,0,0,0,0
53800,1.000000,0.250000,0.850000,0.250000,0,0,0,0
53805,1.000000,0.250000,0.850000,0.250000,0,0,0,0
53810,1.000000,0.250000,0.850000,0.250000,0,0,0,0
53815,1.000000,0.250000,0.850000,0.250000,0,0,0,0
53820,1.000000,0.250000,0.850000,0.250000,0,0,0,0
53825,1.000000,0.250000,0.850000,0.250000,0,0,0,0
53830,1.000000,0.250000,0.850000,0.250000,0,0,0,0
53835,1.000000,0.250000,0.850000,0.250000,0,0,0,0
53840,1.000000,0.250000,0.850000,0.250000,0,0,0,0
53845,1.000000,0.250000,0.850000,0.250000,0,0,0,0
53850,1.000000,0.250000,0.850000,0.250000,0,0,0,0
53855,1.000000,0.250000,0.850000,0.250000,0,0,0,0
53860,1.000000,0.250000,0.850000,0.250000,0,0,0,0
53865,1.000000,0.250000,0.850000,0.250000,0,0,0,0
53870,1.000000,0.250000,0.850000,0.250000,0,0,0,0
53875,1.000000,0.250000,0.850000,0.250000,0,0,0,0
53880,1.000000,0.250000,0.850000,0.250000,0,0,0,0
53885,1.000000,0.250000,0.850000,0.250000,0,0,0,0
53890,1.000000,0.250000,0.850000,0.250000,0,0,0,0
53895,1.000000,0.250000,0.850000,0.250000,0,0,0,0
53900,1.000000,0.250000,0.850000,0.250000,0,0,0,0
53905,1.000000,0.250000,0.850000,0.250000,0,0,0,0
53910,1.000000,0.250000,0.850000,0.250000,0,0,0,0
53915,1.000000,0.250000,0.850000,0.250000,0,0,0,0
53920,1.000000,0.250000,0.850000,0.250000,0,0,0,0
53925,1.000000,0.250000,0.850000,0.250000,0,0,0,0
53930,1.000000,0.250000,0.850000,0.250000,0,0,0,0
53935,1.000000,0.250000,0.850000,0.250000,0,0,0,0
53940,1.000000,0.250000,0.850000,0.250000,0,0,0,0
53945,1.000000,0.250000,0.850000,0.250000,0,0,0,0
53950,1.000000,0.250000,0.850000,0.250000,0,0,0,0
53955,1.000000,0.250000,0.850000,0.250000,0,0,0,0
53960,1.000000,0.250000,0.850000,0.250000,0,0,0,0
53965,1.000000,0.250000,0.850000,0.250000,0,0,0,0
53970,1.000000,0.250000,0.850000,0.250000,0,0,0,0
53975,1.000000,0.250000,0.850000,0.250000,0,0,0,0
53980,1.000000,0.250000,0.850000,0.250000,0,0,0,0
53985,1.000000,0.250000,0.850000,0.250000,0,0,0,0
53990,1.000000,0.250000,0.850000,0.250000,0,0,0,0
53995,1.000000,0.250000,0.850000,0.250000,0,0,0,0
54000,1.000000,0.250000,0.850000,0.250000,0,0,0,0
54005,1.000000,0.250000,0.850000,0.250000,0,0,0,0
54010,1.000000,0.250000,0.850000,0.250000,0,0,0,0
54015,1.000000,0.250000,0.850000,0.250000,0,0,0,0
54020,1.000000,0.250000,0.850000,0.250000,0,0,0,0
54025,1.000000,0.250000,0.850000,0.250000,0,0,0,0
54030,1.000000,0.250000,0.850000,0.250000,0,0,0,0
54035,1.000000,0.250000,0.850000,0.250000,0,0,0,0
54040,1.000000,0.250000,0.850000,0.250000,0,0,0,0
54045,1.000000,0.250000,0.850000,0.250000,0,0,0,0
54050,1.000000,0.250000,0.850000,0.250000,0,0,0,0
54055,1.000000,0.250000,0.850000,0.250000,0,0,0,0
54060,1.000000,0.250000,0.850000,0.250000,0,0,0,0
54065,1.000000,0.250000,0.850000,0.250000,0,0,0,0
54070,1.000000,0.250000,0.850000,0.250000,0,0,0,0
54075,1.000000,0.250000,0.850000,0.250000,0,0,0,0
54080,1.000000,0.250000,0.850000,0.250000,0,0,0,0
54085,1.000000,0.250000,0.850000,0.250000,0,0,0,0
54090,1.000000,0.250000,0.850000,0.250000,0,0,0,0
54095,1.000000,0.250000,0.850000,0.250000,0,0,0,0
54100,1.000000,0.250000,0.850000,0.250000,0,0,0,0
54105,1.000000,0.250000,0.850000,0.250000,0,0,0,0
54110,1.000000,0.250000,0.850000,0.250000,0,0,0,0
54115,1.000000,0.250000,0.850000,0.250000,0,0,0,0
54120,1.000000,0.250000,0.850000,0.250000,0,0,0,0
54125,1.000000,0.250000,0.850000,0.250000,0,0,0,0
54130,1.000000,0.250000,0.850000,0.250000,0,0,0,0
54135,1.000000,0.250000,0.850000,0.250000,0,0,0,0
54140,1.000000,0.250000,0.850000,0.250000,0,0,0,0
54145,1.000000,0.250000,0.850000,0.250000,0,0,0,0
54150,1.000000,0.250000,0.850000,0.250000,0,0,0,0
54155,1.000000,0.250000,0.850000,0.250000,0,0,0,0
54160,1.000000,0.250000,0.850000,0.250000,0,0,0,0
54165,1.000000,0.250000,0.850000,0.250000,0,0,0,0
54170,1.000000,0.250000,0.850000,0.250000,0,0,0,0
54175,1.000000,0.250000,0.850000,0.250000,0,0,0,0
54180,1.000000,0.250000,0.850000,0.250000,0,0,0,0
54185,1.000000,0.250000,0.850000,0.250000,0,0,0,0
54190,1.000000,0.250000,0.850000,0.250000,0,0,0,0
54195,1.000000,0.250000,0.850000,0.250000,0,0,0,0
54200,1.000000,0.250000,0.850000,0.250000,0,0,0,0
54205,1.000000,0.250000,0.850000,0.250000,0,0,0,0
54210,1.000000,0.250000,0.850000,0.250000,0,0,0,0
54215,1.000000,0.250000,0.850000,0.250000,0,0,0,0
54220,1.000000,0.250000,0.850000,0.250000,0,0,0,0
54225,1.000000,0.250000,0.850000,0.250000,0,0,0,0
54230,1.000000,0.250000,0.850000,0.250000,0,0,0,0
54235,1.000000,0.250000,0.850000,0.250000,0,0,0,0
54240,1.000000,0.250000,0.850000,0.250000,0,0,0,0
54245,1.000000,0.250000,0.850000,0.250000,0,0,0,0
54250,1.000000,0.250000,0.850000,0.250000,0,0,0,0
54255,1.000000,0.250000,0.850000,0.250000,0,0,0,0
54260,1.000000,0.250000,0.850000,0.250000,0,0,0,0
54265,1.000000,0.250000,0.850000,0.250000,0,0,0,0
54270,1.000000,0.250000,0.850000,0.250000,0,0,0,0
54275,1.000000,0.250000,0.850000,0.250000,0,0,0,0
54280,1.000000,0.250000,0.850000,0.250000,0,0,0,0
54285,1.000000,0.250000,0.850000,0.250000,0,0,0,0
54290,1.000000,0.250000,0.850000,0.250000,0,0,0,0
54295,1.000000,0.250000,0.850000,0.250000,0,0,0,0
54300,1.000000,0.250000,0.850000,0.250000,0,0,0,0
54305,1.000000,0.250000,0.850000,0.250000,0,0,0,0
54310,1.000000,0.250000,0.850000,0.250000,0,0,0,0
54315,1.000000,0.250000,0.850000,0.250000,0,0,0,0
54320,1.000000,0.250000,0.850000,0.250000,0,0,0,0
54325,1.000000,0.250000,0.850000,0.250000,0,0,0,0
54330,1.000000,0.250000,0.850000,0.250000,0,0,0,0
54335,1.000000,0.250000,0.850000,0.250000,0,0,0,0
54340,1.000000,0.250000,0.850000,0.250000,0,0,0,0
54345,1.000000,0.250000,0.850000,0.250000,0,0,0,0
54350,1.000000,0.250000,0.850000,0.250000,0,0,0,0
54355,1.000000,0.250000,0.850000,0.250000,0,0,0,0
54360,1.000000,0.250000,0.850000,0.250000,0,0,0,0
54365,1.000000,0.250000,0.850000,0.250000,0,0,0,0
54370,1.000000,0.250000,0.850000,0.250000,0,0,0,0
54375,1.000000,0.250000,0.850000,0.250000,0,0,0,0
54380,1.000000,0.250000,0.850000,0.250000,0,0,0,0
54385,1.000000,0.250000,0.850000,0.250000,0,0,0,0
54390,1.000000,0.250000,0.850000,0.250000,0,0,0,0
54395,1.000000,0.250000,0.850000,0.250000,0,0,0,0
54400,1.000000,0.250000,0.850000,0.250000,0,0,0,0
54405,1.000000,0.250000,0.850000,0.250000,0,0,0,0
54410,1.000000,0.250000,0.850000,0.250000,0,0,0,0
54415,1.000000,0.250000,0.850000,0.250000,0,0,0,0
54420,1.000000,0.250000,0.850000,0.250000,0,0,0,0
54425,1.000000,0.250000,0.850000,0.250000,0,0,0,0
54430,1.000000,0.250000,0.850000,0.250000,0,0,0,0
54435,1.000000,0.250000,0.850000,0.250000,0,0,0,0
54440,1.000000,0.250000,0.850000,0.250000,0,0,0,0
54445,1.000000,0.250000,0.850000,0.250000,0,0,0,0
54450,1.000000,0.250000,0.850000,0.250000,0,0,0,0
54455,1.000000,0.250000,0.850000,0.250000,0,0,0,0
54460,1.000000,0.250000,0.850000,0.250000,0,0,0,0
54465,1.000000,0.250000,0.850000,0.250000,0,0,0,0
54470,1.000000,0.250000,0.850000,0.250000,0,0,0,0
54475,1.000000,0.250000,0.850000,0.250000,0,0,0,0
54480,1.000000,0.250000,0.850000,0.250000,0,0,0,0
54485,1.000000,0.250000,0.850000,0.250000,0,0,0,0
54490,1.000000,0.250000,0.850000,0.250000,0,0,0,0
54495,1.000000,0.250000,0.850000,0.250000,0,0,0,0
54500,1.000000,0.250000,0.850000,0.250000,0,0,0,0
54505,1.000000,0.250000,0.850000,0.250000,0,0,0,0
54510,1.000000,0.250000,0.850000,0.250000,0,0,0,0
54515,1.000000,0.250000,0.850000,0.250000,0,0,0,0
54520,1.000000,0.250000,0.850000,0.250000,0,0,0,0
54525,1.000000,0.250000,0.850000,0.250000,0,0,0,0
54530,1.000000,0.250000,0.850000,0.250000,0,0,0,0
54535,1.000000,0.250000,0.850000,0.250000,0,0,0,0
54540,1.000000,0.250000,0.850000,0.250000,0,0,0,0
54545,1.000000,0.250000,0.850000,0.250000,0,0,0,0
54550,1.000000,0.250000,0.850000,0.250000,0,0,0,0
54555,1.000000,0.250000,0.850000,0.250000,0,0,0,0
54560,1.000000,0.250000,0.850000,0.250000,0,0,0,0
54565,1.000000,0.250000,0.850000,0.250000,0,0,0,0
54570,1.000000,0.250000,0.850000,0.250000,0,0,0,0
54575,1.000000,0.250000,0.850000,0.250000,0,0,0,0
54580,1.000000,0.250000,0.850000,0.250000,0,0,0,0
54585,1.000000,0.250000,0.850000,0.250000,0,0,0,0
54590,1.000000,0.250000,0.850000,0.250000,0,0,0,0
54595,1.000000,0.250000,0.850000,0.250000,0,0,0,0
54600,1.000000,0.250000,0.850000,0.250000,0,0,0,0
54605,1.000000,0.250000,0.850000,0.250000,0,0,0,0
54610,1.000000,0.250000,0.850000,0.250000,0,0,0,0
54615,1.000000,0.250000,0.850000,0.250000,0,0,0,0
54620,1.000000,0.250000,0.850000,0.250000,0,0,0,0
54625,1.000000,0.250000,0.850000,0.250000,0,0,0,0
54630,1.000000,0.250000,0.850000,0.250000,0,0,0,0
54635,1.000000,0.250000,0.850000,0.250000,0,0,0,0
54640,1.000000,0.250000,0.850000,0.250000,0,0,0,0
54645,1.000000,0.250000,0.850000,0.250000,0,0,0,0
54650,1.000000,0.250000,0.850000,0.250000,0,0,0,0
54655,1.000000,0.250000,0.850000,0.250000,0,0,0,0
54660,1.000000,0.250000,0.850000,0.250000,0,0,0,0
54665,1.000000,0.250000,0.850000,0.250000,0,0,0,0
54670,1.000000,0.250000,0.850000,0.250000,0,0,0,0
54675,1.000000,0.250000,0.850000,0.250000,0,0,0,0
54680,1.000000,0.250000,0.850000,0.250000,0,0,0,0
54685,1.000000,0.250000,0.850000,0.250000,0,0,0,0
54690,1.000000,0.250000,0.850000,0.250000,0,0,0,0
54695,1.000000,0.250000,0.850000,0.250000,0,0,0,0
54700,1.000000,0.250000,0.850000,0.250000,0,0,0,0
54705,1.000000,0.250000,0.850000,0.250000,0,0,0,0
54710,1.000000,0.250000,0.850000,0.250000,0,0,0,0
54715,1.000000,0.250000,0.850000,0.250000,0,0,0,0
54720,1.000000,0.250000,0.850000,0.250000,0,0,0,0
54725,1.000000,0.250000,0.850000,0.250000,0,0,0,0
54730,1.000000,0.250000,0.850000,0.250000,0,0,0,0
54735,1.000000,0.250000,0.850000,0.250000,0,0,0,0
54740,1.000000,0.250000,0.850000,0.250000,0,0,0,0
54745,1.000000,0.250000,0.850000,0.250000,0,0,0,0
54750,1.000000,0.250000,0.850000,0.250000,0,0,0,0
54755,1.000000,0.250000,0.850000,0.250000,0,0,0,0
54760,1.000000,0.250000,0.850000,0.250000,0,0,0,0
54765,1.000000,0.250000,0.850000,0.250000,0,0,0,0
54770,1.000000,0.250000,0.850000,0.250000,0,0,0,0
54775,1.000000,0.250000,0.850000,0.250000,0,0,0,0
54780,1.000000,0.250000,0.850000,0.250000,0,0,0,0
54785,1.000000,0.250000,0.850000,0.250000,0,0,0,0
54790,1.000000,0.250000,0.850000,0.250000,0,0,0,0
54795,1.000000,0.250000,0.850000,0.250000,0,0,0,0
54800,1.000000,0.250000,0.850000,0.250000,0,0,0,0
54805,1.000000,0.250000,0.850000,0.250000,0,0,0,0
54810,1.000000,0.250000,0.850000,0.250000,0,0,0,0
54815,1.000000,0.250000,0.850000,0.250000,0,0,0,0
54820,1.000000,0.250000,0.850000,0.250000,0,0,0,0
54825,1.000000,0.250000,0.850000,0.250000,0,0,0,0
54830,1.000000,0.250000,0.850000,0.250000,0,0,0,0
54835,1.000000,0.250000,0.850000,0.250000,0,0,0,0
54840,1.000000,0.250000,0.850000,0.250000,0,0,0,0
54845,1.000000,0.250000,0.850000,0.250000,0,0,0,0
54850,1.000000,0.250000,0.850000,0.250000,0,0,0,0
54855,1.000000,0.250000,0.850000,0.250000,0,0,0,0
54860,1.000000,0.250000,0.850000,0.250000,0,0,0,0
54865,1.000000,0.250000,0.850000,0.250000,0,0,0,0
54870,1.000000,0.250000,0.850000,0.250000,0,0,0,0
54875,1.000000,0.250000,0.850000,0.250000,0,0,0,0
54880,1.000000,0.250000,0.850000,0.250000,0,0,0,0
54885,1.000000,0.250000,0.850000,0.250000,0,0,0,0
54890,1.000000,0.250000,0.850000,0.250000,0,0,0,0
54895,1.000000,0.250000,0.850000,0.250000,0,0,0,0
54900,1.000000,0.250000,0.850000,0.250000,0,0,0,0
54905,1.000000,0.250000,0.850000,0.250000,0,0,0,0
54910,1.000000,0.250000,0.850000,0.250000,0,0,0,0
54915,1.000000,0.250000,0.850000,0.250000,0,0,0,0
54920,1.000000,0.250000,0.850000,0.250000,0,0,0,0
54925,1.000000,0.250000,0.850000,0.250000,0,0,0,0
54930,1.000000,0.250000,0.850000,0.250000,0,0,0,0
54935,1.000000,0.250000,0.850000,0.250000,0,0,0,0
54940,1.000000,0.250000,0.850000,0.250000,0,0,0,0
54945,1.000000,0.250000,0.850000,0.250000,0,0,0,0
54950,1.000000,0.250000,0.850000,0.250000,0,0,0,0
54955,1.000000,0.250000,0.850000,0.250000,0,0,0,0
54960,1.000000,0.250000,0.850000,0.250000,0,0,0,0
54965,1.000000,0.250000,0.850000,0.250000,0,0,0,0
54970,1.000000,0.250000,0.850000,0.250000,0,0,0,0
54975,1.000000,0.250000,0.850000,0.250000,0,0,0,0
54980,1.000000,0.250000,0.850000,0.250000,0,0,0,0
54985,1.000000,0.250000,0.850000,0.250000,0,0,0,0
54990,1.000000,0.250000,0.850000,0.250000,0,0,0,0
54995,1.000000,0.250000,0.850000,0.250000,0,0,0,0
55000,1.000000,0.800000,0.850000,0.800000,0,0,0,0
55005,1.000000,0.800000,0.850000,0.800000,0,0,0,0
55010,1.000000,0.800000,0.850000,0.800000,0,0,0,0
55015,1.000000,0.800000,0.850000,0.800000,0,0,0,0
55020,1.000000,0.800000,0.850000,0.800000,0,0,0,0
55025,1.000000,0.800000,0.850000,0.800000,0,0,0,0
55030,1.000000,0.800000,0.850000,0.800000,0,0,0,0
55035,1.000000,0.800000,0.850000,0.800000,0,0,0,0
55040,1.000000,0.800000,0.850000,0.800000,0,0,0,0
55045,1.000000,0.800000,0.850000,0.800000,0,0,0,0
55050,1.000000,0.800000,0.850000,0.800000,0,0,0,0
55055,1.000000,0.800000,0.850000,0.800000,0,0,0,0
55060,1.000000,0.800000,0.850000,0.800000,0,0,0,0
55065,1.000000,0.800000,0.850000,0.800000,0,0,0,0
55070,1.000000,0.800000,0.850000,0.800000,0,0,0,0
55075,1.000000,0.800000,0.850000,0.800000,0,0,0,0
55080,1.000000,0.800000,0.850000,0.800000,0,0,0,0
55085,1.000000,0.800000,0.850000,0.800000,0,0,0,0
55090,1.000000,0.800000,0.850000,0.800000,0,0,0,0
55095,1.000000,0.800000,0.850000,0.800000,0,0,0,0
55100,1.000000,0.800000,0.850000,0.800000,0,0,0,0
55105,1.000000,0.800000,0.850000,0.800000,0,0,0,0
55110,1.000000,0.800000,0.850000,0.800000,0,0,0,0
55115,1.000000,0.800000,0.850000,0.800000,0,0,0,0
55120,1.000000,0.800000,0.850000,0.800000,0,0,0,0
55125,1.000000,0.800000,0.850000,0.800000,0,0,0,0
55130,1.000000,0.800000,0.850000,0.800000,0,0,0,0
55135,1.000000,0.800000,0.850000,0.800000,0,0,0,0
55140,1.000000,0.800000,0.850000,0.800000,0,0,0,0
55145,1.000000,0.800000,0.850000,0.800000,0,0,0,0
55150,1.000000,0.800000,0.850000,0.800000,0,0,0,0
55155,1.000000,0.800000,0.850000,0.800000,0,0,0,0
55160,1.000000,0.800000,0.850000,0.800000,0,0,0,0
55165,1.000000,0.800000,0.850000,0.800000,0,0,0,0
55170,1.000000,0.800000,0.850000,0.800000,0,0,0,0
55175,1.000000,0.800000,0.850000,0.800000,0,0,0,0
55180,1.000000,0.800000,0.850000,0.800000,0,0,0,0
55185,1.000000,0.800000,0.850000,0.800000,0,0,0,0
55190,1.000000,0.800000,0.850000,0.800000,0,0,0,0
55195,1.000000,0.800000,0.850000,0.800000,0,0,0,0
55200,1.000000,0.800000,0.850000,0.800000,0,0,0,0
55205,1.000000,0.800000,0.850000,0.800000,0,0,0,0
55210,1.000000,0.800000,0.850000,0.800000,0,0,0,0
55215,1.000000,0.800000,0.850000,0.800000,0,0,0,0
55220,1.000000,0.800000,0.850000,0.800000,0,0,0,0
55225,1.000000,0.800000,0.850000,0.800000,0,0,0,0
55230,1.000000,0.800000,0.850000,0.800000,0,0,0,0
55235,1.000000,0.800000,0.850000,0.800000,0,0,0,0
55240,1.000000,0.800000,0.850000,0.800000,0,0,0,0
55245,1.000000,0.800000,0.850000,0.800000,0,0,0,0
55250,1.000000,0.800000,0.850000,0.800000,0,0,0,0
55255,1.000000,0.800000,0.850000,0.800000,0,0,0,0
55260,1.000000,0.800000,0.850000,0.800000,0,0,0,0
55265,1.000000,0.800000,0.850000,0.800000,0,0,0,0
55270,1.000000,0.800000,0.850000,0.800000,0,0,0,0
55275,1.000000,0.800000,0.850000,0.800000,0,0,0,0
55280,1.000000,0.800000,0.850000,0.800000,0,0,0,0
55285,1.000000,0.800000,0.850000,0.800000,0,0,0,0
55290,1.000000,0.800000,0.850000,0.800000,0,0,0,0
55295,1.000000,0.800000,0.850000,0.800000,0,0,0,0
55300,1.000000,0.800000,0.850000,0.800000,0,0,0,0
55305,1.000000,0.800000,0.850000,0.800000,0,0,0,0
55310,1.000000,0.800000,0.850000,0.800000,0,0,0,0
55315,1.000000,0.800000,0.850000,0.800000,0,0,0,0
55320,1.000000,0.800000,0.850000,0.800000,0,0,0,0
55325,1.000000,0.800000,0.850000,0.800000,0,0,0,0
55330,1.000000,0.800000,0.850000,0.800000,0,0,0,0
55335,1.000000,0.800000,0.850000,0.800000,0,0,0,0
55340,1.000000,0.800000,0.850000,0.800000,0,0,0,0
55345,1.000000,0.800000,0.850000,0.800000,0,0,0,0
55350,1.000000,0.800000,0.850000,0.800000,0,0,0,0
55355,1.000000,0.800000,0.850000,0.800000,0,0,0,0
55360,1.000000,0.800000,0.850000,0.800000,0,0,0,0
55365,1.000000,0.800000,0.850000,0.800000,0,0,0,0
55370,1.000000,0.800000,0.850000,0.800000,0,0,0,0
55375,1.000000,0.800000,0.850000,0.800000,0,0,0,0
55380,1.000000,0.800000,0.850000,0.800000,0,0,0,0
55385,1.000000,0.800000,0.850000,0.800000,0,0,0,0
55390,1.000000,0.800000,0.850000,0.800000,0,0,0,0
55395,1.000000,0.800000,0.850000,0.800000,0,0,0,0
55400,1.000000,0.800000,0.850000,0.800000,0,0,0,0
55405,1.000000,0.800000,0.850000,0.800000,0,0,0,0
55410,1.000000,0.800000,0.850000,0.800000,0,0,0,0
55415,1.000000,0.800000,0.850000,0.800000,0,0,0,0
55420,1.000000,0.800000,0.850000,0.800000,0,0,0,0
55425,1.000000,0.800000,0.850000,0.800000,0,0,0,0
55430,1.000000,0.800000,0.850000,0.800000,0,0,0,0
55435,1.000000,0.800000,0.850000,0.800000,0,0,0,0
55440,1.000000,0.800000,0.850000,0.800000,0,0,0,0
55445,1.000000,0.800000,0.850000,0.800000,0,0,0,0
55450,1.000000,0.800000,0.850000,0.800000,0,0,0,0
55455,1.000000,0.800000,0.850000,0.800000,0,0,0,0
55460,1.000000,0.800000,0.850000,0.800000,0,0,0,0
55465,1.000000,0.800000,0.850000,0.800000,0,0,0,0
55470,1.000000,0.800000,0.850000,0.800000,0,0,0,0
55475,1.000000,0.800000,0.850000,0.800000,0,0,0,0
55480,1.000000,0.800000,0.850000,0.800000,0,0,0,0
55485,1.000000,0.800000,0.850000,0.800000,0,0,0,0
55490,1.000000,0.800000,0.850000,0.800000,0,0,0,0
55495,1.000000,0.800000,0.850000,0.800000,0,0,0,0
55500,1.000000,0.800000,0.850000,0.800000,0,0,0,0
55505,1.000000,0.800000,0.850000,0.800000,0,0,0,0
55510,1.000000,0.800000,0.850000,0.800000,0,0,0,0
55515,1.000000,0.800000,0.850000,0.800000,0,0,0,0
55520,1.000000,0.800000,0.850000,0.800000,0,0,0,0
55525,1.000000,0.800000,0.850000,0.800000,0,0,0,0
55530,1.000000,0.800000,0.850000,0.800000,0,0,0,0
55535,1.000000,0.800000,0.850000,0.800000,0,0,0,0
55540,1.000000,0.800000,0.850000,0.800000,0,0,0,0
55545,1.000000,0.800000,0.850000,0.800000,0,0,0,0
55550,1.000000,0.800000,0.850000,0.800000,0,0,0,0
55555,1.000000,0.800000,0.850000,0.800000,0,0,0,0
55560,1.000000,0.800000,0.850000,0.800000,0,0,0,0
55565,1.000000,0.800000,0.850000,0.800000,0,0,0,0
55570,1.000000,0.800000,0.850000,0.800000,0,0,0,0
55575,1.000000,0.800000,0.850000,0.800000,0,0,0,0
55580,1.000000,0.800000,0.850000,0.800000,0,0,0,0
55585,1.000000,0.800000,0.850000,0.800000,0,0,0,0
55590,1.000000,0.800000,0.850000,0.800000,0,0,0,0
55595,1.000000,0.800000,0.850000,0.800000,0,0,0,0
55600,1.000000,0.800000,0.850000,0.800000,0,0,0,0
55605,1.000000,0.800000,0.850000,0.800000,0,0,0,0
55610,1.000000,0.800000,0.850000,0.800000,0,0,0,0
55615,1.000000,0.800000,0.850000,0.800000,0,0,0,0
55620,1.000000,0.800000,0.850000,0.800000,0,0,0,0
55625,1.000000,0.800000,0.850000,0.800000,0,0,0,0
55630,1.000000,0.800000,0.850000,0.800000,0,0,0,0
55635,1.000000,0.800000,0.850000,0.800000,0,0,0,0
55640,1.000000,0.800000,0.850000,0.800000,0,0,0,0
55645,1.000000,0.800000,0.850000,0.800000,0,0,0,0
55650,1.000000,0.800000,0.850000,0.800000,0,0,0,0
55655,1.000000,0.800000,0.850000,0.800000,0,0,0,0
55660,1.000000,0.800000,0.850000,0.800000,0,0,0,0
55665,1.000000,0.800000,0.850000,0.800000,0,0,0,0
55670,1.000000,0.800000,0.850000,0.800000,0,0,0,0
55675,1.000000,0.800000,0.850000,0.800000,0,0,0,0
55680,1.000000,0.800000,0.850000,0.800000,0,0,0,0
55685,1.000000,0.800000,0.850000,0.800000,0,0,0,0
55690,1.000000,0.800000,0.850000,0.800000,0,0,0,0
55695,1.000000,0.800000,0.850000,0.800000,0,0,0,0
55700,1.000000,0.800000,0.850000,0.800000,0,0,0,0
55705,1.000000,0.800000,0.850000,0.800000,0,0,0,0
55710,1.000000,0.800000,0.850000,0.800000,0,0,0,0
55715,1.000000,0.800000,0.850000,0.800000,0,0,0,0
55720,1.000000,0.800000,0.850000,0.800000,0,0,0,0
55725,1.000000,0.800000,0.850000,0.800000,0,0,0,0
55730,1.000000,0.800000,0.850000,0.800000,0,0,0,0
55735,1.000000,0.800000,0.850000,0.800000,0,0,0,0
55740,1.000000,0.800000,0.850000,0.800000,0,0,0,0
55745,1.000000,0.800000,0.850000,0.800000,0,0,0,0
55750,1.000000,0.800000,0.850000,0.800000,0,0,0,0
55755,1.000000,0.800000,0.850000,0.800000,0,0,0,0
55760,1.000000,0.800000,0.850000,0.800000,0,0,0,0
55765,1.000000,0.800000,0.850000,0.800000,0,0,0,0
55770,1.000000,0.800000,0.850000,0.800000,0,0,0,0
55775,1.000000,0.800000,0.850000,0.800000,0,0,0,0
55780,1.000000,0.800000,0.850000,0.800000,0,0,0,0
55785,1.000000,0.800000,0.850000,0.800000,0,0,0,0
55790,1.000000,0.800000,0.850000,0.800000,0,0,0,0
55795,1.000000,0.800000,0.850000,0.800000,0,0,0,0
55800,1.000000,0.800000,0.850000,0.800000,0,0,0,0
55805,1.000000,0.800000,0.850000,0.800000,0,0,0,0
55810,1.000000,0.800000,0.850000,0.800000,0,0,0,0
55815,1.000000,0.800000,0.850000,0.800000,0,0,0,0
55820,1.000000,0.800000,0.850000,0.800000,0,0,0,0
55825,1.000000,0.800000,0.850000,0.800000,0,0,0,0
55830,1.000000,0.800000,0.850000,0.800000,0,0,0,0
55835,1.000000,0.800000,0.850000,0.800000,0,0,0,0
55840,1.000000,0.800000,0.850000,0.800000,0,0,0,0
55845,1.000000,0.800000,0.850000,0.800000,0,0,0,0
55850,1.000000,0.800000,0.850000,0.800000,0,0,0,0
55855,1.000000,0.800000,0.850000,0.800000,0,0,0,0
55860,1.000000,0.800000,0.850000,0.800000,0,0,0,0
55865,1.000000,0.800000,0.850000,0.800000,0,0,0,0
55870,1.000000,0.800000,0.850000,0.800000,0,0,0,0
55875,1.000000,0.800000,0.850000,0.800000,0,0,0,0
55880,1.000000,0.800000,0.850000,0.800000,1,0,0,0
55885,1.000000,0.800000,0.850000,0.800000,1,0,0,0
55890,1.000000,0.800000,0.850000,0.800000,1,0,0,0
55895,1.000000,0.800000,0.850000,0.800000,1,0,0,0
55900,1.000000,0.800000,0.850000,0.800000,1,0,0,0
55905,1.000000,0.800000,0.850000,0.800000,1,0,0,0
55910,1.000000,0.800000,0.850000,0.800000,1,0,0,0
55915,1.000000,0.800000,0.850000,0.800000,1,0,0,0
55920,1.000000,0.800000,0.850000,0.800000,1,0,0,0
55925,1.000000,0.800000,0.850000,0.800000,1,0,0,0
55930,1.000000,0.800000,0.850000,0.800000,1,0,0,0
55935,1.000000,0.800000,0.850000,0.800000,1,0,0,0
55940,1.000000,0.800000,0.850000,0.800000,1,0,0,0
55945,1.000000,0.800000,0.850000,0.800000,1,0,0,0
55950,1.000000,0.800000,0.850000,0.800000,1,0,0,0
55955,1.000000,0.800000,0.850000,0.800000,1,0,0,0
55960,1.000000,0.800000,0.850000,0.800000,1,0,0,0
55965,1.000000,0.800000,0.850000,0.800000,1,0,0,0
55970,1.000000,0.800000,0.850000,0.800000,1,0,0,0
55975,1.000000,0.800000,0.850000,0.800000,1,0,0,0
55980,1.000000,0.800000,0.850000,0.800000,1,0,0,0
55985,1.000000,0.800000,0.850000,0.800000,1,0,0,0
55990,1.000000,0.800000,0.850000,0.800000,1,0,0,0
55995,1.000000,0.800000,0.850000,0.800000,1,0,0,0
56000,0.550000,0.250000,0.550000,0.250000,1,0,0,0
56005,0.550000,0.250000,0.550000,0.250000,1,0,0,0
56010,0.550000,0.250000,0.550000,0.250000,1,0,0,0
56015,0.550000,0.250000,0.550000,0.250000,1,0,0,0
56020,0.550000,0.250000,0.550000,0.250000,1,0,0,0
56025,0.550000,0.250000,0.550000,0.250000,1,0,0,0
56030,0.550000,0.250000,0.550000,0.250000,1,0,0,0
56035,0.550000,0.250000,0.550000,0.250000,1,0,0,0
56040,0.550000,0.250000,0.550000,0.250000,1,0,0,0
56045,0.550000,0.250000,0.550000,0.250000,1,0,0,0
56050,0.550000,0.250000,0.550000,0.250000,1,0,0,0
56055,0.550000,0.250000,0.550000,0.250000,1,0,0,0
56060,0.550000,0.250000,0.550000,0.250000,1,0,0,0
56065,0.550000,0.250000,0.550000,0.250000,1,0,0,0
56070,0.550000,0.250000,0.550000,0.250000,1,0,0,0
56075,0.550000,0.250000,0.550000,0.250000,1,0,0,0
56080,0.550000,0.250000,0.550000,0.250000,1,0,0,0
56085,0.550000,0.250000,0.550000,0.250000,1,0,0,0
56090,0.550000,0.250000,0.550000,0.250000,1,0,0,0
56095,0.550000,0.250000,0.550000,0.250000,1,0,0,0
56100,0.550000,0.250000,0.550000,0.250000,1,0,0,0
56105,0.550000,0.250000,0.550000,0.250000,1,0,0,0
56110,0.550000,0.250000,0.550000,0.250000,1,0,0,0
56115,0.550000,0.250000,0.550000,0.250000,1,0,0,0
56120,0.550000,0.250000,0.550000,0.250000,1,0,0,0
56125,0.550000,0.250000,0.550000,0.250000,1,0,0,0
56130,0.550000,0.250000,0.550000,0.250000,1,0,0,0
56135,0.550000,0.250000,0.550000,0.250000,1,0,0,0
56140,0.550000,0.250000,0.550000,0.250000,1,0,0,0
56145,0.550000,0.250000,0.550000,0.250000,1,0,0,0
56150,0.550000,0.250000,0.550000,0.250000,1,0,0,0
56155,0.550000,0.250000,0.550000,0.250000,1,0,0,0
56160,0.550000,0.250000,0.550000,0.250000,1,0,0,0
56165,0.550000,0.250000,0.550000,0.250000,1,0,0,0
56170,0.550000,0.250000,0.550000,0.250000,1,0,0,0
56175,0.550000,0.250000,0.550000,0.250000,1,0,0,0
56180,0.550000,0.250000,0.550000,0.250000,1,0,0,0
56185,0.550000,0.250000,0.550000,0.250000,1,0,0,0
56190,0.550000,0.250000,0.550000,0.250000,1,0,0,0
56195,0.550000,0.250000,0.550000,0.250000,1,0,0,0
56200,0.550000,0.250000,0.550000,0.250000,1,0,0,0
56205,0.550000,0.250000,0.550000,0.250000,1,0,0,0
56210,0.550000,0.250000,0.550000,0.250000,1,0,0,0
56215,0.550000,0.250000,0.550000,0.250000,1,0,0,0
56220,0.550000,0.250000,0.550000,0.250000,1,0,0,0
56225,0.550000,0.250000,0.550000,0.250000,1,0,0,0
56230,0.550000,0.250000,0.550000,0.250000,1,0,0,0
56235,0.550000,0.250000,0.550000,0.250000,1,0,0,0
56240,0.550000,0.250000,0.550000,0.250000,1,0,0,0
56245,0.550000,0.250000,0.550000,0.250000,1,0,0,0
56250,0.550000,0.250000,0.550000,0.250000,1,0,0,0
56255,0.550000,0.250000,0.550000,0.250000,1,0,0,0
56260,0.550000,0.250000,0.550000,0.250000,1,0,0,0
56265,0.550000,0.250000,0.550000,0.250000,1,0,0,0
56270,0.550000,0.250000,0.550000,0.250000,1,0,0,0
56275,0.550000,0.250000,0.550000,0.250000,1,0,0,0
56280,0.550000,0.250000,0.550000,0.250000,1,0,0,0
56285,0.550000,0.250000,0.550000,0.250000,1,0,0,0
56290,0.550000,0.250000,0.550000,0.250000,1,0,0,0
56295,0.550000,0.250000,0.550000,0.250000,1,0,0,0
56300,0.550000,0.250000,0.550000,0.250000,1,0,0,0
56305,0.550000,0.250000,0.550000,0.250000,1,0,0,0
56310,0.550000,0.250000,0.550000,0.250000,1,0,0,0
56315,0.550000,0.250000,0.550000,0.250000,1,0,0,0
56320,0.550000,0.250000,0.550000,0.250000,1,0,0,0
56325,0.550000,0.250000,0.550000,0.250000,1,0,0,0
56330,0.550000,0.250000,0.550000,0.250000,1,0,0,0
56335,0.550000,0.250000,0.550000,0.250000,1,0,0,0
56340,0.550000,0.250000,0.550000,0.250000,1,0,0,0
56345,0.550000,0.250000,0.550000,0.250000,1,0,0,0
56350,0.550000,0.250000,0.550000,0.250000,1,0,0,0
56355,0.550000,0.250000,0.550000,0.250000,1,0,0,0
56360,0.550000,0.250000,0.550000,0.250000,1,0,0,0
56365,0.550000,0.250000,0.550000,0.250000,1,0,0,0
56370,0.550000,0.250000,0.550000,0.250000,1,0,0,0
56375,0.550000,0.250000,0.550000,0.250000,1,0,0,0
56380,0.550000,0.250000,0.550000,0.250000,1,0,0,0
56385,0.550000,0.250000,0.550000,0.250000,1,0,0,0
56390,0.550000,0.250000,0.550000,0.250000,1,0,0,0
56395,0.550000,0.250000,0.550000,0.250000,1,0,0,0
56400,0.550000,0.250000,0.550000,0.250000,1,0,0,0
56405,0.550000,0.250000,0.550000,0.250000,1,0,0,0
56410,0.550000,0.250000,0.550000,0.250000,1,0,0,0
56415,0.550000,0.250000,0.550000,0.250000,1,0,0,0
56420,0.550000,0.250000,0.550000,0.250000,1,0,0,0
56425,0.550000,0.250000,0.550000,0.250000,1,0,0,0
56430,0.550000,0.250000,0.550000,0.250000,1,0,0,0
56435,0.550000,0.250000,0.550000,0.250000,1,0,0,0
56440,0.550000,0.250000,0.550000,0.250000,1,0,0,0
56445,0.550000,0.250000,0.550000,0.250000,1,0,0,0
56450,0.550000,0.250000,0.550000,0.250000,1,0,0,0
56455,0.550000,0.250000,0.550000,0.250000,1,0,0,0
56460,0.550000,0.250000,0.550000,0.250000,1,0,0,0
56465,0.550000,0.250000,0.550000,0.250000,1,0,0,0
56470,0.550000,0.250000,0.550000,0.250000,1,0,0,0
56475,0.550000,0.250000,0.550000,0.250000,1,0,0,0
56480,0.550000,0.250000,0.550000,0.250000,1,0,0,0
56485,0.550000,0.250000,0.550000,0.250000,1,0,0,0
56490,0.550000,0.250000,0.550000,0.250000,1,0,0,0
56495,0.550000,0.250000,0.550000,0.250000,1,0,0,0
56500,0.550000,0.250000,0.550000,0.250000,1,0,0,0
56505,0.550000,0.250000,0.550000,0.250000,1,0,0,0
56510,0.550000,0.250000,0.550000,0.250000,1,0,0,0
56515,0.550000,0.250000,0.550000,0.250000,1,0,0,0
56520,0.550000,0.250000,0.550000,0.250000,1,0,0,0
56525,0.550000,0.250000,0.550000,0.250000,1,0,0,0
56530,0.550000,0.250000,0.550000,0.250000,1,0,0,0
56535,0.550000,0.250000,0.550000,0.250000,1,0,0,0
56540,0.550000,0.250000,0.550000,0.250000,1,0,0,0
56545,0.550000,0.250000,0.550000,0.250000,1,0,0,0
56550,0.550000,0.250000,0.550000,0.250000,1,0,0,0
56555,0.550000,0.250000,0.550000,0.250000,1,0,0,0
56560,0.550000,0.250000,0.550000,0.250000,1,0,0,0
56565,0.550000,0.250000,0.550000,0.250000,1,0,0,0
56570,0.550000,0.250000,0.550000,0.250000,1,0,0,0
56575,0.550000,0.250000,0.550000,0.250000,1,0,0,0
56580,0.550000,0.250000,0.550000,0.250000,1,0,0,0
56585,0.550000,0.250000,0.550000,0.250000,1,0,0,0
56590,0.550000,0.250000,0.550000,0.250000,1,0,0,0
56595,0.550000,0.250000,0.550000,0.250000,1,0,0,0
56600,0.550000,0.250000,0.550000,0.250000,1,0,0,0
56605,0.550000,0.250000,0.550000,0.250000,1,0,0,0
56610,0.550000,0.250000,0.550000,0.250000,1,0,0,0
56615,0.550000,0.250000,0.550000,0.250000,1,0,0,0
56620,0.550000,0.250000,0.550000,0.250000,1,0,0,0
56625,0.550000,0.250000,0.550000,0.250000,1,0,0,0
56630,0.550000,0.250000,0.550000,0.250000,1,0,0,0
56635,0.550000,0.250000,0.550000,0.250000,1,0,0,0
56640,0.550000,0.250000,0.550000,0.250000,1,0,0,0
56645,0.550000,0.250000,0.550000,0.250000,1,0,0,0
56650,0.550000,0.250000,0.550000,0.250000,1,0,0,0
56655,0.550000,0.250000,0.550000,0.250000,1,0,0,0
56660,0.550000,0.250000,0.550000,0.250000,1,0,0,0
56665,0.550000,0.250000,0.550000,0.250000,1,0,0,0
56670,0.550000,0.250000,0.550000,0.250000,1,0,0,0
56675,0.550000,0.250000,0.550000,0.250000,1,0,0,0
56680,0.550000,0.250000,0.550000,0.250000,1,0,0,0
56685,0.550000,0.250000,0.550000,0.250000,1,0,0,0
56690,0.550000,0.250000,0.550000,0.250000,1,0,0,0
56695,0.550000,0.250000,0.550000,0.250000,1,0,0,0
56700,0.550000,0.250000,0.550000,0.250000,1,0,0,0
56705,0.550000,0.250000,0.550000,0.250000,1,0,0,0
56710,0.550000,0.250000,0.550000,0.250000,1,0,0,0
56715,0.550000,0.250000,0.550000,0.250000,1,0,0,0
56720,0.550000,0.250000,0.550000,0.250000,1,0,0,0
56725,0.550000,0.250000,0.550000,0.250000,1,0,0,0
56730,0.550000,0.250000,0.550000,0.250000,1,0,0,0
56735,0.550000,0.250000,0.550000,0.250000,1,0,0,0
56740,0.550000,0.250000,0.550000,0.250000,1,0,0,0
56745,0.550000,0.250000,0.550000,0.250000,1,0,0,0
56750,0.550000,0.250000,0.550000,0.250000,1,0,0,0
56755,0.550000,0.250000,0.550000,0.250000,1,0,0,0
56760,0.550000,0.250000,0.550000,0.250000,1,0,0,0
56765,0.550000,0.250000,0.550000,0.250000,1,0,0,0
56770,0.550000,0.250000,0.550000,0.250000,1,0,0,0
56775,0.550000,0.250000,0.550000,0.250000,1,0,0,0
56780,0.550000,0.250000,0.550000,0.250000,1,0,0,0
56785,0.550000,0.250000,0.550000,0.250000,1,0,0,0
56790,0.550000,0.250000,0.550000,0.250000,1,0,0,0
56795,0.550000,0.250000,0.550000,0.250000,1,0,0,0
56800,1.000000,0.250000,0.850000,0.250000,1,0,0,0
56805,1.000000,0.250000,0.850000,0.250000,1,0,0,0
56810,1.000000,0.250000,0.850000,0.250000,1,0,0,0
56815,1.000000,0.250000,0.850000,0.250000,1,0,0,0
56820,1.000000,0.250000,0.850000,0.250000,1,0,0,0
56825,1.000000,0.250000,0.850000,0.250000,1,0,0,0
56830,1.000000,0.250000,0.850000,0.250000,1,0,0,0
56835,1.000000,0.250000,0.850000,0.250000,1,0,0,0
56840,1.000000,0.250000,0.850000,0.250000,1,0,0,0
56845,1.000000,0.250000,0.850000,0.250000,1,0,0,0
56850,1.000000,0.250000,0.850000,0.250000,1,0,0,0
56855,1.000000,0.250000,0.850000,0.250000,1,0,0,0
56860,1.000000,0.250000,0.850000,0.250000,1,0,0,0
56865,1.000000,0.250000,0.850000,0.250000,1,0,0,0
56870,1.000000,0.250000,0.850000,0.250000,1,0,0,0
56875,1.000000,0.250000,0.850000,0.250000,1,0,0,0
56880,1.000000,0.250000,0.850000,0.250000,1,0,0,0
56885,1.000000,0.250000,0.850000,0.250000,1,0,0,0
56890,1.000000,0.250000,0.850000,0.250000,1,0,0,0
56895,1.000000,0.250000,0.850000,0.250000,1,0,0,0
56900,1.000000,0.250000,0.850000,0.250000,1,0,0,0
56905,1.000000,0.250000,0.850000,0.250000,1,0,0,0
56910,1.000000,0.250000,0.850000,0.250000,1,0,0,0
56915,1.000000,0.250000,0.850000,0.250000,1,0,0,0
56920,1.000000,0.250000,0.850000,0.250000,1,0,0,0
56925,1.000000,0.250000,0.850000,0.250000,1,0,0,0
56930,1.000000,0.250000,0.850000,0.250000,1,0,0,0
56935,1.000000,0.250000,0.850000,0.250000,1,0,0,0
56940,1.000000,0.250000,0.850000,0.250000,1,0,0,0
56945,1.000000,0.250000,0.850000,0.250000,1,0,0,0
56950,1.000000,0.250000,0.850000,0.250000,1,0,0,0
56955,1.000000,0.250000,0.850000,0.250000,1,0,0,0
56960,1.000000,0.250000,0.850000,0.250000,1,0,0,0
56965,1.000000,0.250000,0.850000,0.250000,1,0,0,0
56970,1.000000,0.250000,0.850000,0.250000,1,0,0,0
56975,1.000000,0.250000,0.850000,0.250000,1,0,0,0
56980,1.000000,0.250000,0.850000,0.250000,1,0,0,0
56985,1.000000,0.250000,0.850000,0.250000,1,0,0,0
56990,1.000000,0.250000,0.850000,0.250000,1,0,0,0
56995,1.000000,0.250000,0.850000,0.250000,1,0,0,0
57000,1.000000,0.250000,0.850000,0.250000,1,0,0,0
57005,1.000000,0.250000,0.850000,0.250000,1,0,0,0
57010,1.000000,0.250000,0.850000,0.250000,1,0,0,0
57015,1.000000,0.250000,0.850000,0.250000,1,0,0,0
57020,1.000000,0.250000,0.850000,0.250000,1,0,0,0
57025,1.000000,0.250000,0.850000,0.250000,1,0,0,0
57030,1.000000,0.250000,0.850000,0.250000,1,0,0,0
57035,1.000000,0.250000,0.850000,0.250000,1,0,0,0
57040,1.000000,0.250000,0.850000,0.250000,1,0,0,0
57045,1.000000,0.250000,0.850000,0.250000,1,0,0,0
57050,1.000000,0.250000,0.850000,0.250000,1,0,0,0
57055,1.000000,0.250000,0.850000,0.250000,1,0,0,0
57060,1.000000,0.250000,0.850000,0.250000,1,0,0,0
57065,1.000000,0.250000,0.850000,0.250000,1,0,0,0
57070,1.000000,0.250000,0.850000,0.250000,1,0,0,0
57075,1.000000,0.250000,0.850000,0.250000,1,0,0,0
57080,1.000000,0.250000,0.850000,0.250000,1,0,0,0
57085,1.000000,0.250000,0.850000,0.250000,1,0,0,0
57090,1.000000,0.250000,0.850000,0.250000,1,0,0,0
57095,1.000000,0.250000,0.850000,0.250000,1,0,0,0
57100,1.000000,0.250000,0.850000,0.250000,1,0,0,0
57105,1.000000,0.250000,0.850000,0.250000,1,0,0,0
57110,1.000000,0.250000,0.850000,0.250000,1,0,0,0
57115,1.000000,0.250000,0.850000,0.250000,1,0,0,0
57120,1.000000,0.250000,0.850000,0.250000,1,0,0,0
57125,1.000000,0.250000,0.850000,0.250000,1,0,0,0
57130,1.000000,0.250000,0.850000,0.250000,1,0,0,0
57135,1.000000,0.250000,0.850000,0.250000,1,0,0,0
57140,1.000000,0.250000,0.850000,0.250000,1,0,0,0
57145,1.000000,0.250000,0.850000,0.250000,1,0,0,0
57150,1.000000,0.250000,0.850000,0.250000,1,0,0,0
57155,1.000000,0.250000,0.850000,0.250000,1,0,0,0
57160,1.000000,0.250000,0.850000,0.250000,1,0,0,0
57165,1.000000,0.250000,0.850000,0.250000,1,0,0,0
57170,1.000000,0.250000,0.850000,0.250000,1,0,0,0
57175,1.000000,0.250000,0.850000,0.250000,1,0,0,0
57180,1.000000,0.250000,0.850000,0.250000,1,0,0,0
57185,1.000000,0.250000,0.850000,0.250000,1,0,0,0
57190,1.000000,0.250000,0.850000,0.250000,1,0,0,0
57195,1.000000,0.250000,0.850000,0.250000,1,0,0,0
57200,1.000000,0.250000,0.850000,0.250000,1,0,0,0
57205,1.000000,0.250000,0.850000,0.250000,1,0,0,0
57210,1.000000,0.250000,0.850000,0.250000,1,0,0,0
57215,1.000000,0.250000,0.850000,0.250000,1,0,0,0
57220,1.000000,0.250000,0.850000,0.250000,1,0,0,0
57225,1.000000,0.250000,0.850000,0.250000,1,0,0,0
57230,1.000000,0.250000,0.850000,0.250000,1,0,0,0
57235,1.000000,0.250000,0.850000,0.250000,1,0,0,0
57240,1.000000,0.250000,0.850000,0.250000,1,0,0,0
57245,1.000000,0.250000,0.850000,0.250000,1,0,0,0
57250,1.000000,0.250000,0.850000,0.250000,1,0,0,0
57255,1.000000,0.250000,0.850000,0.250000,1,0,0,0
57260,1.000000,0.250000,0.850000,0.250000,1,0,0,0
57265,1.000000,0.250000,0.850000,0.250000,1,0,0,0
57270,1.000000,0.250000,0.850000,0.250000,1,0,0,0
57275,1.000000,0.250000,0.850000,0.250000,1,0,0,0
57280,1.000000,0.250000,0.850000,0.250000,1,0,0,0
57285,1.000000,0.250000,0.850000,0.250000,1,0,0,0
57290,1.000000,0.250000,0.850000,0.250000,1,0,0,0
57295,1.000000,0.250000,0.850000,0.250000,1,0,0,0
57300,1.000000,0.250000,0.850000,0.250000,1,0,0,0
57305,1.000000,0.250000,0.850000,0.250000,1,0,0,0
57310,1.000000,0.250000,0.850000,0.250000,1,0,0,0
57315,1.000000,0.250000,0.850000,0.250000,1,0,0,0
57320,1.000000,0.250000,0.850000,0.250000,1,0,0,0
57325,1.000000,0.250000,0.850000,0.250000,1,0,0,0
57330,1.000000,0.250000,0.850000,0.250000,1,0,0,0
57335,1.000000,0.250000,0.850000,0.250000,1,0,0,0
57340,1.000000,0.250000,0.850000,0.250000,1,0,0,0
57345,1.000000,0.250000,0.850000,0.250000,1,0,0,0
57350,1.000000,0.250000,0.850000,0.250000,1,0,0,0
57355,1.000000,0.250000,0.850000,0.250000,1,0,0,0
57360,1.000000,0.250000,0.850000,0.250000,1,0,0,0
57365,1.000000,0.250000,0.850000,0.250000,1,0,0,0
57370,1.000000,0.250000,0.850000,0.250000,1,0,0,0
57375,1.000000,0.250000,0.850000,0.250000,1,0,0,0
57380,1.000000,0.250000,0.850000,0.250000,1,0,0,0
57385,1.000000,0.250000,0.850000,0.250000,1,0,0,0
57390,1.000000,0.250000,0.850000,0.250000,1,0,0,0
57395,1.000000,0.250000,0.850000,0.250000,1,0,0,0
57400,1.000000,0.250000,0.850000,0.250000,1,0,0,0
57405,1.000000,0.250000,0.850000,0.250000,1,0,0,0
57410,1.000000,0.250000,0.850000,0.250000,1,0,0,0
57415,1.000000,0.250000,0.850000,0.250000,1,0,0,0
57420,1.000000,0.250000,0.850000,0.250000,1,0,0,0
57425,1.000000,0.250000,0.850000,0.250000,1,0,0,0
57430,1.000000,0.250000,0.850000,0.250000,1,0,0,0
57435,1.000000,0.250000,0.850000,0.250000,1,0,0,0
57440,1.000000,0.250000,0.850000,0.250000,1,0,0,0
57445,1.000000,0.250000,0.850000,0.250000,1,0,0,0
57450,1.000000,0.250000,0.850000,0.250000,1,0,0,0
57455,1.000000,0.250000,0.850000,0.250000,1,0,0,0
57460,1.000000,0.250000,0.850000,0.250000,1,0,0,0
57465,1.000000,0.250000,0.850000,0.250000,1,0,0,0
57470,1.000000,0.250000,0.850000,0.250000,1,0,0,0
57475,1.000000,0.250000,0.850000,0.250000,1,0,0,0
57480,1.000000,0.250000,0.850000,0.250000,1,0,0,0
57485,1.000000,0.250000,0.850000,0.250000,1,0,0,0
57490,1.000000,0.250000,0.850000,0.250000,1,0,0,0
57495,1.000000,0.250000,0.850000,0.250000,1,0,0,0
57500,1.000000,0.250000,0.850000,0.250000,1,0,0,0
57505,1.000000,0.250000,0.850000,0.250000,1,0,0,0
57510,1.000000,0.250000,0.850000,0.250000,1,0,0,0
57515,1.000000,0.250000,0.850000,0.250000,1,0,0,0
57520,1.000000,0.250000,0.850000,0.250000,1,0,0,0
57525,1.000000,0.250000,0.850000,0.250000,1,0,0,0
57530,1.000000,0.250000,0.850000,0.250000,1,0,0,0
57535,1.000000,0.250000,0.850000,0.250000,1,0,0,0
57540,1.000000,0.250000,0.850000,0.250000,1,0,0,0
57545,1.000000,0.250000,0.850000,0.250000,1,0,0,0
57550,1.000000,0.250000,0.850000,0.250000,1,0,0,0
57555,1.000000,0.250000,0.850000,0.250000,1,0,0,0
57560,1.000000,0.250000,0.850000,0.250000,1,0,0,0
57565,1.000000,0.250000,0.850000,0.250000,1,0,0,0
57570,1.000000,0.250000,0.850000,0.250000,1,0,0,0
57575,1.000000,0.250000,0.850000,0.250000,1,0,0,0
57580,1.000000,0.250000,0.850000,0.250000,1,0,0,0
57585,1.000000,0.250000,0.850000,0.250000,1,0,0,0
57590,1.000000,0.250000,0.850000,0.250000,1,0,0,0
57595,1.000000,0.250000,0.850000,0.250000,1,0,0,0
57600,1.000000,0.250000,0.850000,0.250000,1,0,0,0
57605,1.000000,0.250000,0.850000,0.250000,1,0,0,0
57610,1.000000,0.250000,0.850000,0.250000,1,0,0,0
57615,1.000000,0.250000,0.850000,0.250000,1,0,0,0
57620,1.000000,0.250000,0.850000,0.250000,1,0,0,0
57625,1.000000,0.250000,0.850000,0.250000,1,0,0,0
57630,1.000000,0.250000,0.850000,0.250000,1,0,0,0
57635,1.000000,0.250000,0.850000,0.250000,1,0,0,0
57640,1.000000,0.250000,0.850000,0.250000,1,0,0,0
57645,1.000000,0.250000,0.850000,0.250000,1,0,0,0
57650,1.000000,0.250000,0.850000,0.250000,1,0,0,0
57655,1.000000,0.250000,0.850000,0.250000,1,0,0,0
57660,1.000000,0.250000,0.850000,0.250000,1,0,0,0
57665,1.000000,0.250000,0.850000,0.250000,1,0,0,0
57670,1.000000,0.250000,0.850000,0.250000,1,0,0,0
57675,1.000000,0.250000,0.850000,0.250000,1,0,0,0
57680,1.000000,0.250000,0.850000,0.250000,1,0,0,0
57685,1.000000,0.250000,0.850000,0.250000,1,0,0,0
57690,1.000000,0.250000,0.850000,0.250000,1,0,0,0
57695,1.000000,0.250000,0.850000,0.250000,1,0,0,0
57700,1.000000,0.250000,0.850000,0.250000,1,0,0,0
57705,1.000000,0.250000,0.850000,0.250000,1,0,0,0
57710,1.000000,0.250000,0.850000,0.250000,1,0,0,0
57715,1.000000,0.250000,0.850000,0.250000,1,0,0,0
57720,1.000000,0.250000,0.850000,0.250000,1,0,0,0
57725,1.000000,0.250000,0.850000,0.250000,1,0,0,0
57730,1.000000,0.250000,0.850000,0.250000,1,0,0,0
57735,1.000000,0.250000,0.850000,0.250000,1,0,0,0
57740,1.000000,0.250000,0.850000,0.250000,1,0,0,0
57745,1.000000,0.250000,0.850000,0.250000,1,0,0,0
57750,1.000000,0.250000,0.850000,0.250000,1,0,0,0
57755,1.000000,0.250000,0.850000,0.250000,1,0,0,0
57760,1.000000,0.250000,0.850000,0.250000,1,0,0,0
57765,1.000000,0.250000,0.850000,0.250000,1,0,0,0
57770,1.000000,0.250000,0.850000,0.250000,1,0,0,0
57775,1.000000,0.250000,0.850000,0.250000,1,0,0,0
57780,1.000000,0.250000,0.850000,0.250000,1,0,0,0
57785,1.000000,0.250000,0.850000,0.250000,1,0,0,0
57790,1.000000,0.250000,0.850000,0.250000,1,0,0,0
57795,1.000000,0.250000,0.850000,0.250000,1,0,0,0
57800,1.000000,0.250000,0.850000,0.250000,1,0,0,0
57805,1.000000,0.250000,0.850000,0.250000,1,0,0,0
57810,1.000000,0.250000,0.850000,0.250000,1,0,0,0
57815,1.000000,0.250000,0.850000,0.250000,1,0,0,0
57820,1.000000,0.250000,0.850000,0.250000,1,0,0,0
57825,1.000000,0.250000,0.850000,0.250000,1,0,0,0
57830,1.000000,0.250000,0.850000,0.250000,1,0,0,0
57835,1.000000,0.250000,0.850000,0.250000,1,0,0,0
57840,1.000000,0.250000,0.850000,0.250000,1,0,0,0
57845,1.000000,0.250000,0.850000,0.250000,1,0,0,0
57850,1.000000,0.250000,0.850000,0.250000,1,0,0,0
57855,1.000000,0.250000,0.850000,0.250000,1,0,0,0
57860,1.000000,0.250000,0.850000,0.250000,1,0,0,0
57865,1.000000,0.250000,0.850000,0.250000,1,0,0,0
57870,1.000000,0.250000,0.850000,0.250000,1,0,0,0
57875,1.000000,0.250000,0.850000,0.250000,1,0,0,0
57880,1.000000,0.250000,0.850000,0.250000,1,0,0,0
57885,1.000000,0.250000,0.850000,0.250000,1,0,0,0
57890,1.000000,0.250000,0.850000,0.250000,1,0,0,0
57895,1.000000,0.250000,0.850000,0.250000,1,0,0,0
57900,1.000000,0.250000,0.850000,0.250000,1,0,0,0
57905,1.000000,0.250000,0.850000,0.250000,1,0,0,0
57910,1.000000,0.250000,0.850000,0.250000,1,0,0,0
57915,1.000000,0.250000,0.850000,0.250000,1,0,0,0
57920,1.000000,0.250000,0.850000,0.250000,1,0,0,0
57925,1.000000,0.250000,0.850000,0.250000,1,0,0,0
57930,1.000000,0.250000,0.850000,0.250000,1,0,0,0
57935,1.000000,0.250000,0.850000,0.250000,1,0,0,0
57940,1.000000,0.250000,0.850000,0.250000,1,0,0,0
57945,1.000000,0.250000,0.850000,0.250000,1,0,0,0
57950,1.000000,0.250000,0.850000,0.250000,1,0,0,0
57955,1.000000,0.250000,0.850000,0.250000,1,0,0,0
57960,1.000000,0.250000,0.850000,0.250000,1,0,0,0
57965,1.000000,0.250000,0.850000,0.250000,1,0,0,0
57970,1.000000,0.250000,0.850000,0.250000,1,0,0,0
57975,1.000000,0.250000,0.850000,0.250000,1,0,0,0
57980,1.000000,0.250000,0.850000,0.250000,1,0,0,0
57985,1.000000,0.250000,0.850000,0.250000,1,0,0,0
57990,1.000000,0.250000,0.850000,0.250000,1,0,0,0
57995,1.000000,0.250000,0.850000,0.250000,1,0,0,0
58000,1.000000,0.250000,0.850000,0.250000,1,0,0,0
58005,1.000000,0.250000,0.850000,0.250000,1,0,0,0
58010,1.000000,0.250000,0.850000,0.250000,1,0,0,0
58015,1.000000,0.250000,0.850000,0.250000,1,0,0,0
58020,1.000000,0.250000,0.850000,0.250000,1,0,0,0
58025,1.000000,0.250000,0.850000,0.250000,1,0,0,0
58030,1.000000,0.250000,0.850000,0.250000,1,0,0,0
58035,1.000000,0.250000,0.850000,0.250000,1,0,0,0
58040,1.000000,0.250000,0.850000,0.250000,1,0,0,0
58045,1.000000,0.250000,0.850000,0.250000,1,0,0,0
58050,1.000000,0.250000,0.850000,0.250000,1,0,0,0
58055,1.000000,0.250000,0.850000,0.250000,1,0,0,0
58060,1.000000,0.250000,0.850000,0.250000,1,0,0,0
58065,1.000000,0.250000,0.850000,0.250000,1,0,0,0
58070,1.000000,0.250000,0.850000,0.250000,1,0,0,0
58075,1.000000,0.250000,0.850000,0.250000,1,0,0,0
58080,1.000000,0.250000,0.850000,0.250000,1,0,0,0
58085,1.000000,0.250000,0.850000,0.250000,1,0,0,0
58090,1.000000,0.250000,0.850000,0.250000,1,0,0,0
58095,1.000000,0.250000,0.850000,0.250000,1,0,0,0
58100,1.000000,0.250000,0.850000,0.250000,1,0,0,0
58105,1.000000,0.250000,0.850000,0.250000,1,0,0,0
58110,1.000000,0.250000,0.850000,0.250000,1,0,0,0
58115,1.000000,0.250000,0.850000,0.250000,1,0,0,0
58120,1.000000,0.250000,0.850000,0.250000,1,0,0,0
58125,1.000000,0.250000,0.850000,0.250000,1,0,0,0
58130,1.000000,0.250000,0.850000,0.250000,1,0,0,0
58135,1.000000,0.250000,0.850000,0.250000,1,0,0,0
58140,1.000000,0.250000,0.850000,0.250000,1,0,0,0
58145,1.000000,0.250000,0.850000,0.250000,1,0,0,0
58150,1.000000,0.250000,0.850000,0.250000,1,0,0,0
58155,1.000000,0.250000,0.850000,0.250000,1,0,0,0
58160,1.000000,0.250000,0.850000,0.250000,1,0,0,0
58165,1.000000,0.250000,0.850000,0.250000,1,0,0,0
58170,1.000000,0.250000,0.850000,0.250000,1,0,0,0
58175,1.000000,0.250000,0.850000,0.250000,1,0,0,0
58180,1.000000,0.250000,0.850000,0.250000,1,0,0,0
58185,1.000000,0.250000,0.850000,0.250000,1,0,0,0
58190,1.000000,0.250000,0.850000,0.250000,1,0,0,0
58195,1.000000,0.250000,0.850000,0.250000,1,0,0,0
58200,1.000000,0.250000,0.850000,0.250000,1,0,0,0
58205,1.000000,0.250000,0.850000,0.250000,1,0,0,0
58210,1.000000,0.250000,0.850000,0.250000,1,0,0,0
58215,1.000000,0.250000,0.850000,0.250000,1,0,0,0
58220,1.000000,0.250000,0.850000,0.250000,1,0,0,0
58225,1.000000,0.250000,0.850000,0.250000,1,0,0,0
58230,1.000000,0.250000,0.850000,0.250000,1,0,0,0
58235,1.000000,0.250000,0.850000,0.250000,1,0,0,0
58240,1.000000,0.250000,0.850000,0.250000,1,0,0,0
58245,1.000000,0.250000,0.850000,0.250000,1,0,0,0
58250,1.000000,0.250000,0.850000,0.250000,1,0,0,0
58255,1.000000,0.250000,0.850000,0.250000,1,0,0,0
58260,1.000000,0.250000,0.850000,0.250000,1,0,0,0
58265,1.000000,0.250000,0.850000,0.250000,1,0,0,0
58270,1.000000,0.250000,0.850000,0.250000,1,0,0,0
58275,1.000000,0.250000,0.850000,0.250000,1,0,0,0
58280,1.000000,0.250000,0.850000,0.250000,1,0,0,0
58285,1.000000,0.250000,0.850000,0.250000,1,0,0,0
58290,1.000000,0.250000,0.850000,0.250000,1,0,0,0
58295,1.000000,0.250000,0.850000,0.250000,1,0,0,0
58300,1.000000,0.250000,0.850000,0.250000,1,0,0,0
58305,1.000000,0.250000,0.850000,0.250000,1,0,0,0
58310,1.000000,0.250000,0.850000,0.250000,1,0,0,0
58315,1.000000,0.250000,0.850000,0.250000,1,0,0,0
58320,1.000000,0.250000,0.850000,0.250000,1,0,0,0
58325,1.000000,0.250000,0.850000,0.250000,1,0,0,0
58330,1.000000,0.250000,0.850000,0.250000,1,0,0,0
58335,1.000000,0.250000,0.850000,0.250000,1,0,0,0
58340,1.000000,0.250000,0.850000,0.250000,1,0,0,0
58345,1.000000,0.250000,0.850000,0.250000,1,0,0,0
58350,1.000000,0.250000,0.850000,0.250000,1,0,0,0
58355,1.000000,0.250000,0.850000,0.250000,1,0,0,0
58360,1.000000,0.250000,0.850000,0.250000,1,0,0,0
58365,1.000000,0.250000,0.850000,0.250000,1,0,0,0
58370,1.000000,0.250000,0.850000,0.250000,1,0,0,0
58375,1.000000,0.250000,0.850000,0.250000,1,0,0,0
58380,1.000000,0.250000,0.850000,0.250000,1,0,0,0
58385,1.000000,0.250000,0.850000,0.250000,1,0,0,0
58390,1.000000,0.250000,0.850000,0.250000,1,0,0,0
58395,1.000000,0.250000,0.850000,0.250000,1,0,0,0
58400,1.000000,0.250000,0.850000,0.250000,1,0,0,0
58405,1.000000,0.250000,0.850000,0.250000,1,0,0,0
58410,1.000000,0.250000,0.850000,0.250000,1,0,0,0
58415,1.000000,0.250000,0.850000,0.250000,1,0,0,0
58420,1.000000,0.250000,0.850000,0.250000,1,0,0,0
58425,1.000000,0.250000,0.850000,0.250000,1,0,0,0
58430,1.000000,0.250000,0.850000,0.250000,1,0,0,0
58435,1.000000,0.250000,0.850000,0.250000,1,0,0,0
58440,1.000000,0.250000,0.850000,0.250000,1,0,0,0
58445,1.000000,0.250000,0.850000,0.250000,1,0,0,0
58450,1.000000,0.250000,0.850000,0.250000,1,0,0,0
58455,1.000000,0.250000,0.850000,0.250000,1,0,0,0
58460,1.000000,0.250000,0.850000,0.250000,1,0,0,0
58465,1.000000,0.250000,0.850000,0.250000,1,0,0,0
58470,1.000000,0.250000,0.850000,0.250000,1,0,0,0
58475,1.000000,0.250000,0.850000,0.250000,1,0,0,0
58480,1.000000,0.250000,0.850000,0.250000,1,0,0,0
58485,1.000000,0.250000,0.850000,0.250000,1,0,0,0
58490,1.000000,0.250000,0.850000,0.250000,1,0,0,0
58495,1.000000,0.250000,0.850000,0.250000,1,0,0,0
58500,1.000000,0.250000,0.850000,0.250000,1,0,0,0
58505,1.000000,0.250000,0.850000,0.250000,1,0,0,0
58510,1.000000,0.250000,0.850000,0.250000,1,0,0,0
58515,1.000000,0.250000,0.850000,0.250000,1,0,0,0
58520,1.000000,0.250000,0.850000,0.250000,1,0,0,0
58525,1.000000,0.250000,0.850000,0.250000,1,0,0,0
58530,1.000000,0.250000,0.850000,0.250000,1,0,0,0
58535,1.000000,0.250000,0.850000,0.250000,1,0,0,0
58540,1.000000,0.250000,0.850000,0.250000,1,0,0,0
58545,1.000000,0.250000,0.850000,0.250000,1,0,0,0
58550,1.000000,0.250000,0.850000,0.250000,1,0,0,0
58555,1.000000,0.250000,0.850000,0.250000,1,0,0,0
58560,1.000000,0.250000,0.850000,0.250000,1,0,0,0
58565,1.000000,0.250000,0.850000,0.250000,1,0,0,0
58570,1.000000,0.250000,0.850000,0.250000,1,0,0,0
58575,1.000000,0.250000,0.850000,0.250000,1,0,0,0
58580,1.000000,0.250000,0.850000,0.250000,1,0,0,0
58585,1.000000,0.250000,0.850000,0.250000,1,0,0,0
58590,1.000000,0.250000,0.850000,0.250000,1,0,0,0
58595,1.000000,0.250000,0.850000,0.250000,1,0,0,0
58600,1.000000,0.250000,0.850000,0.250000,1,0,0,0
58605,1.000000,0.250000,0.850000,0.250000,1,0,0,0
58610,1.000000,0.250000,0.850000,0.250000,1,0,0,0
58615,1.000000,0.250000,0.850000,0.250000,1,0,0,0
58620,1.000000,0.250000,0.850000,0.250000,1,0,0,0
58625,1.000000,0.250000,0.850000,0.250000,1,0,0,0
58630,1.000000,0.250000,0.850000,0.250000,1,0,0,0
58635,1.000000,0.250000,0.850000,0.250000,1,0,0,0
58640,1.000000,0.250000,0.850000,0.250000,1,0,0,0
58645,1.000000,0.250000,0.850000,0.250000,1,0,0,0
58650,1.000000,0.250000,0.850000,0.250000,1,0,0,0
58655,1.000000,0.250000,0.850000,0.250000,1,0,0,0
58660,1.000000,0.250000,0.850000,0.250000,1,0,0,0
58665,1.000000,0.250000,0.850000,0.250000,1,0,0,0
58670,1.000000,0.250000,0.850000,0.250000,1,0,0,0
58675,1.000000,0.250000,0.850000,0.250000,1,0,0,0
58680,1.000000,0.250000,0.850000,0.250000,1,0,0,0
58685,1.000000,0.250000,0.850000,0.250000,1,0,0,0
58690,1.000000,0.250000,0.850000,0.250000,1,0,0,0
58695,1.000000,0.250000,0.850000,0.250000,1,0,0,0
58700,1.000000,0.250000,0.850000,0.250000,1,0,0,0
58705,1.000000,0.250000,0.850000,0.250000,1,0,0,0
58710,1.000000,0.250000,0.850000,0.250000,1,0,0,0
58715,1.000000,0.250000,0.850000,0.250000,1,0,0,0
58720,1.000000,0.250000,0.850000,0.250000,1,0,0,0
58725,1.000000,0.250000,0.850000,0.250000,1,0,0,0
58730,1.000000,0.250000,0.850000,0.250000,1,0,0,0
58735,1.000000,0.250000,0.850000,0.250000,1,0,0,0
58740,1.000000,0.250000,0.850000,0.250000,1,0,0,0
58745,1.000000,0.250000,0.850000,0.250000,1,0,0,0
58750,1.000000,0.250000,0.850000,0.250000,1,0,0,0
58755,1.000000,0.250000,0.850000,0.250000,1,0,0,0
58760,1.000000,0.250000,0.850000,0.250000,1,0,0,0
58765,1.000000,0.250000,0.850000,0.250000,1,0,0,0
58770,1.000000,0.250000,0.850000,0.250000,1,0,0,0
58775,1.000000,0.250000,0.850000,0.250000,1,0,0,0
58780,1.000000,0.250000,0.850000,0.250000,1,0,0,0
58785,1.000000,0.250000,0.850000,0.250000,1,0,0,0
58790,1.000000,0.250000,0.850000,0.250000,1,0,0,0
58795,1.000000,0.250000,0.850000,0.250000,1,0,0,0
58800,1.000000,0.250000,0.850000,0.250000,1,0,0,0
58805,1.000000,0.250000,0.850000,0.250000,1,0,0,0
58810,1.000000,0.250000,0.850000,0.250000,1,0,0,0
58815,1.000000,0.250000,0.850000,0.250000,1,0,0,0
58820,1.000000,0.250000,0.850000,0.250000,1,0,0,0
58825,1.000000,0.250000,0.850000,0.250000,1,0,0,0
58830,1.000000,0.250000,0.850000,0.250000,1,0,0,0
58835,1.000000,0.250000,0.850000,0.250000,1,0,0,0
58840,1.000000,0.250000,0.850000,0.250000,1,0,0,0
58845,1.000000,0.250000,0.850000,0.250000,1,0,0,0
58850,1.000000,0.250000,0.850000,0.250000,1,0,0,0
58855,1.000000,0.250000,0.850000,0.250000,1,0,0,0
58860,1.000000,0.250000,0.850000,0.250000,1,0,0,0
58865,1.000000,0.250000,0.850000,0.250000,1,0,0,0
58870,1.000000,0.250000,0.850000,0.250000,1,0,0,0
58875,1.000000,0.250000,0.850000,0.250000,1,0,0,0
58880,1.000000,0.250000,0.850000,0.250000,1,0,0,0
58885,1.000000,0.250000,0.850000,0.250000,1,0,0,0
58890,1.000000,0.250000,0.850000,0.250000,1,0,0,0
58895,1.000000,0.250000,0.850000,0.250000,1,0,0,0
58900,1.000000,0.250000,0.850000,0.250000,1,0,0,0
58905,1.000000,0.250000,0.850000,0.250000,1,0,0,0
58910,1.000000,0.250000,0.850000,0.250000,1,0,0,0
58915,1.000000,0.250000,0.850000,0.250000,1,0,0,0
58920,1.000000,0.250000,0.850000,0.250000,1,0,0,0
58925,1.000000,0.250000,0.850000,0.250000,1,0,0,0
58930,1.000000,0.250000,0.850000,0.250000,1,0,0,0
58935,1.000000,0.250000,0.850000,0.250000,1,0,0,0
58940,1.000000,0.250000,0.850000,0.250000,1,0,0,0
58945,1.000000,0.250000,0.850000,0.250000,1,0,0,0
58950,1.000000,0.250000,0.850000,0.250000,1,0,0,0
58955,1.000000,0.250000,0.850000,0.250000,1,0,0,0
58960,1.000000,0.250000,0.850000,0.250000,1,0,0,0
58965,1.000000,0.250000,0.850000,0.250000,1,0,0,0
58970,1.000000,0.250000,0.850000,0.250000,1,0,0,0
58975,1.000000,0.250000,0.850000,0.250000,1,0,0,0
58980,1.000000,0.250000,0.850000,0.250000,1,0,0,0
58985,1.000000,0.250000,0.850000,0.250000,1,0,0,0
58990,1.000000,0.250000,0.850000,0.250000,1,0,0,0
58995,1.000000,0.250000,0.850000,0.250000,1,0,0,0
59000,1.000000,0.250000,0.850000,0.250000,1,0,0,0
59005,1.000000,0.250000,0.850000,0.250000,1,0,0,0
59010,1.000000,0.250000,0.850000,0.250000,1,0,0,0
59015,1.000000,0.250000,0.850000,0.250000,1,0,0,0
59020,1.000000,0.250000,0.850000,0.250000,1,0,0,0
59025,1.000000,0.250000,0.850000,0.250000,1,0,0,0
59030,1.000000,0.250000,0.850000,0.250000,1,0,0,0
59035,1.000000,0.250000,0.850000,0.250000,1,0,0,0
59040,1.000000,0.250000,0.850000,0.250000,1,0,0,0
59045,1.000000,0.250000,0.850000,0.250000,1,0,0,0
59050,1.000000,0.250000,0.850000,0.250000,1,0,0,0
59055,1.000000,0.250000,0.850000,0.250000,1,0,0,0
59060,1.000000,0.250000,0.850000,0.250000,1,0,0,0
59065,1.000000,0.250000,0.850000,0.250000,1,0,0,0
59070,1.000000,0.250000,0.850000,0.250000,1,0,0,0
59075,1.000000,0.250000,0.850000,0.250000,1,0,0,0
59080,1.000000,0.250000,0.850000,0.250000,1,0,0,0
59085,1.000000,0.250000,0.850000,0.250000,1,0,0,0
59090,1.000000,0.250000,0.850000,0.250000,1,0,0,0
59095,1.000000,0.250000,0.850000,0.250000,1,0,0,0
59100,1.000000,0.250000,0.850000,0.250000,1,0,0,0
59105,1.000000,0.250000,0.850000,0.250000,1,0,0,0
59110,1.000000,0.250000,0.850000,0.250000,1,0,0,0
59115,1.000000,0.250000,0.850000,0.250000,1,0,0,0
59120,1.000000,0.250000,0.850000,0.250000,1,0,0,0
59125,1.000000,0.250000,0.850000,0.250000,1,0,0,0
59130,1.000000,0.250000,0.850000,0.250000,1,0,0,0
59135,1.000000,0.250000,0.850000,0.250000,1,0,0,0
59140,1.000000,0.250000,0.850000,0.250000,1,0,0,0
59145,1.000000,0.250000,0.850000,0.250000,1,0,0,0
59150,1.000000,0.250000,0.850000,0.250000,1,0,0,0
59155,1.000000,0.250000,0.850000,0.250000,1,0,0,0
59160,1.000000,0.250000,0.850000,0.250000,1,0,0,0
59165,1.000000,0.250000,0.850000,0.250000,1,0,0,0
59170,1.000000,0.250000,0.850000,0.250000,1,0,0,0
59175,1.000000,0.250000,0.850000,0.250000,1,0,0,0
59180,1.000000,0.250000,0.850000,0.250000,1,0,0,0
59185,1.000000,0.250000,0.850000,0.250000,1,0,0,0
59190,1.000000,0.250000,0.850000,0.250000,1,0,0,0
59195,1.000000,0.250000,0.850000,0.250000,1,0,0,0
59200,1.000000,0.250000,0.850000,0.250000,1,0,0,0
59205,1.000000,0.250000,0.850000,0.250000,1,0,0,0
59210,1.000000,0.250000,0.850000,0.250000,1,0,0,0
59215,1.000000,0.250000,0.850000,0.250000,1,0,0,0
59220,1.000000,0.250000,0.850000,0.250000,1,0,0,0
59225,1.000000,0.250000,0.850000,0.250000,1,0,0,0
59230,1.000000,0.250000,0.850000,0.250000,1,0,0,0
59235,1.000000,0.250000,0.850000,0.250000,1,0,0,0
59240,1.000000,0.250000,0.850000,0.250000,1,0,0,0
59245,1.000000,0.250000,0.850000,0.250000,1,0,0,0
59250,1.000000,0.250000,0.850000,0.250000,1,0,0,0
59255,1.000000,0.250000,0.850000,0.250000,1,0,0,0
59260,1.000000,0.250000,0.850000,0.250000,1,0,0,0
59265,1.000000,0.250000,0.850000,0.250000,1,0,0,0
59270,1.000000,0.250000,0.850000,0.250000,1,0,0,0
59275,1.000000,0.250000,0.850000,0.250000,1,0,0,0
59280,1.000000,0.250000,0.850000,0.250000,1,0,0,0
59285,1.000000,0.250000,0.850000,0.250000,1,0,0,0
59290,1.000000,0.250000,0.850000,0.250000,1,0,0,0
59295,1.000000,0.250000,0.850000,0.250000,1,0,0,0
59300,1.000000,0.250000,0.850000,0.250000,1,0,0,0
59305,1.000000,0.250000,0.850000,0.250000,1,0,0,0
59310,1.000000,0.250000,0.850000,0.250000,1,0,0,0
59315,1.000000,0.250000,0.850000,0.250000,1,0,0,0
59320,1.000000,0.250000,0.850000,0.250000,1,0,0,0
59325,1.000000,0.250000,0.850000,0.250000,1,0,0,0
59330,1.000000,0.250000,0.850000,0.250000,1,0,0,0
59335,1.000000,0.250000,0.850000,0.250000,1,0,0,0
59340,1.000000,0.250000,0.850000,0.250000,1,0,0,0
59345,1.000000,0.250000,0.850000,0.250000,1,0,0,0
59350,1.000000,0.250000,0.850000,0.250000,1,0,0,0
59355,1.000000,0.250000,0.850000,0.250000,1,0,0,0
59360,1.000000,0.250000,0.850000,0.250000,1,0,0,0
59365,1.000000,0.250000,0.850000,0.250000,1,0,0,0
59370,1.000000,0.250000,0.850000,0.250000,1,0,0,0
59375,1.000000,0.250000,0.850000,0.250000,1,0,0,0
59380,1.000000,0.250000,0.850000,0.250000,1,0,0,0
59385,1.000000,0.250000,0.850000,0.250000,1,0,0,0
59390,1.000000,0.250000,0.850000,0.250000,1,0,0,0
59395,1.000000,0.250000,0.850000,0.250000,1,0,0,0
59400,1.000000,0.250000,0.850000,0.250000,1,0,0,0
59405,1.000000,0.250000,0.850000,0.250000,1,0,0,0
59410,1.000000,0.250000,0.850000,0.250000,1,0,0,0
59415,1.000000,0.250000,0.850000,0.250000,1,0,0,0
59420,1.000000,0.250000,0.850000,0.250000,1,0,0,0
59425,1.000000,0.250000,0.850000,0.250000,1,0,0,0
59430,1.000000,0.250000,0.850000,0.250000,1,0,0,0
59435,1.000000,0.250000,0.850000,0.250000,1,0,0,0
59440,1.000000,0.250000,0.850000,0.250000,1,0,0,0
59445,1.000000,0.250000,0.850000,0.250000,1,0,0,0
59450,1.000000,0.250000,0.850000,0.250000,1,0,0,0
59455,1.000000,0.250000,0.850000,0.250000,1,0,0,0
59460,1.000000,0.250000,0.850000,0.250000,1,0,0,0
59465,1.000000,0.250000,0.850000,0.250000,1,0,0,0
59470,1.000000,0.250000,0.850000,0.250000,1,0,0,0
59475,1.000000,0.250000,0.850000,0.250000,1,0,0,0
59480,1.000000,0.250000,0.850000,0.250000,1,0,0,0
59485,1.000000,0.250000,0.850000,0.250000,1,0,0,0
59490,1.000000,0.250000,0.850000,0.250000,1,0,0,0
59495,1.000000,0.250000,0.850000,0.250000,1,0,0,0
59500,1.000000,0.250000,0.850000,0.250000,1,0,0,0
59505,1.000000,0.250000,0.850000,0.250000,1,0,0,0
59510,1.000000,0.250000,0.850000,0.250000,1,0,0,0
59515,1.000000,0.250000,0.850000,0.250000,1,0,0,0
59520,1.000000,0.250000,0.850000,0.250000,1,0,0,0
59525,1.000000,0.250000,0.850000,0.250000,1,0,0,0
59530,1.000000,0.250000,0.850000,0.250000,1,0,0,0
59535,1.000000,0.250000,0.850000,0.250000,1,0,0,0
59540,1.000000,0.250000,0.850000,0.250000,1,0,0,0
59545,1.000000,0.250000,0.850000,0.250000,1,0,0,0
59550,1.000000,0.250000,0.850000,0.250000,1,0,0,0
59555,1.000000,0.250000,0.850000,0.250000,1,0,0,0
59560,1.000000,0.250000,0.850000,0.250000,1,0,0,0
59565,1.000000,0.250000,0.850000,0.250000,1,0,0,0
59570,1.000000,0.250000,0.850000,0.250000,1,0,0,0
59575,1.000000,0.250000,0.850000,0.250000,1,0,0,0
59580,1.000000,0.250000,0.850000,0.250000,1,0,0,0
59585,1.000000,0.250000,0.850000,0.250000,1,0,0,0
59590,1.000000,0.250000,0.850000,0.250000,1,0,0,0
59595,1.000000,0.250000,0.850000,0.250000,1,0,0,0
59600,1.000000,0.250000,0.850000,0.250000,1,0,0,0
59605,1.000000,0.250000,0.850000,0.250000,1,0,0,0
59610,1.000000,0.250000,0.850000,0.250000,1,0,0,0
59615,1.000000,0.250000,0.850000,0.250000,1,0,0,0
59620,1.000000,0.250000,0.850000,0.250000,1,0,0,0
59625,1.000000,0.250000,0.850000,0.250000,1,0,0,0
59630,1.000000,0.250000,0.850000,0.250000,1,0,0,0
59635,1.000000,0.250000,0.850000,0.250000,1,0,0,0
59640,1.000000,0.250000,0.850000,0.250000,1,0,0,0
59645,1.000000,0.250000,0.850000,0.250000,1,0,0,0
59650,1.000000,0.250000,0.850000,0.250000,1,0,0,0
59655,1.000000,0.250000,0.850000,0.250000,1,0,0,0
59660,1.000000,0.250000,0.850000,0.250000,1,0,0,0
59665,1.000000,0.250000,0.850000,0.250000,1,0,0,0
59670,1.000000,0.250000,0.850000,0.250000,1,0,0,0
59675,1.000000,0.250000,0.850000,0.250000,1,0,0,0
59680,1.000000,0.250000,0.850000,0.250000,1,0,0,0
59685,1.000000,0.250000,0.850000,0.250000,1,0,0,0
59690,1.000000,0.250000,0.850000,0.250000,1,0,0,0
59695,1.000000,0.250000,0.850000,0.250000,1,0,0,0
59700,1.000000,0.250000,0.850000,0.250000,1,0,0,0
59705,1.000000,0.250000,0.850000,0.250000,1,0,0,0
59710,1.000000,0.250000,0.850000,0.250000,1,0,0,0
59715,1.000000,0.250000,0.850000,0.250000,1,0,0,0
59720,1.000000,0.250000,0.850000,0.250000,1,0,0,0
59725,1.000000,0.250000,0.850000,0.250000,1,0,0,0
59730,1.000000,0.250000,0.850000,0.250000,1,0,0,0
59735,1.000000,0.250000,0.850000,0.250000,1,0,0,0
59740,1.000000,0.250000,0.850000,0.250000,1,0,0,0
59745,1.000000,0.250000,0.850000,0.250000,1,0,0,0
59750,1.000000,0.250000,0.850000,0.250000,1,0,0,0
59755,1.000000,0.250000,0.850000,0.250000,1,0,0,0
59760,1.000000,0.250000,0.850000,0.250000,1,0,0,0
59765,1.000000,0.250000,0.850000,0.250000,1,0,0,0
59770,1.000000,0.250000,0.850000,0.250000,1,0,0,0
59775,1.000000,0.250000,0.850000,0.250000,1,0,0,0
59780,1.000000,0.250000,0.850000,0.250000,1,0,0,0
59785,1.000000,0.250000,0.850000,0.250000,1,0,0,0
59790,1.000000,0.250000,0.850000,0.250000,1,0,0,0
59795,1.000000,0.250000,0.850000,0.250000,1,0,0,0
59800,1.000000,0.250000,0.850000,0.250000,1,0,0,0
59805,1.000000,0.250000,0.850000,0.250000,1,0,0,0
59810,1.000000,0.250000,0.850000,0.250000,1,0,0,0
59815,1.000000,0.250000,0.850000,0.250000,1,0,0,0
59820,1.000000,0.250000,0.850000,0.250000,1,0,0,0
59825,1.000000,0.250000,0.850000,0.250000,1,0,0,0
59830,1.000000,0.250000,0.850000,0.250000,1,0,0,0
59835,1.000000,0.250000,0.850000,0.250000,1,0,0,0
59840,1.000000,0.250000,0.850000,0.250000,1,0,0,0
59845,1.000000,0.250000,0.850000,0.250000,1,0,0,0
59850,1.000000,0.250000,0.850000,0.250000,1,0,0,0
59855,1.000000,0.250000,0.850000,0.250000,1,0,0,0
59860,1.000000,0.250000,0.850000,0.250000,1,0,0,0
59865,1.000000,0.250000,0.850000,0.250000,1,0,0,0
59870,1.000000,0.250000,0.850000,0.250000,1,0,0,0
59875,1.000000,0.250000,0.850000,0.250000,1,0,0,0
59880,1.000000,0.250000,0.850000,0.250000,1,0,0,0
59885,1.000000,0.250000,0.850000,0.250000,1,0,0,0
59890,1.000000,0.250000,0.850000,0.250000,1,0,0,0
59895,1.000000,0.250000,0.850000,0.250000,1,0,0,0
59900,1.000000,0.250000,0.850000,0.250000,1,0,0,0
59905,1.000000,0.250000,0.850000,0.250000,1,0,0,0
59910,1.000000,0.250000,0.850000,0.250000,1,0,0,0
59915,1.000000,0.250000,0.850000,0.250000,1,0,0,0
59920,1.000000,0.250000,0.850000,0.250000,1,0,0,0
59925,1.000000,0.250000,0.850000,0.250000,1,0,0,0
59930,1.000000,0.250000,0.850000,0.250000,1,0,0,0
59935,1.000000,0.250000,0.850000,0.250000,1,0,0,0
59940,1.000000,0.250000,0.850000,0.250000,1,0,0,0
59945,1.000000,0.250000,0.850000,0.250000,1,0,0,0
59950,1.000000,0.250000,0.850000,0.250000,1,0,0,0
59955,1.000000,0.250000,0.850000,0.250000,1,0,0,0
59960,1.000000,0.250000,0.850000,0.250000,1,0,0,0
59965,1.000000,0.250000,0.850000,0.250000,1,0,0,0
59970,1.000000,0.250000,0.850000,0.250000,1,0,0,0
59975,1.000000,0.250000,0.850000,0.250000,1,0,0,0
59980,1.000000,0.250000,0.850000,0.250000,1,0,0,0
59985,1.000000,0.250000,0.850000,0.250000,1,0,0,0
59990,1.000000,0.250000,0.850000,0.250000,1,0,0,0
59995,1.000000,0.250000,0.850000,0.250000,1,0,0,0
60000,1.000000,0.800000,0.850000,0.800000,1,0,0,0
